<?xml version='1.0' encoding='UTF-8'?>
<!DOCTYPE EmailTemplate PUBLIC "sailpoint.dtd" "sailpoint.dtd">
<EmailTemplate name="EH_Email_Create_ServiceAccount_Reminder_Notification">
  <Body>
&lt;html&gt;&lt;head&gt;
    &lt;style type="text/css"&gt; body  {  background-color:#cccccc;  } td  {  background-color:#FFFFFF;  } h1  {   font-family:"Verdana";   font-size:11pt;   text-align:center;  } p  {  font-family:"Verdana";  font-size:9pt;  } &lt;/style&gt; &lt;/head&gt; &lt;body&gt; &lt;br&gt;&lt;br&gt;&lt;br&gt; &lt;table cellspacing="0" cellpadding="20" border="0" align="center" width="500"&gt; &lt;tr&gt;&lt;td&gt;     &lt;center&gt;&lt;img src="https://identity.emblemhealth.com/identityiq/images/InfoSystemsHeaderLogo.gif"&gt;&lt;/center&gt;&lt;br&gt;   

    &lt;h1&gt;Action Required: Approval to Create $applicationName Service Account - Reminder&lt;/h1&gt;
    &lt;div&gt;
    #set($spctx=$spTools.class.forName("sailpoint.api.SailPointFactory").getMethod("getFactory", null).invoke(null, null).getCurrentContext())
    #set($serverConfig=$spctx.getObjectByName($spTools.class.forName("sailpoint.object.Configuration"), "SystemConfiguration"))
    #set($serverPath=$serverConfig.get("serverRootPath"))
    #set($url=$serverPath+"/workitem/workItem.jsf?id="+${item.id})
    #set($guideURL=$serverPath+"/doc/pdf/ServiceAccountManagement_EndUserGuide.pdf")
    #set($desc = $item.description)
		#set($user = "User")
   	#if($desc)
    	#if($desc.startsWith("InfoSec"))
    		#set($user = "InfoSec Team")
    	#else
    		#if ( $item.owner.firstname) 
    			#set($user = $item.owner.firstname)
    		#end
    	#end
    #end
 &lt;p&gt;Dear #if ( $user) $user#end,&lt;/p&gt;
&lt;p&gt;&lt;b&gt;#if ( $item.requester.firstname) $item.requester.firstname $item.requester.lastname #elseif($item.requester.displayName) $item.requester.displayName #end&lt;/b&gt; has requested the following Service Account to be created in Active Directory.&lt;/p&gt;

&lt;p&gt;&lt;b&gt;#if ( $item.description) Request Name:- &lt;/b&gt; $item.description #end &lt;/p&gt;
&lt;table border="1" align="center"&gt;
    &lt;tbody&gt;
    &lt;tr&gt;
    &lt;th style="background-color: #701556;"colspan="5"&gt;&lt;h3&gt;&lt;font color="white"&gt;Service Account Details&lt;/font&gt;&lt;/h3&gt;&lt;/th&gt;
    &lt;/tr&gt;
     &lt;tr&gt;
    &lt;td align="left" style="width:30%""&gt;&lt;p&gt;&lt;strong&gt;Account ID&lt;/strong&gt;&lt;/p&gt;&lt;/td&gt;&lt;td align="left" style="width:70%"&gt;&lt;p&gt;&amp;nbsp;#if ($serviceAccountID) $serviceAccountID #end &lt;/p&gt;&lt;/td&gt;
    &lt;/tr&gt;
    &lt;tr&gt;
    &lt;td align="left" style="width:30%"&gt;&lt;p&gt;&lt;strong&gt;Account Name&lt;/strong&gt;&lt;/p&gt;&lt;/td&gt;&lt;td align="left" style="width:70%"&gt;&lt;p&gt;&amp;nbsp;#if ($serviceAccountName) $serviceAccountName #end&lt;/p&gt;&lt;/td&gt;
    &lt;/tr&gt;
		&lt;tr&gt;
    &lt;td align="left" style="width:30%"&gt;&lt;p&gt;&lt;strong&gt;Application Name&lt;/strong&gt;&lt;/p&gt;&lt;/td&gt;&lt;td align="left" style="width:70%"&gt;&lt;p&gt;&amp;nbsp;#if ($serviceAccountAppName) $serviceAccountAppName #end&lt;/p&gt;&lt;/td&gt;
    &lt;/tr&gt;  
    &lt;tr&gt;
    &lt;td align="left" style="width:30%"&gt;&lt;p&gt;&lt;strong&gt;Asset Name&lt;/strong&gt;&lt;/p&gt;&lt;/td&gt;&lt;td align="left" style="width:70%"&gt;&lt;p&gt;&amp;nbsp;#if ($serviceAccountAssetName) $serviceAccountAssetName #end&lt;/p&gt;&lt;/td&gt;
    &lt;/tr&gt;
    &lt;tr&gt;
    &lt;td align="left" style="width:30%"&gt;&lt;p&gt;&lt;strong&gt;Owner &lt;/strong&gt;&lt;/p&gt;&lt;/td&gt;&lt;td align="left" style="width:70%"&gt;&lt;p&gt;&amp;nbsp;#if ( $serviceAccountOwner) $serviceAccountOwner #end&lt;/p&gt;&lt;/td&gt;
    &lt;/tr&gt;
    &lt;tr&gt;
    &lt;td align="left" style="width:30%"&gt;&lt;p&gt;&lt;strong&gt;Business Justification&lt;/strong&gt;&lt;/p&gt;&lt;/td&gt;&lt;td align="left" style="width:70%"&gt;&lt;p&gt;&amp;nbsp;#if ($serviceAccountDesc) $serviceAccountDesc #end&lt;/p&gt;&lt;/td&gt;
    &lt;/tr&gt;
		&lt;tr&gt;
    &lt;td align="left" style="width:30%"&gt;&lt;p&gt;&lt;strong&gt;Requested Date&lt;/strong&gt;&lt;/p&gt;&lt;/td&gt;&lt;td align="left" style="width:70%"&gt;&lt;p&gt;&amp;nbsp;#if ( $item.created)  $spTools.formatDate($item.created,3,3) #end&lt;/p&gt;&lt;/td&gt;
    &lt;/tr&gt;
    &lt;/tbody&gt;
    &lt;/table&gt;
&lt;p&gt;Please navigate to &lt;a href="$url" style="color:#52247F;"&gt;EmblemHealth IDM System&lt;/a&gt; and take necessary actions by Approving or Rejecting the request.&lt;/p&gt;
&lt;p&gt;Note: This request will be auto-rejected on $expirationDate.&lt;/p&gt;
&lt;p&gt;Please refer the &lt;a href="$guideURL" style="color:#52247F;"&gt;End User Guide&lt;/a&gt;, to walk you through the above process in details. Please drop an email to EHCTSIAM@emblemhealth.com should you have any query or need clarification.&lt;/p&gt;
&lt;p&gt;This is an auto-generated mail. Please do not reply on this mail.&lt;/p&gt;


&lt;p&gt;Regards,&lt;/p&gt;
&lt;p&gt;EH Identity Administrator&lt;/p&gt;
    
	&lt;/div&gt;
 &lt;/body&gt;
&lt;/html&gt;
    
    
    
    </Body>
  <Description>
      Email Template for notifying to the manager for the approval of Service Account has been created in AD
      
    </Description>
  <Signature>
    <Inputs>
      <Argument name="item" type="WorkItem">
        <Description>The WorkItem representing the review.</Description>
      </Argument>
      <Argument name="serviceAccountName" type="string">
        <Description>Name of the Service Account.</Description>
      </Argument>
      <Argument name="serviceAccountID" type="string">
        <Description>ID of the Service Account.</Description>
      </Argument>
      <Argument name="serviceAccountDesc" type="string">
        <Description>Description of the Service Account.</Description>
      </Argument>
      <Argument name="serviceAccountOwner" type="string">
        <Description>Owner of the Service Account.</Description>
      </Argument>
      <Argument name="expirationDate" type="string">
        <Description>Expiration Date of the workitem.</Description>
      </Argument>
      <Argument name="serviceAccountAppName" type="string">
        <Description>Application Name of the Service Account.</Description>
      </Argument>
      <Argument name="applicationName" type="string">
        <Description>Application Name of the Service Account.</Description>
      </Argument>
      <Argument name="serviceAccountAssetName" type="string">
        <Description>Asset Name of the Service Account.</Description>
      </Argument>
    </Inputs>
  </Signature>
  <Subject>Action Required: Approval to Create $applicationName Service Account - Reminder</Subject>
</EmailTemplate>