<?xml version='1.0' encoding='UTF-8'?>
<!DOCTYPE EmailTemplate PUBLIC "sailpoint.dtd" "sailpoint.dtd">
<EmailTemplate cc="Arjun.Sengupta@cognizant.com,EHCTSIAM@emblemhealth.com,EB_Lopez@EmblemHealth.com,A_Kaluskar@emblemhealth.com,RI_Ranjan@emblemhealth.com,R_Mahalingam@emblemhealth.com,Randall.Dulin@cognizant.com" name="EH_Email_EHPMO_Reminder_Temporary">
  <Body>
    &lt;html xmlns="http://www.w3.org/1999/xhtml"&gt;
    &lt;head&gt;
    &lt;style&gt;
    Body {
    font-family: "Tahoma", "Arial", "Helvetica", sans-serif;
    background-color:#F0E68C;
    }
    table {
    border-collapse:collapse;
    width:60%
    }
    td {
    font-size:12pt;
    border:1px #0000FF solid;
    padding:5px 5px 5px 5px;
    }
    th {
    font-size:14pt;
    text-align:left;
    padding-top:5px;
    padding-bottom:4px;
    background-color:#0000FF;
    color:#FFFFFF;
    }
    name tr{
    color:#000000;
    background-color:#0000FF;
    }
    &lt;/style&gt;
    &lt;/head&gt;&lt;body&gt;
    &lt;h2&gt;Process Report for users&lt;/h2&gt;
    &lt;table&gt;
    &lt;colgroup&gt;&lt;col&gt;&lt;col&gt;&lt;col&gt;&lt;/colgroup&gt;
    &lt;tr&gt;&lt;th&gt;Name&lt;/th&gt;&lt;th&gt;samaccountname&lt;/th&gt;&lt;th&gt;AccountExpirationDate&lt;/th&gt;&lt;th&gt;Tower&lt;/th&gt;&lt;/tr&gt;
    #if ( ${identityMapList} )
    #foreach ($link in $identityMapList)
    &lt;tr&gt;
    &lt;td style="width:30%"&gt;&amp;nbsp;$link.getAttribute("displayName")&lt;/td&gt;&lt;td&gt;&amp;nbsp;$link.getAttribute("sAMAccountName")&lt;/td&gt;&lt;td&gt;&amp;nbsp;$link.getAttribute("accountExpires")&lt;/td&gt;&lt;td&gt;&amp;nbsp;#if($link.getAttribute("department"))$link.getAttribute("department")#end&lt;/td&gt;
    &lt;/tr&gt;
    #end
    #end
    &lt;/table&gt;
    &lt;h6&gt; report run $date&lt;/h6&gt;
    &lt;/body&gt;&lt;/html&gt;
  </Body>
  <Description>
    Cognizant Associate reminder email 
  </Description>
  <Signature>
    <Inputs>
      <Argument name="Approver" type="string"/>
      <Argument name="identityMapList" type="list"/>
      <Argument name="date" type="string"/>
    </Inputs>
  </Signature>
  <Subject>Disable notification for temporary users,below users will be deprovisoined today</Subject>
</EmailTemplate>