<?xml version='1.0' encoding='UTF-8'?>
<!DOCTYPE EmailTemplate PUBLIC "sailpoint.dtd" "sailpoint.dtd">
<EmailTemplate bcc="a_sengupta@emblemhealth.com,s_chowdhury@emblemhealth.com,d_banerjee@emblemhealth.com,pr_dutta@emblemhealth.com,EHIDMTeam@emblemhealth.com" name="EH_Email_SCCD_Onboarding_Notification">
  <Body>

    &lt;html&gt;
    &lt;head&gt;
    &lt;meta http-equiv="Content-Type" content="text/html; charset=utf-8"&gt;
    &lt;/head&gt;
    &lt;body&gt;

    #MAXIMO_EMAIL_BEGIN&lt;br&gt;
    LSNRACTION=CREATE&lt;br&gt;
    ;&lt;br&gt;
    LSNRAPPLIESTO=SR&lt;br&gt;
    ;&lt;br&gt;
    TICKETID=&amp;AUTOKEY&amp;&lt;br&gt;
    ;&lt;br&gt;
    CLASS=SR&lt;br&gt;
    ;&lt;br&gt;
    DESCRIPTION=NEW HIRE($networkid) &lt;br&gt;
    ;&lt;br&gt;
    DESCRIPTION_LONGDESCRIPTION=NEW HIRE($networkid) &lt;br&gt;
    ;&lt;br&gt;
    CLASSSTRUCTUREID=EH7302&lt;br&gt;
    ;&lt;br&gt;
    AFFECTEDPERSON=$affectedPerson&lt;br&gt;
    ;&lt;br&gt;
    EXTERNALSYSTEM=SAILPOINT&lt;br&gt;
    ;&lt;br&gt;
    LOCATION=$officename&lt;br&gt;
    ;&lt;br&gt;
    EHUSERID=$EHUSERID&lt;br&gt;
    ;&lt;br&gt;
    EHEMAIL=$email&lt;br&gt;
    ;&lt;br&gt;
    #MAXIMO_EMAIL_END&lt;br&gt;

    &lt;br&gt;

    &lt;/body&gt;
    &lt;/html&gt;

  </Body>
  <Description>
    Email Template for notifying to SCCD for on-boarding ticket creation. 

  </Description>
  <Signature>
    <Inputs>
      <Argument name="$networkid" type="string">
        <Description>Network id of the user.</Description>
      </Argument>
      <Argument name="$officename" type="string">
        <Description>office location of the user.</Description>
      </Argument>
      <Argument name="$subject" type="string">
        <Description>office location of the user.</Description>
      </Argument>
      <Argument name="$subject" type="string">
        <Description>Subject of the mail.</Description>
      </Argument>
      <Argument name="$affectedPerson" type="string">
        <Description>Affected Person</Description>
      </Argument>
      <Argument name="$email" type="string">
        <Description>Email</Description>
      </Argument>
      <Argument name="$EHUSERID" type="string">
        <Description>EHUSERID</Description>
      </Argument>
    </Inputs>
  </Signature>
  <Subject>$subject</Subject>
</EmailTemplate>