<?xml version='1.0' encoding='UTF-8'?>
<!DOCTYPE EmailTemplate PUBLIC "sailpoint.dtd" "sailpoint.dtd">
<EmailTemplate name="EH_Email_Provisioning_Failure_Notification">
  <Body>
    &lt;html&gt;
    &lt;head&gt;
   &lt;style type="text/css"&gt; body  {  background-color:#cccccc;  } td  {  background-color:#FFFFFF;  } h1  {   font-family:"Verdana";   font-size:11pt;   text-align:center;  } p  {  font-family:"Verdana";  font-size:9pt;  } &lt;/style&gt;&lt;/head&gt; &lt;body&gt; &lt;br&gt;&lt;br&gt;&lt;br&gt; &lt;table cellspacing="0" cellpadding="20" border="0" align="center" width="500"&gt; &lt;tr&gt;&lt;td&gt;     &lt;center&gt;&lt;img src="https://identity.emblemhealth.com/identityiq/images/InfoSystemsHeaderLogo.gif"&gt;&lt;/center&gt;&lt;br&gt;   
&lt;h1&gt;$taskname Request Provisioning Failure Notification&lt;/h1&gt;
   
		&lt;div&gt;
 &lt;p&gt;Dear Infosec Team,&lt;/p&gt;
&lt;p&gt;The &lt;b&gt;$taskname&lt;/b&gt; operation requested by &lt;b&gt;$feedname&lt;/b&gt; has been failed for below mentioned service accounts.&lt;/p&gt;
    #if ( ${serviceAccountDetails} )
    &lt;table border="1" align="center"&gt;
    &lt;tbody&gt;
    &lt;tr&gt;
    &lt;th style="background-color: #701556;"colspan="5"&gt;&lt;h3&gt;&lt;font color="white"&gt;Service Account Details&lt;/font&gt;&lt;/h3&gt;&lt;/th&gt;
    &lt;/tr&gt;
    &lt;tr&gt;
    &lt;td align="left" style="width:30%""&gt;&lt;p&gt;&lt;strong&gt;Access Request ID&lt;/strong&gt;&lt;/p&gt;&lt;/td&gt;&lt;td align="left" style="width:70%"&gt;&lt;p&gt;&amp;nbsp;#if ( $serviceAccountDetails.get("AccessRequestID")) $serviceAccountDetails.get("AccessRequestID") #end &lt;/p&gt;&lt;/td&gt;
    &lt;/tr&gt;
    &lt;tr&gt;
    &lt;td align="left" style="width:30%""&gt;&lt;p&gt;&lt;strong&gt;Account ID&lt;/strong&gt;&lt;/p&gt;&lt;/td&gt;&lt;td align="left" style="width:70%"&gt;&lt;p&gt;&amp;nbsp;#if ( $serviceAccountDetails.get("AccountID")) $serviceAccountDetails.get("AccountID") #end &lt;/p&gt;&lt;/td&gt;
    &lt;/tr&gt;
    &lt;tr&gt;
    &lt;td align="left" style="width:30%"&gt;&lt;p&gt;&lt;strong&gt;Account Name&lt;/strong&gt;&lt;/p&gt;&lt;/td&gt;&lt;td align="left" style="width:70%"&gt;&lt;p&gt;&amp;nbsp;#if ( $serviceAccountDetails.get("AccountName"))  $serviceAccountDetails.get("AccountName") #end&lt;/p&gt;&lt;/td&gt;
    &lt;/tr&gt;
		&lt;tr&gt;
    &lt;td align="left" style="width:30%"&gt;&lt;p&gt;&lt;strong&gt;Application Name&lt;/strong&gt;&lt;/p&gt;&lt;/td&gt;&lt;td align="left" style="width:70%"&gt;&lt;p&gt;&amp;nbsp;#if ( $serviceAccountDetails.get("ApplicationName")) $serviceAccountDetails.get("ApplicationName") #end&lt;/p&gt;&lt;/td&gt;
    &lt;/tr&gt;
    &lt;tr&gt;
    &lt;td align="left" style="width:30%"&gt;&lt;p&gt;&lt;strong&gt;Asset Name&lt;/strong&gt;&lt;/p&gt;&lt;/td&gt;&lt;td align="left" style="width:70%"&gt;&lt;p&gt;&amp;nbsp;#if ( $serviceAccountDetails.get("AssetName")) $serviceAccountDetails.get("AssetName") #end&lt;/p&gt;&lt;/td&gt;
    &lt;/tr&gt;
    &lt;tr&gt;
    &lt;td align="left" style="width:30%"&gt;&lt;p&gt;&lt;strong&gt;Owner &lt;/strong&gt;&lt;/p&gt;&lt;/td&gt;&lt;td align="left" style="width:70%"&gt;&lt;p&gt;&amp;nbsp;#if ( $serviceAccountDetails.get("Owner")) $serviceAccountDetails.get("Owner") #end&lt;/p&gt;&lt;/td&gt;
    &lt;/tr&gt;
    &lt;tr&gt;
    &lt;td align="left" style="width:30%"&gt;&lt;p&gt;&lt;strong&gt;Business Justification&lt;/strong&gt;&lt;/p&gt;&lt;/td&gt;&lt;td align="left" style="width:70%"&gt;&lt;p&gt;&amp;nbsp; #if ( $serviceAccountDetails.get("Description")) $serviceAccountDetails.get("Description") #end&lt;/p&gt;&lt;/td&gt;
    &lt;/tr&gt;
    &lt;/tbody&gt;
    &lt;/table&gt;
    #end
    #if ($failureMap)
    &lt;table border="1"&gt;
    &lt;tbody&gt;
    &lt;tr&gt;
    &lt;th style="background-color: #701556;"colspan="5"&gt;&lt;h3&gt;&lt;font color="white"&gt;Service Account Details&lt;/font&gt;&lt;/h3&gt;&lt;/th&gt;
    &lt;/tr&gt;
    &lt;tr&gt;
    &lt;td align="center"&gt;&lt;p&gt;&lt;strong&gt;Account ID&lt;/strong&gt;&lt;/p&gt;&lt;/td&gt;&lt;td align="center"&gt;&lt;p&gt;&lt;strong&gt;Owner&lt;/strong&gt;&lt;/p&gt;&lt;/td&gt;&lt;td align="center"&gt;&lt;p&gt;&lt;strong&gt;Description&lt;/strong&gt;&lt;/p&gt;&lt;/td&gt;&lt;td align="center"&gt;&lt;p&gt;&lt;strong&gt;Access Request ID&lt;/strong&gt;&lt;/p&gt;&lt;/td&gt;
    &lt;/tr&gt;
   	#foreach($link in $failureMap.keySet())
    &lt;tr&gt;
    &lt;td&gt;&lt;p&gt;&amp;nbsp;$link.displayName&lt;/p&gt;&lt;/td&gt;&lt;td&gt;&lt;p&gt;&amp;nbsp;$failureMap.get($link)&lt;/p&gt;&lt;/td&gt;&lt;td&gt;&lt;p&gt;&amp;nbsp;#if ($link.getAttribute("description")) $link.getAttribute("description") #end&lt;/p&gt;&lt;/td&gt;&lt;td&gt;&lt;p&gt;&amp;nbsp;#if($identityRequestId) $identityRequestId.get($link.displayName) #end&lt;/p&gt;&lt;/td&gt;
    &lt;/tr&gt;
		#end
    &lt;/tbody&gt;
    &lt;/table&gt; 
    #end 
    #if($provisioningError)
    &lt;p&gt;Error Message: &lt;/p&gt;
    	#foreach($error in $provisioningError)
    		&lt;p&gt;$error&lt;/p&gt;
    	#end
    #end
&lt;p&gt;Please drop an email to EHCTSIAM@emblemhealth.com should you have any query or need clarification.&lt;/p&gt;
&lt;p&gt;This is an auto-generated mail. Please do not reply on this mail.&lt;/p&gt;
&lt;p&gt;Regards,&lt;/p&gt;
&lt;p&gt;EH Identity Administrator&lt;/p&gt;    
	&lt;/div&gt;
 &lt;/body&gt;
&lt;/html&gt;
</Body>
  <Description>
      Email Template for notifying failed provisioning to infosec team.    
    </Description>
  <Signature>
    <Inputs>
      <Argument name="failureMap" type="map">
        <Description>Name of the Service account.</Description>
      </Argument>
      <Argument name="serviceAccountDetails" type="Map">
        <Description>Name of the Service account.</Description>
      </Argument>
      <Argument name="taskname" type="string">
        <Description>The taskname which has failed.</Description>
      </Argument>
      <Argument name="feedname" type="string">
        <Description>The feed file name.</Description>
      </Argument>
      <Argument name="identityRequestId" type="map">
        <Description>identity request id.</Description>
      </Argument>
      <Argument name="provisioningError" type="List">
        <Description>Provisioning Error.</Description>
      </Argument>
    </Inputs>
  </Signature>
  <Subject>$taskname Request Provisioning Failure Notification</Subject>
</EmailTemplate>