<?xml version='1.0' encoding='UTF-8'?>
<!DOCTYPE EmailTemplate PUBLIC "sailpoint.dtd" "sailpoint.dtd">
<EmailTemplate name="EH_Email_Create_ServiceAccount_InfoSec_Forward_WI_Notification">
  <Body>

&lt;html&gt;&lt;head&gt;
    &lt;style type="text/css"&gt; body  {  background-color:#cccccc;  } td  {  background-color:#FFFFFF;  } h1  {   font-family:"Verdana";   font-size:11pt;   text-align:center;  } p  {  font-family:"Verdana";  font-size:9pt;  } &lt;/style&gt; &lt;/head&gt; &lt;body&gt; &lt;br&gt;&lt;br&gt;&lt;br&gt; &lt;table cellspacing="0" cellpadding="20" border="0" align="center" width="500"&gt; &lt;tr&gt;&lt;td&gt;     &lt;center&gt;&lt;img src="https://identity.emblemhealth.com/identityiq/images/InfoSystemsHeaderLogo.gif"&gt;&lt;/center&gt;&lt;br&gt;   

    &lt;h1&gt;Action Required: Forward Manager Approval to Create AD Service Account Request&lt;/h1&gt;
    &lt;div&gt;
    #set($spctx=$spTools.class.forName("sailpoint.api.SailPointFactory").getMethod("getFactory", null).invoke(null, null).getCurrentContext())
    #set($serverConfig=$spctx.getObjectByName($spTools.class.forName("sailpoint.object.Configuration"), "SystemConfiguration"))
    #set($serverPath=$serverConfig.get("serverRootPath"))
    #set($url=$serverPath+"/workitem/workItem.jsf?id="+${item.id})
    #set($Integer = 0)
		#set($accessReqNumber = $Integer.valueOf($item.name))
 &lt;p&gt;Dear InfoSec Team,&lt;/p&gt;
&lt;p&gt;&lt;b&gt;#if ( $item.requester.firstname) $item.requester.firstname $item.requester.lastname #elseif($item.requester.displayName) $item.requester.displayName #end&lt;/b&gt; has requested the following Service Account to be created in AD.&lt;/p&gt;
&lt;p&gt;As the manager for &lt;b&gt;#if ( $item.requester.firstname) $item.requester.firstname $item.requester.lastname #elseif($item.requester.displayName) $item.requester.displayName #end&lt;/b&gt; is terminated in IDM, please find the respective manager to forward the below request in IDM.&lt;/p&gt; 
    &lt;table border="1" align="center"&gt;
    &lt;tbody&gt;
    &lt;tr&gt;
    &lt;th style="background-color: #701556;"colspan="5"&gt;&lt;h3&gt;&lt;font color="white"&gt;Service Account Request Details &lt;/font&gt;&lt;/h3&gt;&lt;/th&gt;
    &lt;/tr&gt;
    &lt;tr&gt;
    &lt;td align="left" style="width:30%""&gt;&lt;p&gt;&lt;strong&gt;Request ID&lt;/strong&gt;&lt;/p&gt;&lt;/td&gt;&lt;td align="left" style="width:70%"&gt;&lt;p&gt;&amp;nbsp;#if ( $accessReqNumber)  $accessReqNumber #end &lt;/p&gt;&lt;/td&gt;
    &lt;/tr&gt;
    &lt;tr&gt;
    &lt;td align="left" style="width:30%"&gt;&lt;p&gt;&lt;strong&gt;Request Name&lt;/strong&gt;&lt;/p&gt;&lt;/td&gt;&lt;td align="left" style="width:70%"&gt;&lt;p&gt;&amp;nbsp;#if ( $item.description)  $item.description #end&lt;/p&gt;&lt;/td&gt;
    &lt;/tr&gt;
		&lt;tr&gt;
    &lt;td align="left" style="width:30%"&gt;&lt;p&gt;&lt;strong&gt;Requested Date&lt;/strong&gt;&lt;/p&gt;&lt;/td&gt;&lt;td align="left" style="width:70%"&gt;&lt;p&gt;&amp;nbsp;#if ( $item.created)  $spTools.formatDate($item.created,3,3) #end&lt;/p&gt;&lt;/td&gt;
    &lt;/tr&gt;
    &lt;/tbody&gt;
    &lt;/table&gt;
&lt;p&gt;Please login to IDM and navigate to the link &lt;b&gt;My Work -&gt; Work Items&lt;/b&gt; and &lt;b&gt;Right Click on Request Name -&gt; Forward&lt;/b&gt; to forward the request. This request will be auto rejected, if no action is taken within 5 days of requested date.&lt;/p&gt; 
&lt;p&gt;Please drop an email to EHCTSIAM@emblemhealth.com should you have any query or need clarification.&lt;/p&gt;
&lt;p&gt;This is an auto-generated mail. Please do not reply on this mail.&lt;/p&gt;
&lt;p&gt;Regards,&lt;/p&gt;
&lt;p&gt;EH Identity Administrator&lt;/p&gt;
    
	&lt;/div&gt;
 &lt;/body&gt;
&lt;/html&gt;
    
    
    
    </Body>
  <Description>
      Email Template for notifying to the manager for the approval of Service Account has been created in AD
      
    </Description>
  <Signature>
    <Inputs>
      <Argument name="item" type="WorkItem">
        <Description>The WorkItem representing the review.</Description>
      </Argument>
      <Argument name="serviceAccountName" type="string">
        <Description>Name of the Service Account.</Description>
      </Argument>
      <Argument name="serviceAccountID" type="string">
        <Description>ID of the Service Account.</Description>
      </Argument>
      <Argument name="serviceAccountDesc" type="string">
        <Description>Description of the Service Account.</Description>
      </Argument>
      <Argument name="serviceAccountOwner" type="string">
        <Description>Owner of the Service Account.</Description>
      </Argument>
    </Inputs>
  </Signature>
  <Subject>Action Required: Forward Manager Approval to Create AD Service Account Request</Subject>
</EmailTemplate>