<?xml version='1.0' encoding='UTF-8'?>
<!DOCTYPE EmailTemplate PUBLIC "sailpoint.dtd" "sailpoint.dtd">
<EmailTemplate name="EH_Email_Certification_Sign_Off_Approval">
  <Body>
    &lt;html&gt;&lt;head&gt;
    &lt;style type="text/css"&gt; body  {  background-color:#cccccc;  } td  {  background-color:#FFFFFF;  } h1  {   font-family:"Verdana";   font-size:11pt;   text-align:center;  } p  {  font-family:"Verdana";  font-size:9pt;  } &lt;/style&gt; &lt;/head&gt; &lt;body&gt; &lt;br&gt;&lt;br&gt;&lt;br&gt; &lt;table cellspacing="0" cellpadding="20" border="0" align="center" width="500"&gt; &lt;tr&gt;&lt;td&gt;     &lt;center&gt;&lt;img src="https://identity.emblemhealth.com/identityiq/images/InfoSystemsHeaderLogo.gif"&gt;&lt;/center&gt;&lt;br&gt;   

    &lt;h1&gt;Action Required: Please complete $certification.name recertification&lt;/h1&gt;
    &lt;div&gt;
    &lt;p&gt;





    #set($spctx=$spTools.class.forName("sailpoint.api.SailPointFactory").getMethod("getFactory", null).invoke(null, null).getCurrentContext())
    #set($identity=$spctx.getObjectByName($spTools.class.forName("sailpoint.object.Identity"), $certification.certifiers.get(0)))

    #set($approverName=" " + $!{identity.firstname})



    #set($url="https://identity.emblemhealth.com/identityiq/manage/certification/certifications.jsf")

    &lt;p&gt;The recertification $certification.name is assigned to you.&lt;/p&gt;
    &lt;p&gt;As an Application owner or Manager, it is your responsibility to ensure that current role in the system is appropriate for the role/job duties performed. We are requesting that you complete the recertification to either Approve or Revoke access for the users.&lt;/p&gt;


    &lt;p&gt;Please navigate to &lt;a href=${url} style="color:#52247F"&gt;EmblemHealth IDM System &lt;/a&gt; and take necessary actions by Approving or Revoking the accounts. Ensure to finalize your decision by clicking Sign Off after taking all decisions.&lt;/p&gt;

    &lt;p&gt;Note: Please refer the &lt;a href="https://identity.emblemhealth.com/identityiq/doc/pdf/Application_Certification_EndUserGuide.pdf" style="color:#52247F;"&gt;End User Guide&lt;/a&gt;, to walk you through the above processes in details. Please drop an email to EHCTSIAM@emblemhealth.com should you have any query or need clarification.&lt;/p&gt;

    &lt;p&gt;&lt;i&gt;This is an auto-generated mail. Please do not reply on this mail.&lt;/i&gt;&lt;/p&gt;
    &lt;p&gt;Thank you,&lt;br&gt;
    INFOSEC Team&lt;/p&gt;
    &lt;/p&gt;
    &lt;/div&gt;
    &lt;/body&gt;
    &lt;/html&gt;
  </Body>
  <Description>
    Email Template for notifying users when a certification is signed and sent to them
    for approval.

    This supports the following parameters:
    - certification: The sailpoint.object.Certification object that was signed.
    - certifier:     The sailpoint.object.Identity that signed the certification.
    - approver:      The sailpoint.object.Identity that needs to approve the
    certification.  This is the recipient of this email.
  </Description>
  <Signature>
    <Inputs>
      <Argument name="certification" type="Certification">
        <Description>The Certification object containing the delegated item.</Description>
      </Argument>
      <Argument name="workItem" type="WorkItem">
        <Description>The WorkItem object for the certification approval.</Description>
      </Argument>
      <Argument name="certifier" type="Identity">
        <Description>The Identity object for the user that finished the certification.</Description>
      </Argument>
      <Argument name="approver" type="Identity">
        <Description>The Identity object that is the owner of the work item.</Description>
      </Argument>
    </Inputs>
  </Signature>
  <Subject>$certification.name requires approval</Subject>
</EmailTemplate>