<?xml version='1.0' encoding='UTF-8'?>
<!DOCTYPE EmailTemplate PUBLIC "sailpoint.dtd" "sailpoint.dtd">
<EmailTemplate name="EH_Email_SOX_Remediation_Work_Item">
  <Body>
    &lt;html&gt;&lt;head&gt;
    &lt;style type="text/css"&gt; body  {  background-color:#cccccc;  } td  {  background-color:#FFFFFF;  } h1  {   font-family:"Verdana";   font-size:11pt;   text-align:center;  } p  {  font-family:"Verdana";  font-size:9pt;  } &lt;/style&gt; &lt;/head&gt; &lt;body&gt; &lt;br&gt;&lt;br&gt;&lt;br&gt; &lt;table cellspacing="0" cellpadding="20" border="0" align="center" width="500"&gt; &lt;tr&gt;&lt;td&gt;     &lt;center&gt;&lt;img src="https://identity.emblemhealth.com/identityiq/images/InfoSystemsHeaderLogo.gif"&gt;&lt;/center&gt;&lt;br&gt;   

    &lt;h1&gt;Action Required: Please complete $workItemName &lt;/h1&gt;
    &lt;div&gt;
    &lt;p&gt;

    &lt;p&gt;As an Application owner a workitem $workItemName is assigned to you. Please remove the access from the application and complete the workitem.&lt;/p&gt;
    &lt;p&gt;Please navigate to &lt;a href="https://identity.emblemhealth.com/identityiq/manage/workItems/workItems.jsf?" style="color:#52247F"&gt;EmblemHealth IDM System &lt;/a&gt; to complete the workitem.&lt;/p&gt;
    &lt;p&gt;Note: Please refer the &lt;a href="https://identity.emblemhealth.com/identityiq/doc/pdf/Application_Certification_EndUserGuide.pdf" style="color:#52247F;"&gt;End User Guide&lt;/a&gt;, to walk you through the above processes in details. Please drop an email to EHCTSIAM@emblemhealth.com should you have any query or need clarification.&lt;/p&gt;

    &lt;p&gt;&lt;i&gt;This is an auto-generated mail. Please do not reply on this mail.&lt;/i&gt;&lt;/p&gt;
    &lt;p&gt;Thank you,&lt;br&gt;
    INFOSEC Team&lt;/p&gt;
    &lt;/p&gt;
    &lt;/div&gt;
    &lt;/body&gt;
    &lt;/html&gt;
  </Body>
  <Description>
    Email Template for notifying work item owners of new remediation requests.
  </Description>
  <Signature>
    <Inputs>
      <Argument name="workItemName" type="string">
        <Description>The name (also the description) of the remediation work item.</Description>
      </Argument>
      <Argument name="workItem" type="WorkItem">
        <Description>The WorkItem object representing the remediation.</Description>
      </Argument>
      <Argument name="requesterName" type="string">
        <Description>The display name of the Identity that requested the remediation.</Description>
      </Argument>
      <Argument name="comments" type="string">
        <Description>The Identity object that is the owner of the work item.</Description>
      </Argument>
    </Inputs>
  </Signature>
  <Subject>Action Required: Please complete $workItemName</Subject>
</EmailTemplate>