<?xml version='1.0' encoding='UTF-8'?>
<!DOCTYPE EmailTemplate PUBLIC "sailpoint.dtd" "sailpoint.dtd">
<EmailTemplate name="EH_Email_Custom_Work_Item_Forward">
  <Body>  
  &lt;html&gt;&lt;head&gt;
    &lt;style type="text/css"&gt; body  {  background-color:#cccccc;  } td  {  background-color:#FFFFFF;  } h1  {   font-family:"Verdana";   font-size:11pt;   text-align:center;  } p  {  font-family:"Verdana";  font-size:9pt;  } &lt;/style&gt; &lt;/head&gt; &lt;body&gt; &lt;br&gt;&lt;br&gt;&lt;br&gt; &lt;table cellspacing="0" cellpadding="20" border="0" align="center" width="500"&gt; &lt;tr&gt;&lt;td&gt;     &lt;center&gt;&lt;img src="https://identity.emblemhealth.com/identityiq/images/InfoSystemsHeaderLogo.gif"&gt;&lt;/center&gt;&lt;br&gt;   

    &lt;h1&gt;Action Required: Forwarded work item "$workItemName"&lt;/h1&gt;
    &lt;div&gt;
    #set($spctx=$spTools.class.forName("sailpoint.api.SailPointFactory").getMethod("getFactory", null).invoke(null, null).getCurrentContext())
    #set($serverConfig=$spctx.getObjectByName($spTools.class.forName("sailpoint.object.Configuration"), "SystemConfiguration"))
    #set($serverPath=$serverConfig.get("serverRootPath"))
    #set($url=$serverPath+"/workitem/workItem.jsf?id="+${workItem.id})
   	#set($previousUser = $previousOwner) 
    	#if($previousOwner.startsWith("EH_IDM_ADMIN"))
    		#set($previousUser = "InfoSec Team")    	
    	#end 
    #set($newUser = $newOwner) 
    	#if($newOwner.startsWith("EH_IDM_ADMIN"))
    		#set($newUser = "InfoSec Team")    	
    	#end
    #set($newRequester = $requester) 
    	#if($requester.startsWith("EH_IDM_ADMIN"))
    		#set($newRequester = "InfoSec Team")    	
    	#end
 &lt;p&gt;Dear $newUser,&lt;/p&gt;
&lt;p&gt;$newRequester forwarded work item &lt;b&gt;"$workItemName"&lt;/b&gt; from &lt;b&gt;$previousUser&lt;/b&gt; to &lt;b&gt;$newUser&lt;/b&gt; on $spTools.formatDate($forwardDate,3,1)&lt;/p&gt;
&lt;p&gt;#if($commentText) &lt;b&gt;Comments:&lt;/b&gt; $commentText.#end&lt;/p&gt;
&lt;p&gt;Please navigate to &lt;a href="$url" style="color:#52247F;"&gt;EmblemHealth IDM System&lt;/a&gt; to take necessary action on it.&lt;/p&gt; 
&lt;p&gt;Please drop an email to EHCTSIAM@emblemhealth.com should you have any query or need clarification.&lt;/p&gt; 
&lt;p&gt;This is an auto-generated mail. Please do not reply on this mail.&lt;/p&gt;
&lt;p&gt;Regards,&lt;/p&gt;
&lt;p&gt;EH Identity Administrator&lt;/p&gt;
    
	&lt;/div&gt;
 &lt;/body&gt;
&lt;/html&gt;
  </Body>
  <Description>
      Email Template for notifying the requester/new owner of a work item
      that it has been forwarded.
    </Description>
  <Signature>
    <Inputs>
      <Argument name="workItem" type="WorkItem">
        <Description>The WorkItem object being forwarded.</Description>
      </Argument>
      <Argument name="workItemName" type="string">
        <Description>The name (also the description) of the WorkItem on which a comment was added.</Description>
      </Argument>
      <Argument name="previousOwner" type="string">
        <Description>The display name of the Identity that was the previous owner of the work item.</Description>
      </Argument>
      <Argument name="newOwner" type="string">
        <Description>The display name of the Identity that is the new owner of the work item.</Description>
      </Argument>
      <Argument name="requester" type="string">
        <Description>The display name of the Identity that requested the forwarding.</Description>
      </Argument>
      <Argument name="forwardDate" type="date">
        <Description>The date the forwarding was requested, represented as a java.util.Date object.</Description>
      </Argument>
      <Argument name="commentText" type="string">
        <Description>Comments about the forwarding.</Description>
      </Argument>
    </Inputs>
  </Signature>
  <Subject>Action Required: Work item "$workItemName" forwarded</Subject>
</EmailTemplate>