<?xml version='1.0' encoding='UTF-8'?>
<!DOCTYPE EmailTemplate PUBLIC "sailpoint.dtd" "sailpoint.dtd">
<EmailTemplate name="EH_Email_Create_ServiceAccount_Owner_Success_Notification">
  <Body>

&lt;html&gt;&lt;head&gt;
    &lt;style type="text/css"&gt; body  {  background-color:#cccccc;  } td  {  background-color:#FFFFFF;  } h1  {   font-family:"Verdana";   font-size:11pt;   text-align:center;  } p  {  font-family:"Verdana";  font-size:9pt;  } &lt;/style&gt; &lt;/head&gt; &lt;body&gt; &lt;br&gt;&lt;br&gt;&lt;br&gt; &lt;table cellspacing="0" cellpadding="20" border="0" align="center" width="500"&gt; &lt;tr&gt;&lt;td&gt;     &lt;center&gt;&lt;img src="https://identity.emblemhealth.com/identityiq/images/InfoSystemsHeaderLogo.gif"&gt;&lt;/center&gt;&lt;br&gt;   

    &lt;h1&gt;Service Account created in $applicationName - $serviceAccountID&lt;/h1&gt;
    &lt;div&gt;
 &lt;p&gt;Dear $ownerFirstName,&lt;/p&gt;
&lt;p&gt;The following Service Account is successfully created in Active Directory.&lt;/p&gt;
&lt;table border="1" align="center"&gt;
    &lt;tbody&gt;
    &lt;tr&gt;
    &lt;th style="background-color: #701556;"colspan="5"&gt;&lt;h3&gt;&lt;font color="white"&gt;Service Account Details&lt;/font&gt;&lt;/h3&gt;&lt;/th&gt;
    &lt;/tr&gt;
    &lt;tr&gt;
    &lt;td align="left" style="width:30%""&gt;&lt;p&gt;&lt;strong&gt;Account ID&lt;/strong&gt;&lt;/p&gt;&lt;/td&gt;&lt;td align="left" style="width:70%"&gt;&lt;p&gt;&amp;nbsp;#if ( $serviceAccountID) $serviceAccountID #end &lt;/p&gt;&lt;/td&gt;
    &lt;/tr&gt;
    &lt;tr&gt;
    &lt;td align="left" style="width:30%"&gt;&lt;p&gt;&lt;strong&gt;Owner &lt;/strong&gt;&lt;/p&gt;&lt;/td&gt;&lt;td align="left" style="width:70%"&gt;&lt;p&gt;&amp;nbsp;#if ( $serviceAccountOwner) $serviceAccountOwner #end&lt;/p&gt;&lt;/td&gt;
    &lt;/tr&gt;
    &lt;tr&gt;
    &lt;td align="left" style="width:30%"&gt;&lt;p&gt;&lt;strong&gt;Description&lt;/strong&gt;&lt;/p&gt;&lt;/td&gt;&lt;td align="left" style="width:70%"&gt;&lt;p&gt;&amp;nbsp;#if ( $serviceAccountDesc) $serviceAccountDesc #end&lt;/p&gt;&lt;/td&gt;
    &lt;/tr&gt;

    &lt;/tbody&gt;
    &lt;/table&gt;
&lt;p&gt;The password for the Service Account will be intimated in the separate email.&lt;/p&gt;
&lt;p&gt;Please raise SR for any additional group access that is required for the Service Account.&lt;/p&gt;
&lt;p&gt;Please drop an email to EHCTSIAM@emblemhealth.com should you have any query or need clarification.&lt;/p&gt;
&lt;p&gt;This is an auto-generated mail. Please do not reply on this mail.&lt;/p&gt;
&lt;p&gt;Regards,&lt;/p&gt;
&lt;p&gt;EH Identity Administrator&lt;/p&gt;
    
	&lt;/div&gt;
 &lt;/body&gt;
&lt;/html&gt;
    
    
    
    </Body>
  <Description>
      Email Template for notifying to the owner that an Service Account has been created in AD
      
    </Description>
  <Signature>
    <Inputs>
      <Argument name="item" type="WorkItem">
        <Description>The WorkItem representing the review.</Description>
      </Argument>
      <Argument name="serviceAccountName" type="string">
        <Description>Name of the Service Account.</Description>
      </Argument>
      <Argument name="serviceAccountID" type="string">
        <Description>ID of the Service Account.</Description>
      </Argument>
      <Argument name="serviceAccountPwd" type="string">
        <Description>Password of the Service Account.</Description>
      </Argument>
      <Argument name="ownerFirstName" type="string">
        <Description>First Name of the Service Account Owner.</Description>
      </Argument>
      <Argument name="ownerLastName" type="string">
        <Description>Last Name of the Service Account Owner.</Description>
      </Argument>
      <Argument name="serviceAccountDesc" type="string">
        <Description>Description of the Service Account.</Description>
      </Argument>
      <Argument name="applicationName" type="string">
        <Description>Application Name of the Service Account.</Description>
      </Argument>
    </Inputs>
  </Signature>
  <Subject>Service Account created in AD - $serviceAccountID</Subject>
</EmailTemplate>