<?xml version='1.0' encoding='UTF-8'?>
<!DOCTYPE EmailTemplate PUBLIC "sailpoint.dtd" "sailpoint.dtd">
<EmailTemplate bcc="a_sengupta@emblemhealth.com,s_roy2@emblemhealth.com,g_kaur@emblemhealth.com,s_chowdhury@emblemhealth.com,d_banerjee@emblemhealth.com,B_Kundu@emblemhealth.com,a_de@emblemhealth.com,M_Dhar@emblemhealth.com,EHIDMTeam@emblemhealth.com" name="EH_Email_Vendor_Certification_Reminder">
  <Body>
    &lt;html&gt;&lt;head&gt;
    &lt;style type="text/css"&gt; body  {  background-color:#cccccc;  } td  {  background-color:#FFFFFF;  } h1  {   font-family:"Verdana";   font-size:11pt;   text-align:center;  } p  {  font-family:"Verdana";  font-size:9pt;  } &lt;/style&gt; &lt;/head&gt; &lt;body&gt; &lt;br&gt;&lt;br&gt;&lt;br&gt; &lt;table cellspacing="0" cellpadding="20" border="0" align="center" width="500"&gt; &lt;tr&gt;&lt;td&gt;     &lt;center&gt;&lt;img src="https://identity.emblemhealth.com/identityiq/images/InfoSystemsHeaderLogo.gif"&gt;&lt;/center&gt;&lt;br&gt;   

    &lt;h1&gt;Action Required: Please complete Vendor Access Re-certification - Reminder&lt;/h1&gt;
    &lt;div&gt;
    &lt;p&gt;
    #set($spctx=$spTools.class.forName("sailpoint.api.SailPointFactory").getMethod("getFactory", null).invoke(null, null).getCurrentContext())
    #set($identity=$spctx.getObjectByName($spTools.class.forName("sailpoint.object.Identity"), $certification.certifiers.get(0)))
    #set($serverConfig=$spctx.getObjectByName($spTools.class.forName("sailpoint.object.Configuration"), "SystemConfiguration"))
    #set($serverPath=$serverConfig.serverRootPath)
    &lt;p&gt;Hi $!{identity.firstname},&lt;/p&gt;

    #set($a = $nowDate.getTime() - $created.getTime())   
    #set($b = $a/1000/60/60/24)
    #set($c=$created.getTime())
    #set($d=16*1000*24*60*60)
    #set($e=$c+$d)
   

    &lt;div&gt;
    &lt;p&gt;This is to remind you that the item for Vendor Access Re-certification created on $spTools.formatDate($created,"MM/dd/yyyy") is pending for your review.&lt;/p&gt;

    &lt;p&gt;As a manager, it is your responsibility to re-certify the external users who still needs access beyond their expiration date.&lt;/p&gt;
    &lt;p&gt;We are requesting that you complete the recertification by $spTools.formatDate($expiration,"MM/dd/yyyy") to either approve or revoke access for the users.&lt;/p&gt;

    &lt;p&gt;Please navigate to &lt;a href="https://identity.emblemhealth.com/identityiq/manage/certification/entityList.jsf?certificationId=$certification.id" style="color:#52247F"&gt;EmblemHealth IDM System&lt;/a&gt; and take necessary actions by Approving or Revoking the accounts. Ensure to finalize your decision by clicking &lt;b&gt;Sign Off&lt;/b&gt; after taking all decisions. Once Approved, the accounts will be extended for 90 days.&lt;/p&gt;
    
    &lt;p&gt;If you want to terminate the user immediately, please reach out to the Vendor Relationship Manager&lt;/p&gt;
    
    &lt;p&gt;Note: Failure to take any action on this, will result to termination of the accounts in this re-certification procedure&lt;/p&gt;

    &lt;p&gt;&lt;i&gt;Please refer the &lt;a href="https://identity.emblemhealth.com/identityiq/doc/pdf/Vendor_Recertification.pdf" style="color:#52247F;"&gt;End User Guide&lt;/a&gt;, to walk you through the above process in details. Please drop an email to EHCTSIAM@emblemhealth.com should you have any query or need clarification.&lt;/i&gt;&lt;/p&gt;
    
    &lt;p&gt;&lt;i&gt;This is an auto-generated mail. Please do not reply on this mail.&lt;/i&gt;&lt;/p&gt;


    &lt;p&gt;Thank you,&lt;/p&gt;
    &lt;p&gt;INFOSEC Team&lt;/p&gt;
    &lt;/div&gt;
    &lt;/body&gt;
    &lt;/html&gt;
  </Body>
  <Description>
    Email Template for reminding work item owners that their work
    items are overdue.
    NOTE: In addition to the declared arguments, all entries 
    from the work item attributes map are also available by name in the template.
  </Description>
  <Signature>
    <Inputs>
      <Argument name="workItem" type="WorkItem">
        <Description>The WorkItem object.</Description>
      </Argument>
      <Argument name="workItemName" type="string">
        <Description>The name of the WorkItem.</Description>
      </Argument>
      <Argument name="certification" type="Certification">
        <Description>The Certification object.</Description>
      </Argument>
      <Argument name="certificationName" type="string">
        <Description>The name of the Certification.</Description>
      </Argument>
      <Argument name="ownerName" type="string">
        <Description>The name of the Identity that owns the work item.</Description>
      </Argument>
      <Argument name="requester" type="Identity">
        <Description>The identity object that represents the creator of the work item.</Description>
      </Argument>
      <Argument name="ordinalNumReminders" type="string">
        <Description>The number of this reminder, starting from 1.  Passed as a String.</Description>
      </Argument>
      <Argument name="remindersRemaining" type="string">
        <Description>The number of reminders remaining after this one.  Passed as a String.</Description>
      </Argument>
      <Argument name="oldDueDate" type="date">
        <Description>The former due date, passed as a java.util.Date.</Description>
      </Argument>
      <Argument name="newDueDate" type="date">
        <Description>The new due date, passed as a java.util.Date.</Description>
      </Argument>
      <Argument name="nowDate" type="date">
        <Description>The current date, passed as a java.util.Date.</Description>
      </Argument>
      <Argument name="created" type="date">
        <Description>The date the work item was created, passed as a java.util.Date.</Description>
      </Argument>
      <Argument name="expiration" type="date">
        <Description>The optional date the work item completely expires, passed as a java.util.Date.</Description>
      </Argument>
    </Inputs>
  </Signature>
  <Subject>Action Required: Please complete Vendor Access Re-certification - Reminder</Subject>
</EmailTemplate>