<?xml version='1.0' encoding='UTF-8'?>
<!DOCTYPE EmailTemplate PUBLIC "sailpoint.dtd" "sailpoint.dtd">
<EmailTemplate name="EH_Email_ServiceAccount_Certification">
  <Body>
    &lt;html&gt;
    &lt;head&gt;
    &lt;style type="text/css"&gt; body  {  background-color:#cccccc;  } td  {  background-color:#FFFFFF;  } h1  {   font-family:"Verdana";   font-size:11pt;   text-align:center;  } p  {  font-family:"Verdana";  font-size:9pt;  } &lt;/style&gt; &lt;/head&gt; &lt;body&gt; &lt;br&gt;&lt;br&gt;&lt;br&gt; &lt;table cellspacing="0" cellpadding="20" border="0" align="center" width="500"&gt; &lt;tr&gt;&lt;td&gt;     &lt;center&gt;&lt;img src="https://identity.emblemhealth.com/identityiq/images/InfoSystemsHeaderLogo.gif"&gt;&lt;/center&gt;&lt;br&gt;   

    &lt;h1&gt;Action Required: Please complete Service Account Access Re-certification&lt;/h1&gt;
    &lt;div&gt;
    &lt;p&gt;
    #set($cal=$spTools.class.forName("java.util.Calendar").getMethod("getInstance", null).invoke(null, null))
    #set($today=$cal.getTime())
    $cal.setTime($certification.created)
    $cal.add(5,30)
    #set($endDate=$cal.getTime())
    #set($spctx=$spTools.class.forName("sailpoint.api.SailPointFactory").getMethod("getFactory", null).invoke(null, null).getCurrentContext())
    #set($identity=$spctx.getObjectByName($spTools.class.forName("sailpoint.object.Identity"), $certification.certifiers.get(0)))
    #set($serverConfig=$spctx.getObjectByName($spTools.class.forName("sailpoint.object.Configuration"), "SystemConfiguration"))
    #set($serverPath=$serverConfig.serverRootPath)
    &lt;p&gt;Hi ${identity.firstname},&lt;/p&gt;

    &lt;p&gt;As a Service Account owner, it is your responsibility to re-certify the accounts which still needs access.&lt;/p&gt;
    &lt;p&gt;We are requesting that you complete the recertification by $spTools.formatDate($endDate,"MM/dd/yyyy") to either approve or revoke access for the accounts.&lt;/p&gt;

    &lt;p&gt;Please navigate to &lt;a href="https://identity.emblemhealth.com/identityiq/manage/certification/entityList.jsf?certificationId=$certification.id" style="color:#52247F"&gt;EmblemHealth IDM System&lt;/a&gt; and take necessary actions by Approving or Revoking the accounts. Ensure to finalize your decision by clicking &lt;b&gt;Sign Off&lt;/b&gt; after taking all decisions. &lt;/p&gt;
    
    &lt;p&gt;If Approved, the accounts will be remain active.&lt;/p&gt;
	
		&lt;p&gt;If Revoked, the accounts will be disabled.&lt;/p&gt;

    &lt;p&gt;&lt;i&gt;Please drop an email to EHCTSIAM@emblemhealth.com should you have any query or need clarification.&lt;/i&gt;&lt;/p&gt;
    
    &lt;p&gt;&lt;i&gt;This is an auto-generated mail. Please do not reply on this mail.&lt;/i&gt;&lt;/p&gt;

    &lt;p&gt;Thank you,&lt;/p&gt;
    &lt;p&gt;INFOSEC Team&lt;/p&gt;
    &lt;/div&gt;
    &lt;/body&gt;
    &lt;/html&gt;
  </Body>
  <Description>
    Email Template for notifying a user when they have been reassigned identities
    from an existing certification.
  </Description>
  <Signature>
    <Inputs>
      <Argument name="certificationName" type="string">
        <Description>The name of the Certification containing the items to reassign.</Description>
      </Argument>
      <Argument name="certification" type="Certification">
        <Description>The Certification object containing the items to reassign.</Description>
      </Argument>
      <Argument name="owner" type="Identity">
        <Description>The Identity object receiving the reassignment request.</Description>
      </Argument>
      <Argument name="comments" type="string">
        <Description>Comments from the reassigner.</Description>
      </Argument>
      <Argument name="description" type="string">
        <Description>Description of the reassignment.</Description>
      </Argument>
      <Argument name="numNewIdentities" type="string">
        <Description>Number of identities reassigned, passed as a string.</Description>
      </Argument>
      <Argument name="requesterName" type="string">
        <Description>The display name of the Identity that requested the reassignment.</Description>
      </Argument>
    </Inputs>
  </Signature>
  <Subject>Action Required: Please complete Service Account Access Re-certification</Subject>
</EmailTemplate>