<?xml version='1.0' encoding='UTF-8'?>
<!DOCTYPE EmailTemplate PUBLIC "sailpoint.dtd" "sailpoint.dtd">
<EmailTemplate cc="EHCTSIAM@emblemhealth.com" name="EH_Email_VendorReminder_Notification">
  <Body>
    &lt;html&gt;&lt;head&gt;
&lt;style type="text/css"&gt; body  {  background-color:#cccccc;  } td  {  background-color:#FFFFFF;  } h1  {   font-family:"Verdana";   font-size:11pt;   text-align:center;  } p  {  font-family:"Verdana";  font-size:9pt;  } &lt;/style&gt; &lt;/head&gt; &lt;body&gt; &lt;br&gt;&lt;br&gt;&lt;br&gt; &lt;table cellspacing="0" cellpadding="20" border="0" align="center" width="500"&gt; &lt;tr&gt;&lt;td&gt;     &lt;center&gt;&lt;img src="$serverPath/images/InfoSystemsHeaderLogo.gif"&gt;&lt;/center&gt;&lt;br&gt;   	

	&lt;h1&gt;Expiring External Vendor User Account(s)&lt;/h1&gt;   
   
	&lt;p&gt;&lt;/p&gt;

	&lt;p&gt;As a resource manager, it is your responsibility to extend the expiration date of any external users who still needs access beyond their expiration date. The users listed below will be expiring soon.&lt;/p&gt;

	&lt;p&gt;You can extend the expiration date of an external account for up to a maximum of 90 days using the "Update Vendor" feature available in &lt;a href=$serverPath&gt;Identity Management System&lt;/a&gt;. &lt;/p&gt;

    &lt;p&gt;If this user no longer needs access, please use the "Immediate Termination" feature available in &lt;a href=$serverPath&gt;Identity Management System&lt;/a&gt;. &lt;/p&gt;

	&lt;table border="1"&gt;
    &lt;tbody&gt;
    &lt;tr&gt;
    &lt;th style="background-color: #701556;"colspan="5"&gt;&lt;h1&gt;&lt;font color="white"&gt;Vendor Details&lt;/font&gt;&lt;/h1&gt;&lt;/th&gt;
    &lt;/tr&gt;
    &lt;tr&gt;
    &lt;td&gt;&lt;p&gt;&lt;strong&gt;Vendor Name&lt;/strong&gt;&lt;/p&gt;&lt;/td&gt;&lt;td width="20px"&gt;&lt;p&gt;&lt;strong&gt;Company&lt;/strong&gt;&lt;/p&gt;&lt;/td&gt;&lt;td&gt;&lt;p&gt;&lt;strong&gt;End Date&lt;/strong&gt;&lt;/p&gt;&lt;/td&gt;&lt;td&gt;&lt;p&gt;&lt;strong&gt;Network ID&lt;/strong&gt;&lt;/p&gt;&lt;/td&gt;&lt;td&gt;&lt;p&gt;&lt;strong&gt;Email&lt;/strong&gt;&lt;/p&gt;&lt;/td&gt;
    &lt;/tr&gt;
	#if ( ${identityMapList} )
    #foreach ($identity in $identityMapList)
    &lt;tr&gt;
    &lt;td style="width:30%"&gt;&lt;p&gt;&amp;nbsp;$identity.getDisplayName()&lt;/p&gt;&lt;/td&gt;&lt;td&gt;&lt;p&gt;&amp;nbsp;$identity.getAttribute("company")&lt;/p&gt;&lt;/td&gt;&lt;td&gt;&lt;p&gt;&amp;nbsp;$identity.getAttribute("enddate")&lt;/p&gt;&lt;/td&gt;&lt;td&gt;&lt;p&gt;&amp;nbsp;$identity.getAttribute("networkID")&lt;/p&gt;&lt;/td&gt;&lt;td&gt;&lt;p&gt;&amp;nbsp;#if($identity.getAttribute("email"))$identity.getAttribute("email")#end &lt;/p&gt;&lt;/td&gt;
    &lt;/tr&gt;
	#end
    #end
    &lt;/tbody&gt;
    &lt;/table&gt;
	      &lt;p&gt;&lt;b&gt;Questions?&lt;br&gt;&lt;/b&gt; If you have any questions, please contact the support desk at &lt;b&gt;x34100&lt;/b&gt; or &lt;b&gt;x34357&lt;/b&gt;&lt;/p&gt;	       &lt;p&gt;&lt;b&gt;Why am I receiving this email?&lt;/b&gt;&lt;br&gt; You are receiving this message because you are listed as the hiring manager or Vendor Relationship Manager for the consultant listed above.  If this is not correct, please contact the support desk immediately to get this corrected. &lt;/p&gt;     &lt;/td&gt;     &lt;/tr&gt; &lt;/table&gt; &lt;/body&gt; &lt;/html&gt;
  </Body>
  <Description>
   Vendor termination reminder email within 30 days
  </Description>
  <Signature>
    <Inputs>
      <Argument name="Approver" type="string"/>
      <Argument name="identityMapList" type="list"/>
      <Argument name="serverPath" type="string"/>
    </Inputs>
  </Signature>
  <Subject>Expiring External Vendor User(s) Reminder</Subject>
</EmailTemplate>