<?xml version='1.0' encoding='UTF-8'?>
<!DOCTYPE EmailTemplate PUBLIC "sailpoint.dtd" "sailpoint.dtd">
<EmailTemplate name="EH_Email_Existing_Fail_Notification">
  <Body>

&lt;html&gt;
&lt;head&gt;
&lt;meta http-equiv="Content-Type" content="text/html; charset=utf-8"&gt;
&lt;/head&gt;
&lt;body&gt;
    &lt;div style="width: 655px; background-color: #fff; font-family: Verdana, Geneva, sans-serif; color: #000; font-size: 12px"&gt;
		&lt;div&gt;
 &lt;p&gt;&lt;b&gt;  Dear InfoSec Team,  &lt;/b&gt;&lt;/p&gt;
&lt;p&gt;An aggregation task $taskname has been failed while loading identities into EH Identity Manager from feed file $feedname. Please go through system generated log files for more details.&lt;/p&gt;

&lt;p&gt;This is an auto-generated mail. Please do not reply on this mail, for any queries contact support desk.&lt;/p&gt;&lt;br&gt;&lt;br/&gt;&lt;br&gt;&lt;br/&gt;

&lt;p&gt;Regards,&lt;/p&gt;&lt;br&gt;&lt;br/&gt;
EH Identity Administrator
    


		&lt;/div&gt;
	&lt;/div&gt;
 &lt;/body&gt;
&lt;/html&gt;
    
    
    
    </Body>
  <Description>
     Email Template for notifying to IDM Administrator that some task has failed.
      
    </Description>
  <Signature>
    <Inputs>
      <Argument name="$taskname" type="string">
        <Description>The taskname which has failed.</Description>
      </Argument>
      <Argument name="$feedname" type="string">
        <Description>The feed file name.</Description>
      </Argument>
    </Inputs>
  </Signature>
  <Subject>Existing Identity Synchronization Failure</Subject>
</EmailTemplate>