<?xml version='1.0' encoding='UTF-8'?>
<!DOCTYPE EmailTemplate PUBLIC "sailpoint.dtd" "sailpoint.dtd">
<EmailTemplate bcc="a_sengupta@emblemhealth.com,s_chowdhury@emblemhealth.com,d_banerjee@emblemhealth.com,pr_dutta@emblemhealth.com,EHIDMTeam@emblemhealth.com" name="EH_Email_LCM_Vendor_Notification">
  <Body>

    &lt;html&gt;
    &lt;head&gt;
    &lt;meta http-equiv="Content-Type" content="text/html; charset=utf-8"&gt;
    &lt;/head&gt;
    &lt;body&gt;
    &lt;!--&lt;div style="width: 655px; background-color: #fff; font-family: Verdana, Geneva, sans-serif; color: #000; font-size: 12px"&gt;--&gt;



    &lt;div&gt;
    &lt;p&gt;A Windows account has been set up for &lt;b&gt;$firstName $lastName&lt;/b&gt;.&lt;/p&gt;
    &lt;p&gt;Please review and provide the new user with the information below.&lt;/p&gt;
    &lt;p&gt;--------------------------------------------------------------------------------------------------------------&lt;/p&gt;
    &lt;p&gt;&lt;b&gt;Signing In for the First Time − Email and Password Information&lt;/b&gt;&lt;/p&gt;
    &lt;p&gt;Please give &lt;b&gt;$firstName&lt;/b&gt; the following information:&lt;/p&gt;
    &lt;table style="width:40%;border:0px;font-family: Verdana, Geneva, sans-serif; color: #000; font-size: 12px"&gt;
    &lt;tr&gt;
    &lt;td style="text-align: left;padding: 5px;border-spacing: 15px"&gt;&lt;b&gt;•	User Name&lt;/b&gt;:&lt;/th&gt;
    &lt;td style="text-align: left;padding: 5px;border-spacing: 15px"&gt;$eh_network_id&lt;/th&gt;
    &lt;/tr&gt;
    &lt;tr&gt;
    &lt;td style="text-align: left;padding: 5px;border-spacing: 15px"&gt;&lt;b&gt;•	Email&lt;/b&gt;:&lt;/td&gt;
    &lt;td style="text-align: left;padding: 5px;border-spacing: 15px"&gt;$email&lt;/td&gt;
    &lt;/tr&gt;
    &lt;/table&gt;
    &lt;p&gt;An initial password has been created using information unique to their identity. &lt;b&gt;$firstName &lt;/b&gt; must use the formula below to put their initial password together. &lt;/p&gt;
    &lt;p&gt;&lt;b&gt;Formula:&lt;/b&gt; EH#&lt;b&gt;X&lt;font color="red"&gt;Y&lt;/font&gt;&lt;/b&gt;$ &lt;/p&gt; 
	&lt;ul&gt;
    &lt;li&gt;&lt;p&gt;&lt;b&gt; X&lt;/b&gt; is the last four (4) digits of your Social Security number.&lt;/p&gt;&lt;/li&gt;
    &lt;li&gt;&lt;p&gt;&lt;b&gt; &lt;font color="red"&gt;Y&lt;/font&gt;&lt;/b&gt; is your date of birth in MMDD format.&lt;/p&gt;&lt;/li&gt;
    &lt;li&gt;&lt;p&gt;&lt;b&gt; &lt;/b&gt;The other letters and symbols do not change.&lt;/p&gt;&lt;/li&gt;
	&lt;/ul&gt;
    &lt;p&gt;For example, if the social security number is 123-45-&lt;b&gt;6789&lt;/b&gt; and the date of birth is January 18(&lt;b&gt;&lt;font color="red"&gt;0118&lt;/font&gt;&lt;/b&gt;), the password result is EH#&lt;b&gt;6789&lt;font color="red"&gt;0118&lt;/font&gt;&lt;/b&gt;$&lt;/p&gt;
    &lt;p&gt;--------------------------------------------------------------------------------------------------------------&lt;/p&gt;
    &lt;p&gt;&lt;b&gt;Home Drive Access &lt;/b&gt;&lt;/p&gt;
    &lt;p&gt;&lt;b&gt;$firstName&lt;/b&gt; has been given access to a personal home drive.It is suggested they map to the drive. Mapping assigns a drive letter to a shared folder. By doing this, the user can access the shared folder without having to browse the network. &lt;/p&gt;
    &lt;p&gt;How to map to a Home drive:&lt;/p&gt;    
    &lt;p&gt;1. Click the &lt;b&gt;Start&lt;/b&gt; button &lt;img src="$eh_server_url/images/StartButton.jpg" alt="StartButton" height="15" width="15"&gt;&lt;/img&gt;, then right click on Computer.&lt;/p&gt;
    &lt;p&gt;2. Select &lt;b&gt;Map network drive&lt;/b&gt;.&lt;/p&gt;
    &lt;p&gt;3. In the &lt;b&gt;Drive&lt;/b&gt; list, choose the letter &lt;b&gt;I&lt;/b&gt;. (click on the down arrow to open the pull-down menu.)&lt;/p&gt;
    &lt;p&gt;4. In the &lt;b&gt;Folder&lt;/b&gt; box, enter the following: &lt;u&gt;\\isilon\home&lt;/u&gt;.&lt;/p&gt;
    &lt;p&gt;5. Check the box, &lt;b&gt;Reconnect at logon&lt;/b&gt;.&lt;/p&gt;
    &lt;p&gt;6. Click &lt;b&gt;Finish&lt;/b&gt;.&lt;/p&gt;
    &lt;img src="$eh_server_url/images/HomeDrive.jpg" alt="HomeDrive" height="400" width="500"&gt;&lt;/img&gt;

    &lt;p&gt;This auto-generated email contains sensitive information. Do not reply to this email. If you have any issues going through the process, please contact the Support Desk at &lt;b&gt;646-447-4100&lt;/b&gt; or &lt;b&gt;x34100&lt;/b&gt;.&lt;/p&gt;
    &lt;tr&gt;&lt;/tr&gt;&lt;br/&gt;
    &lt;tr&gt;Thank You,&lt;/tr&gt;&lt;br/&gt;&lt;br/&gt;
    &lt;tr&gt;INFOSEC IAM Team&lt;/tr&gt;&lt;br/&gt;

    &lt;/div&gt;
    &lt;/body&gt;
    &lt;/html&gt;



  </Body>
  <Description>
    Email Template for notifying to the manager that an AD account has been created for his report

  </Description>
  <Signature>
    <Inputs>
      <Argument name="mname" type="string">
        <Description>The name of the manager.</Description>
      </Argument>
      <Argument name="name" type="string">
        <Description>Name of the user.</Description>
      </Argument>
      <Argument name="firstName" type="string">
        <Description>First Name of the user.</Description>
      </Argument>
      <Argument name="lastName" type="string">
        <Description>Last Name of the user.</Description>
      </Argument>
      <Argument name="email" type="string">
        <Description>EH email address of the user.</Description>
      </Argument>
      <Argument name="eh_employee_id" type="string">
        <Description>EH employee id of the user.</Description>
      </Argument>
      <Argument name="eh_network_id" type="string">
        <Description>EH network id of the user.</Description>
      </Argument>
      <Argument name="eh_server_url" type="string">
        <Description>EH Server URL.</Description>
      </Argument>
    </Inputs>
  </Signature>
  <Subject>New Hire Information for $firstName $lastName (Action Required)</Subject>
</EmailTemplate>