<?xml version='1.0' encoding='UTF-8'?>
<!DOCTYPE EmailTemplate PUBLIC "sailpoint.dtd" "sailpoint.dtd">
<EmailTemplate name="EH_Email_Ownership_Transfer_Of_Serviceaccount">
  <Body>
    &lt;html&gt;
    &lt;head&gt;
    &lt;style type="text/css"&gt; body  {  background-color:#cccccc;  } td  {  background-color:#FFFFFF;  } h1  {   font-family:"Verdana";   font-size:11pt;   text-align:center;  } p  {  font-family:"Verdana";  font-size:9pt;  } &lt;/style&gt;&lt;/head&gt; &lt;body&gt; &lt;br&gt;&lt;br&gt;&lt;br&gt; &lt;table cellspacing="0" cellpadding="20" border="0" align="center" width="500"&gt; &lt;tr&gt;&lt;td&gt;     &lt;center&gt;&lt;img src="https://identity.emblemhealth.com/identityiq/images/InfoSystemsHeaderLogo.gif"&gt;&lt;/center&gt;&lt;br&gt;   
&lt;h1&gt;Notification for AD Service Account Ownership Transfer Request&lt;/h1&gt;
   
		&lt;div&gt;
 &lt;p&gt;Dear $newOwnerFirstName,&lt;/p&gt;
&lt;p&gt;You have been assigned as a New Owner for the following Service Accounts. &lt;/p&gt;
&lt;table border="1"&gt;
    &lt;tbody&gt;
    &lt;tr&gt;
    &lt;th style="background-color: #701556;"colspan="5"&gt;&lt;h3&gt;&lt;font color="white"&gt;Service Account Details&lt;/font&gt;&lt;/h3&gt;&lt;/th&gt;
    &lt;/tr&gt;
    &lt;tr&gt;
    &lt;td align="center"&gt;&lt;p&gt;&lt;strong&gt;Account ID&lt;/strong&gt;&lt;/p&gt;&lt;/td&gt;&lt;td align="center"&gt;&lt;p&gt;&lt;strong&gt;Old Owner&lt;/strong&gt;&lt;/p&gt;&lt;/td&gt;&lt;td align="center"&gt;&lt;p&gt;&lt;strong&gt;Description&lt;/strong&gt;&lt;/p&gt;&lt;/td&gt;
    &lt;/tr&gt;
    
    
	#if ($ownerMap)
    #foreach($link in $ownerMap.keySet())
    &lt;tr&gt;
    &lt;td&gt;&lt;p&gt;&amp;nbsp;$link.displayName&lt;/p&gt;&lt;/td&gt;&lt;td&gt;&lt;p&gt;&amp;nbsp;$ownerMap.get($link)&lt;/p&gt;&lt;/td&gt;&lt;td&gt;&lt;p&gt;&amp;nbsp;#if($link.getAttribute("description")) $link.getAttribute("description") #end&lt;/p&gt;&lt;/td&gt;
    &lt;/tr&gt;
	#end
    #end
    &lt;/tbody&gt;
    &lt;/table&gt;
&lt;p&gt;Please drop an email to EHCTSIAM@emblemhealth.com should you have any query or need clarification.&lt;/p&gt;
&lt;p&gt;This is an auto-generated mail. Please do not reply on this mail.&lt;/p&gt;
&lt;p&gt;Regards,&lt;/p&gt;
&lt;p&gt;EH Identity Administrator&lt;/p&gt;
    
	&lt;/div&gt;
 &lt;/body&gt;
&lt;/html&gt;
    
    
    
    </Body>
  <Description>
      Email Template for notifying to the New owner on succesful Ownership transfer of service accounts on termination of old owner. 
      
    </Description>
  <Signature>
    <Inputs>
      <Argument name="ownerMap" type="map">
        <Description>Name of the Service account.</Description>
      </Argument>
      <Argument name="newOwnerFirstName" type="string">
        <Description>New owner of service account.</Description>
      </Argument>
      <Argument name="newOwnerLastName" type="string">
        <Description>New owner of service account.</Description>
      </Argument>
    </Inputs>
  </Signature>
  <Subject>Notification for AD Service Account Ownership Transfer Request</Subject>
</EmailTemplate>