<?xml version='1.0' encoding='UTF-8'?>
<!DOCTYPE EmailTemplate PUBLIC "sailpoint.dtd" "sailpoint.dtd">
<EmailTemplate name="EH_Email_InfosecTeam_Ownership_Transfer_Of_Serviceaccount_OnTermination">
  <Body>
    &lt;html&gt;
    &lt;head&gt;
    &lt;style type="text/css"&gt; body  {  background-color:#cccccc;  } td  {  background-color:#FFFFFF;  } h1  {   font-family:"Verdana";   font-size:11pt;   text-align:center;  } p  {  font-family:"Verdana";  font-size:9pt;  } &lt;/style&gt;&lt;/head&gt; &lt;body&gt; &lt;br&gt;&lt;br&gt;&lt;br&gt; &lt;table cellspacing="0" cellpadding="20" border="0" align="center" width="500"&gt; &lt;tr&gt;&lt;td&gt;     &lt;center&gt;&lt;img src="https://identity.emblemhealth.com/identityiq/images/InfoSystemsHeaderLogo.gif"&gt;&lt;/center&gt;&lt;br&gt;   

   &lt;h1&gt;Action Required : Update Owner for AD Service Accounts&lt;/h1&gt;
		&lt;div&gt;
 &lt;p&gt;Dear Infosec Team,&lt;/p&gt;
&lt;p&gt;As &lt;b&gt;$OldOwnerFirstName $OldOwnerLastName&lt;/b&gt; is terminated from company, the Service Accounts owned by him/her should be updated with immediate supervisor.&lt;/p&gt;
&lt;p&gt;The immediate supervisor for &lt;b&gt;$OldOwnerFirstName $OldOwnerLastName&lt;/b&gt; is either terminated or doesn't exists in IDM, so the Owner is not updated for following Service Accounts in AD.&lt;/p&gt;
&lt;p&gt;Please login to IDM and update Owner for the following Service Accounts by navigating to the Quciklink &lt;strong&gt;Service Account Management -&gt; Manage Service Account&lt;/strong&gt; in IDM.&lt;/p&gt;
    &lt;table border="1"&gt;
    &lt;tbody&gt;
    &lt;tr&gt;
    &lt;th style="background-color: #701556;"colspan="5"&gt;&lt;h3&gt;&lt;font color="white"&gt;Service Account Details&lt;/font&gt;&lt;/h3&gt;&lt;/th&gt;
    &lt;/tr&gt;
    &lt;tr&gt;
    &lt;td align="center"&gt;&lt;p&gt;&lt;strong&gt;Account ID&lt;/strong&gt;&lt;/p&gt;&lt;/td&gt;&lt;td align="center"&gt;&lt;p&gt;&lt;strong&gt;Old Owner&lt;/strong&gt;&lt;/p&gt;&lt;/td&gt;&lt;td align="center"&gt;&lt;p&gt;&lt;strong&gt;Description&lt;/strong&gt;&lt;/p&gt;&lt;/td&gt;
    &lt;/tr&gt;
	#if ( ${ServiceaccountMapList} )
    #foreach ($link in $ServiceaccountMapList)
    &lt;tr&gt;
    &lt;td&gt;&lt;p&gt;&amp;nbsp;$link.getAttribute("sAMAccountName")&lt;/p&gt;&lt;/td&gt;&lt;td&gt;&lt;p&gt;&amp;nbsp;$OldOwnerFirstName $OldOwnerLastName&lt;/p&gt;&lt;/td&gt;&lt;td&gt;&lt;p&gt;&amp;nbsp;$link.getAttribute("description")&lt;/p&gt;&lt;/td&gt;
    &lt;/tr&gt;
	#end
    #end
    &lt;/tbody&gt;
    &lt;/table&gt;  
&lt;p&gt;Please drop an email to EHCTSIAM@emblemhealth.com should you have any query or need clarification.&lt;/p&gt;
&lt;p&gt;This is an auto-generated mail. Please do not reply on this mail.&lt;/p&gt;
&lt;p&gt;Regards,&lt;/p&gt;
&lt;p&gt;EH Identity Administrator&lt;/p&gt;
    
	&lt;/div&gt;
 &lt;/body&gt;
&lt;/html&gt;
    
    
    
    </Body>
  <Description>
      Email Template for notifying to the infosec team when user's immediate manager doesn't exists or terminated (Ownership transfer of service accounts on termination of old owner. )
      
    </Description>
  <Signature>
    <Inputs>
      <Argument name="ServiceaccountMapList" type="List">
        <Description>Name of the Service account.</Description>
      </Argument>
      <Argument name="OldOwnerFirstName" type="string">
        <Description>Old owner of service account.</Description>
      </Argument>
      <Argument name="OldOwnerLastName" type="string">
        <Description>Old owner of service account.</Description>
      </Argument>
    </Inputs>
  </Signature>
  <Subject>Action Required : Update Owner for AD Service Accounts</Subject>
</EmailTemplate>