<?xml version='1.0' encoding='UTF-8'?>
<!DOCTYPE EmailTemplate PUBLIC "sailpoint.dtd" "sailpoint.dtd">
<EmailTemplate name="EH_Email_Notification_Crossed_Threshold_Limit">
  <Body>

    &lt;html&gt;
    &lt;head&gt;
    &lt;meta http-equiv="Content-Type" content="text/html; charset=utf-8"&gt;
    &lt;/head&gt;
    &lt;body&gt;
    &lt;div style="width: 655px; background-color: #fff; font-family: Verdana, Geneva, sans-serif; color: #000; font-size: 12px"&gt;



    &lt;div&gt;
    &lt;p&gt;Dear InfoSec Team,&lt;/p&gt;
    &lt;p&gt;Recently generated feedfile has crossed the threshold.Please check once and if the file is proper.Please copy the file to below destination MFT folder and rename the file by removing the timestamp.The current path of the file is below &lt;/p&gt;
    &lt;p&gt;CurrentPath: $currentpath&lt;/p&gt;
    &lt;p&gt;CurrentServer: $hostname&lt;/p&gt;
    &lt;p&gt;DestinationServer: $destHost&lt;/p&gt; 
    &lt;p&gt;DestinationPath: $destfilepath&lt;/p&gt; 



    &lt;p&gt;This is an auto-generated mail. Please do not reply on this mail, for any queries contact support desk.&lt;/p&gt;
    &lt;p&gt;Regards,&lt;/p&gt;
    &lt;p&gt;EH Identity Administrator&lt;/p&gt;

    &lt;/div&gt;
    &lt;/body&gt;
    &lt;/html&gt;



  </Body>
  <Description>
    Email Template for notifying to the Infosecowner that an feed file data may be incorrect

  </Description>
  <Signature>
    <Inputs>
      <Argument name="rowcount" type="int">
        <Description>First Name of the Requestor of group.</Description>
      </Argument>
      <Argument name="currentpath" type="string">
        <Description>Last Name of the Requestor of group.</Description>
      </Argument>
      <Argument name="hostname" type="string">
        <Description>First Name of the Requestor of group.</Description>
      </Argument>
      <Argument name="destfilepath" type="string">
        <Description>Last Name of the Requestor of group.</Description>
      </Argument>
      <Argument name="destHost" type="string">
        <Description>Last Name of the Requestor of group.</Description>
      </Argument>
      <Argument name="feedFileName" type="string">
        <Description>File name of the Requestor of group.</Description>
      </Argument>
    </Inputs>
  </Signature>
  <Subject>Notification to the Infosec Team for $feedFileName </Subject>
</EmailTemplate>