<?xml version='1.0' encoding='UTF-8'?>
<!DOCTYPE EmailTemplate PUBLIC "sailpoint.dtd" "sailpoint.dtd">
<EmailTemplate name="EH_EmailToAdmin_NonActiveEmployees_Notification">
  <Body>

    &lt;html&gt;
    &lt;head&gt;
    &lt;meta http-equiv="Content-Type" content="text/html; charset=utf-8"&gt;
    &lt;/head&gt;
    &lt;body&gt;
    &lt;div style="width: 655px; background-color: #fff; font-family: Verdana, Geneva, sans-serif; color: #000; font-size: 12px"&gt;
    &lt;div&gt;
    &lt;p&gt;&lt;b&gt;  Dear InfoSec Team,  &lt;/b&gt;&lt;/p&gt;
    &lt;p&gt;The Employee is a non-active new Employee. SO, the user account is not provisioned in IIQ and AD.&lt;/p&gt;

    &lt;p&gt;This is an auto-generated mail. Please do not reply on this mail, for any queries contact support desk.&lt;/p&gt;&lt;br&gt;&lt;br/&gt;&lt;br&gt;&lt;br/&gt;

    &lt;p&gt;Regards,&lt;/p&gt;&lt;br&gt;&lt;br/&gt;
    EH Identity Administrator



    &lt;/div&gt;
    &lt;/div&gt;
    &lt;/body&gt;
    &lt;/html&gt;



  </Body>
  <Description>
    Email Template for notifying to IDM Administrator that user is a non active Employee.
  </Description>
  <Signature>
    <Inputs>
      <Argument name="$identityName" type="string"/>
    </Inputs>
  </Signature>
  <Subject>Non-Active Employee - $identityName</Subject>
</EmailTemplate>