<?xml version='1.0' encoding='UTF-8'?>
<!DOCTYPE EmailTemplate PUBLIC "sailpoint.dtd" "sailpoint.dtd">
<EmailTemplate name="EH_Email_SOX_MultiLevel_Certification_Work_Item_Reminder">
  <Body>
    &lt;html&gt;&lt;head&gt;
    &lt;style type="text/css"&gt; body  {  background-color:#cccccc;  } td  {  background-color:#FFFFFF;  } h1  {   font-family:"Verdana";   font-size:11pt;   text-align:center;  } p  {  font-family:"Verdana";  font-size:9pt;  } &lt;/style&gt; &lt;/head&gt; &lt;body&gt; &lt;br&gt;&lt;br&gt;&lt;br&gt; &lt;table cellspacing="0" cellpadding="20" border="0" align="center" width="500"&gt; &lt;tr&gt;&lt;td&gt;     &lt;center&gt;&lt;img src="https://identity.emblemhealth.com/identityiq/images/InfoSystemsHeaderLogo.gif"&gt;&lt;/center&gt;&lt;br&gt;   

    &lt;h1&gt;Action Required: Please complete $workItemName recertification – Reminder&lt;/h1&gt;
    &lt;div&gt;
    &lt;p&gt;
	#set($cal=$spTools.class.forName("java.util.Calendar").getMethod("getInstance", null).invoke(null, null))
    #set($today=$cal.getTime())
    $cal.setTime($certification.created)
	$cal.add(5,15)
	#set($escalationDate=$cal.getTime())
    
    #set($spctx=$spTools.class.forName("sailpoint.api.SailPointFactory").getMethod("getFactory", null).invoke(null, null).getCurrentContext())
    #set($identity=$spctx.getObjectByName($spTools.class.forName("sailpoint.object.Identity"), $certification.certifiers.get(0)))
    #set($serverConfig=$spctx.getObjectByName($spTools.class.forName("sailpoint.object.Configuration"), "SystemConfiguration"))
    #set($serverPath=$serverConfig.serverRootPath)    
    #set($a = $nowDate.getTime() - $created.getTime())   
    #set($b = $a/1000/60/60/24)
    #set($c=$created.getTime())
    #set($d=16*1000*24*60*60)
    #set($e=$c+$d)
    #set($url="https://identity.emblemhealth.com/identityiq/manage/certification/certifications.jsf")



    &lt;p&gt;As an Application owner or Manager, it is your responsibility to ensure that current role in the system is appropriate for the role/job duties performed. 
    We are requesting that you complete the recertification by $spTools.formatDate($escalationDate,"MM/dd/yyyy") to either Approve or revoke access for the users.
    &lt;/p&gt;

    &lt;p&gt;Please navigate to &lt;a href=${url} style="color:#52247F"&gt;EmblemHealth IDM System &lt;/a&gt; and take necessary actions by Approving or Revoking the accounts. Ensure to finalize your decision by clicking Sign Off after taking all decisions.&lt;/p&gt;
    &lt;p&gt;If you do not finalize your decision by $spTools.formatDate($escalationDate,"MM/dd/yyyy"), the recertification will be escalated to the Application Owner.&lt;/p&gt;

    &lt;p&gt;Note: Please refer the &lt;a href="https://identity.emblemhealth.com/identityiq/doc/pdf/Application_Certification_EndUserGuide.pdf" style="color:#52247F;"&gt;End User Guide&lt;/a&gt;, to walk you through the above processes in details. Please drop an email to EHCTSIAM@emblemhealth.com should you have any query or need clarification.&lt;/p&gt;

    &lt;p&gt;&lt;i&gt;This is an auto-generated mail. Please do not reply on this mail.&lt;/i&gt;&lt;/p&gt;
    &lt;p&gt;Thank you,&lt;br&gt;
    INFOSEC Team&lt;/p&gt;
    &lt;/p&gt;
    &lt;/div&gt;
    &lt;/body&gt;
    &lt;/html&gt;
  </Body>
  <Description>
    Email Template for reminding work item owners that their work
    items are overdue.
    NOTE: In addition to the declared arguments, all entries 
    from the work item attributes map are also available by name in the template.
  </Description>
  <Signature>
    <Inputs>
      <Argument name="workItem" type="WorkItem">
        <Description>The WorkItem object.</Description>
      </Argument>
      <Argument name="workItemName" type="string">
        <Description>The name of the WorkItem.</Description>
      </Argument>
      <Argument name="certification" type="Certification">
        <Description>The Certification object.</Description>
      </Argument>
      <Argument name="certificationName" type="string">
        <Description>The name of the Certification.</Description>
      </Argument>
      <Argument name="ownerName" type="string">
        <Description>The name of the Identity that owns the work item.</Description>
      </Argument>
      <Argument name="requester" type="Identity">
        <Description>The identity object that represents the creator of the work item.</Description>
      </Argument>
      <Argument name="ordinalNumReminders" type="string">
        <Description>The number of this reminder, starting from 1.  Passed as a String.</Description>
      </Argument>
      <Argument name="remindersRemaining" type="string">
        <Description>The number of reminders remaining after this one.  Passed as a String.</Description>
      </Argument>
      <Argument name="oldDueDate" type="date">
        <Description>The former due date, passed as a java.util.Date.</Description>
      </Argument>
      <Argument name="newDueDate" type="date">
        <Description>The new due date, passed as a java.util.Date.</Description>
      </Argument>
      <Argument name="nowDate" type="date">
        <Description>The current date, passed as a java.util.Date.</Description>
      </Argument>
      <Argument name="created" type="date">
        <Description>The date the work item was created, passed as a java.util.Date.</Description>
      </Argument>
      <Argument name="expiration" type="date">
        <Description>The optional date the work item completely expires, passed as a java.util.Date.</Description>
      </Argument>
    </Inputs>
  </Signature>
  <Subject>Action Required: Please complete $workItemName recertification – Reminder</Subject>
</EmailTemplate>