<?xml version='1.0' encoding='UTF-8'?>
<!DOCTYPE EmailTemplate PUBLIC "sailpoint.dtd" "sailpoint.dtd">
<EmailTemplate name="EH_Email_Create_ServiceAccount_Owner_Password_Notification">
  <Body>

&lt;html&gt;&lt;head&gt;
    &lt;style type="text/css"&gt; body  {  background-color:#cccccc;  } td  {  background-color:#FFFFFF;  } h1  {   font-family:"Verdana";   font-size:11pt;   text-align:center;  } p  {  font-family:"Verdana";  font-size:9pt;  } &lt;/style&gt; &lt;/head&gt; &lt;body&gt; &lt;br&gt;&lt;br&gt;&lt;br&gt; &lt;table cellspacing="0" cellpadding="20" border="0" align="center" width="500"&gt; &lt;tr&gt;&lt;td&gt;     &lt;center&gt;&lt;img src="https://identity.emblemhealth.com/identityiq/images/InfoSystemsHeaderLogo.gif"&gt;&lt;/center&gt;&lt;br&gt;   

    &lt;h1&gt;Confidential - $applicationName Service Account Credentials&lt;/h1&gt;
    &lt;div&gt;
 &lt;p&gt;Dear $ownerFirstName,&lt;/p&gt;
&lt;p&gt;The password for the Service Account created in $applicationName for the purpose of &lt;b&gt;"$serviceAccountDesc"&lt;/b&gt; is:&lt;/p&gt;
&lt;p&gt;$serviceAccountPwd&lt;/p&gt;

&lt;p&gt;Please drop an email to EHCTSIAM@emblemhealth.com should you have any query or need clarification.&lt;/p&gt;
&lt;p&gt;This is an auto-generated mail. Please do not reply on this mail.&lt;/p&gt;
&lt;p&gt;Regards,&lt;/p&gt;
&lt;p&gt;EH Identity Administrator&lt;/p&gt;
    
	&lt;/div&gt;
 &lt;/body&gt;
&lt;/html&gt;
    
    
    
    </Body>
  <Description>
      Email Template for notifying to the owner that an Service Account has been created in AD
      
    </Description>
  <Signature>
    <Inputs>
      <Argument name="item" type="WorkItem">
        <Description>The WorkItem representing the review.</Description>
      </Argument>
      <Argument name="serviceAccountName" type="string">
        <Description>Name of the Service Account.</Description>
      </Argument>
      <Argument name="serviceAccountID" type="string">
        <Description>ID of the Service Account.</Description>
      </Argument>
      <Argument name="serviceAccountPwd" type="string">
        <Description>Password of the Service Account.</Description>
      </Argument>
      <Argument name="ownerFirstName" type="string">
        <Description>First Name of the Service Account Owner.</Description>
      </Argument>
      <Argument name="ownerLastName" type="string">
        <Description>Last Name of the Service Account Owner.</Description>
      </Argument>
      <Argument name="serviceAccountDesc" type="string">
        <Description>Description of the Service Account.</Description>
      </Argument>
      <Argument name="applicationName" type="string">
        <Description>Application Name of the Service Account.</Description>
      </Argument>
    </Inputs>
  </Signature>
  <Subject>Confidential - $applicationName Service Account Credentials</Subject>
</EmailTemplate>