<?xml version='1.0' encoding='UTF-8'?>
<!DOCTYPE EmailTemplate PUBLIC "sailpoint.dtd" "sailpoint.dtd">
<EmailTemplate bcc="a_sengupta@emblemhealth.com,s_chowdhury@emblemhealth.com,s_roy2@emblemhealth.com,pr_dutta@emblemhealth.com,EHIDMTeam@emblemhealth.com" name="EH_Email_SCCD_Termination_Notification">
  <Body>

    &lt;html&gt;
    &lt;head&gt;
    &lt;meta http-equiv="Content-Type" content="text/html; charset=utf-8"&gt;
    &lt;/head&gt;
    &lt;body&gt;

    #MAXIMO_EMAIL_BEGIN&lt;br&gt;
    LSNRACTION=CREATE&lt;br&gt;
    ;&lt;br&gt;
    LSNRAPPLIESTO=SR&lt;br&gt;
    ;&lt;br&gt;
    TICKETID=&amp;AUTOKEY&amp;&lt;br&gt;
    ;&lt;br&gt;
    CLASS=SR&lt;br&gt;
    ;&lt;br&gt;
    DESCRIPTION=Termination Request&lt;br&gt;
    ;&lt;br&gt;
    DESCRIPTION_LONGDESCRIPTION=Termination Request&lt;br&gt;
	,&lt;br&gt;
    UserID=$userid&lt;br&gt;
    ,&lt;br&gt;
    Location=$officename&lt;br&gt;
    ,&lt;br&gt;
    Manager ID=$managerid&lt;br&gt;
    ;&lt;br&gt;
    CLASSSTRUCTUREID=EH7301&lt;br&gt;
    ;&lt;br&gt;
    REPORTEDBY=EHSPOFFBOARDING&lt;br&gt;
    ;&lt;br&gt;
    AFFECTEDPERSON=$networkid&lt;br&gt;
    ;&lt;br&gt;
    EXTERNALSYSTEM=SAILPOINT&lt;br&gt;
    ;&lt;br&gt;
    LOCATION=$officename&lt;br&gt;
    ;&lt;br&gt;
    #MAXIMO_EMAIL_END&lt;br&gt;

    &lt;br&gt;

    &lt;/body&gt;
    &lt;/html&gt;

  </Body>
  <Description>
    Email Template for notifying to SCCD for on-boarding ticket creation. 

  </Description>
  <Signature>
    <Inputs>
      <Argument name="$networkid" type="string">
        <Description>Network id of the user.</Description>
      </Argument>
      <Argument name="$officename" type="string">
        <Description>office location of the user.</Description>
      </Argument>
      <Argument name="$subjectline" type="string">
        <Description>Subject Line for the user</Description>
      </Argument>
    </Inputs>
  </Signature>
  <Subject>$subjectline</Subject>
</EmailTemplate>