<?xml version='1.0' encoding='UTF-8'?>
<!DOCTYPE EmailTemplate PUBLIC "sailpoint.dtd" "sailpoint.dtd">
<EmailTemplate name="EH_Email_Everify">
  <Body>
    &lt;html&gt;
    &lt;head&gt;
    &lt;style type="text/css"&gt; body  {  background-color:#cccccc;  } td  {  background-color:#FFFFFF;  } h1  {   font-family:"Verdana";   font-size:11pt;   text-align:center;  } p  {  font-family:"Verdana";  font-size:9pt;  } &lt;/style&gt; &lt;/head&gt; &lt;body&gt; &lt;br&gt;&lt;br&gt;&lt;br&gt; &lt;table cellspacing="0" cellpadding="20" border="0" align="center" width="500"&gt; &lt;tr&gt;&lt;td&gt;     &lt;center&gt;&lt;img src="https://identity.emblemhealth.com/identityiq/images/InfoSystemsHeaderLogo.gif"&gt;&lt;/center&gt;&lt;br&gt;   
    
    &lt;h1&gt;Notification for Reset Password&lt;/h1&gt;
    &lt;div&gt;
    &lt;p&gt;

    &lt;p&gt;Dear ${firstName},&lt;/p&gt;

    &lt;p&gt;$message&lt;/p&gt;
    
 &lt;p&gt;&lt;i&gt;This auto-generated email contains sensitive information. Do not reply to this email. If you have any issues going through the process, please contact the Support Desk at 646-447-4100 or x34100.&lt;/i&gt;&lt;/p&gt;
    


    &lt;p&gt;Thank you,&lt;/p&gt;
    &lt;p&gt;INFOSEC Team&lt;/p&gt;
    &lt;/div&gt;
    &lt;/body&gt;
    &lt;/html&gt;
  </Body>
  <Description>
    Email Template for notifying user about DUO updates.
  </Description>
  <Signature>
    <Inputs>
      <Argument name="firstName" type="string">
        <Description>Name of the group</Description>
      </Argument>
      <Argument name="message" type="string">
        <Description>Name of the group</Description>
      </Argument>
    </Inputs>
  </Signature>
  <Subject>Notification for Reset Password</Subject>
</EmailTemplate>