<?xml version='1.0' encoding='UTF-8'?>
<!DOCTYPE EmailTemplate PUBLIC "sailpoint.dtd" "sailpoint.dtd">
<EmailTemplate name="EH_Email_MedicareOutbound_Feed">
  <Body>
&lt;html&gt;
&lt;head&gt;
&lt;meta http-equiv="Content-Type" content="text/html; charset=utf-8"&gt;
&lt;/head&gt;
&lt;body&gt;
    &lt;div style="width: 655px; background-color: #fff; font-family: Verdana, Geneva, sans-serif; color: #000; font-size: 12px"&gt;&lt;div&gt;
 &lt;p&gt;&lt;b&gt; Dear Team, &lt;/b&gt;&lt;/p&gt;
&lt;p&gt;The attached email contains Medicare Employee Feed &lt;/p&gt;

&lt;p&gt;This is an auto-generated mail. Please do not reply on this mail, for any queries contact support desk.&lt;/p&gt;&lt;br&gt;&lt;br/&gt;&lt;br&gt;&lt;br/&gt;

&lt;p&gt;Regards,&lt;/p&gt;&lt;br&gt;&lt;br/&gt;
EH Identity Administrator

		&lt;/div&gt;
	&lt;/div&gt;
 &lt;/body&gt;
&lt;/html&gt;
    </Body>
  <Description>
      Email Template for notifying to the manager that an AD account has been created for his report
      
    </Description>
  <Signature>
    <Inputs>
      <Argument name="subject" type="string">
        <Description>Subject of the mail.</Description>
      </Argument>
    </Inputs>
  </Signature>
  <Subject>$subject</Subject>
</EmailTemplate>