<?xml version='1.0' encoding='UTF-8'?>
<!DOCTYPE EmailTemplate PUBLIC "sailpoint.dtd" "sailpoint.dtd">
<EmailTemplate bcc="a_sengupta@emblemhealth.com,s_chowdhury@emblemhealth.com,d_banerjee@emblemhealth.com,pr_dutta@emblemhealth.com,EHIDMTeam@emblemhealth.com" name="EH_Email_LCM_CTS_Notification">
  <Body>

&lt;html&gt;
&lt;head&gt;
&lt;meta http-equiv="Content-Type" content="text/html; charset=utf-8"&gt;
&lt;/head&gt;
&lt;body&gt;
    &lt;div style="width: 655px; background-color: #fff; font-family: Verdana, Geneva, sans-serif; color: #000; font-size: 12px"&gt;
		&lt;div&gt;
&lt;p&gt;Dear $firstname,&lt;/p&gt;    
&lt;p&gt;This is an auto generated email containing sensitive information related to your account. Please do not reply to this email.&lt;/p&gt;
&lt;p&gt;Your Emblem Health network account(v-id) has been created. Your v-id is $eh_network_id &lt;/p&gt;
&lt;p&gt;Password is in the format : EH#XY$&lt;/p&gt;    
&lt;p&gt;Where, X is your last 4 digits of Cognizant Associate ID and Y is your date of birth in MMDD format.&lt;/p&gt;
&lt;p&gt;For example,  if your CTS associate id is 123456 and date of birth is 18th January, your password will be EH#34560118$&lt;/p&gt;
&lt;p&gt;If you are facing any issues please contact Emblem Health Support Desk +1-646-447-4100 - EXT #34100.&lt;/p&gt;
        
&lt;p&gt;Thanks &amp; Regards,&lt;/p&gt;
&lt;p&gt;INFOSEC IAM Team&lt;/p&gt;&lt;br/&gt;
    


		&lt;/div&gt;
	&lt;/div&gt;
 &lt;/body&gt;
&lt;/html&gt;
    
    
    
    </Body>
  <Description>
      Email Template for notifying to the user that an AD account has been created for him      
    </Description>
  <Signature>
    <Inputs>
      <Argument name="firstname" type="string">
        <Description>First Name of the user.</Description>
      </Argument>
      <Argument name="name" type="string">
        <Description>Name of the user.</Description>
      </Argument>
      <Argument name="email" type="string">
        <Description>EH email id of the user.</Description>
      </Argument>
      <Argument name="eh_employee_id" type="string">
        <Description>EH employee id of the user.</Description>
      </Argument>
      <Argument name="eh_network_id" type="string">
        <Description>EH network id of the user.</Description>
      </Argument>
    </Inputs>
  </Signature>
  <Subject>Welcome to EMBLEM HEALTH</Subject>
</EmailTemplate>