<?xml version='1.0' encoding='UTF-8'?>
<!DOCTYPE EmailTemplate PUBLIC "sailpoint.dtd" "sailpoint.dtd">
<EmailTemplate name="EH_Email_Create_ServiceAccount_Requester_WI_Rejection_Notification">
  <Body>

    &lt;html&gt;&lt;head&gt;
    &lt;style type="text/css"&gt; body  {  background-color:#cccccc;  } td  {  background-color:#FFFFFF;  } h1  {   font-family:"Verdana";   font-size:11pt;   text-align:center;  } p  {  font-family:"Verdana";  font-size:9pt;  } &lt;/style&gt; &lt;/head&gt; &lt;body&gt; &lt;br&gt;&lt;br&gt;&lt;br&gt; &lt;table cellspacing="0" cellpadding="20" border="0" align="center" width="500"&gt; &lt;tr&gt;&lt;td&gt;     &lt;center&gt;&lt;img src="https://identity.emblemhealth.com/identityiq/images/InfoSystemsHeaderLogo.gif"&gt;&lt;/center&gt;&lt;br&gt;   

    &lt;h1&gt;$applicationName Service Account Request is rejected&lt;/h1&gt;
    &lt;div&gt;
    #set($desc = $item.description)
		#set($user = "User")
   	#if($desc)
    	#if($desc.startsWith("InfoSec"))
    		#set($user = "InfoSec Team")
    	#else
    		#if ( $item.owner.firstname) 
    			#set($user = $item.owner.firstname)
    		#end
    	#end
    #end
 &lt;p&gt;Dear $item.requester.firstname,&lt;/p&gt;
&lt;p&gt;The request for the following Create Service Account is rejected by &lt;b&gt;$user&lt;/b&gt; for the reason: &lt;b&gt;"$rejectionComments"&lt;/b&gt;.&lt;/p&gt;
&lt;p&gt;Therefore, the following Service Account is not created in AD.&lt;/p&gt;
&lt;p&gt;&lt;b&gt;#if ( $item.description) Request Name :- &lt;/b&gt; $item.description #end &lt;/p&gt;
&lt;table border="1" align="center"&gt;
    &lt;tbody&gt;
    &lt;tr&gt;
    &lt;th style="background-color: #701556;"colspan="5"&gt;&lt;h3&gt;&lt;font color="white"&gt;Service Account Details&lt;/font&gt;&lt;/h3&gt;&lt;/th&gt;
    &lt;/tr&gt;
     &lt;tr&gt;
    &lt;td align="left" style="width:30%""&gt;&lt;p&gt;&lt;strong&gt;Account ID&lt;/strong&gt;&lt;/p&gt;&lt;/td&gt;&lt;td align="left" style="width:70%"&gt;&lt;p&gt;&amp;nbsp;#if ( $serviceAccountDetails.get("serviceAccountID")) $serviceAccountDetails.get("serviceAccountID") #end &lt;/p&gt;&lt;/td&gt;
    &lt;/tr&gt;
    &lt;tr&gt;
    &lt;td align="left" style="width:30%"&gt;&lt;p&gt;&lt;strong&gt;Account Name&lt;/strong&gt;&lt;/p&gt;&lt;/td&gt;&lt;td align="left" style="width:70%"&gt;&lt;p&gt;&amp;nbsp;#if ( $serviceAccountDetails.get("serviceAccountName")) $serviceAccountDetails.get("serviceAccountName") #end&lt;/p&gt;&lt;/td&gt;
    &lt;/tr&gt;
		&lt;tr&gt;
    &lt;td align="left" style="width:30%"&gt;&lt;p&gt;&lt;strong&gt;Application Name&lt;/strong&gt;&lt;/p&gt;&lt;/td&gt;&lt;td align="left" style="width:70%"&gt;&lt;p&gt;&amp;nbsp;#if ( $serviceAccountDetails.get("applicationName")) $serviceAccountDetails.get("applicationName") #end&lt;/p&gt;&lt;/td&gt;
    &lt;/tr&gt;  
    &lt;tr&gt;
    &lt;td align="left" style="width:30%"&gt;&lt;p&gt;&lt;strong&gt;Asset Name&lt;/strong&gt;&lt;/p&gt;&lt;/td&gt;&lt;td align="left" style="width:70%"&gt;&lt;p&gt;&amp;nbsp;#if ( $serviceAccountDetails.get("assetName")) $serviceAccountDetails.get("assetName") #end&lt;/p&gt;&lt;/td&gt;
    &lt;/tr&gt;
    &lt;tr&gt;
    &lt;td align="left" style="width:30%"&gt;&lt;p&gt;&lt;strong&gt;Owner &lt;/strong&gt;&lt;/p&gt;&lt;/td&gt;&lt;td align="left" style="width:70%"&gt;&lt;p&gt;&amp;nbsp;#if ( $serviceAccountOwner) $serviceAccountOwner #end&lt;/p&gt;&lt;/td&gt;
    &lt;/tr&gt;
    &lt;tr&gt;
    &lt;td align="left" style="width:30%"&gt;&lt;p&gt;&lt;strong&gt;Business Justification&lt;/strong&gt;&lt;/p&gt;&lt;/td&gt;&lt;td align="left" style="width:70%"&gt;&lt;p&gt;&amp;nbsp; #if( $serviceAccountDetails.get("description")) $serviceAccountDetails.get("description") #end&lt;/p&gt;&lt;/td&gt;
    &lt;/tr&gt;
    &lt;/tbody&gt;
    &lt;/table&gt;
&lt;p&gt;Please drop an email to EHCTSIAM@emblemhealth.com should you have any query or need clarification.&lt;/p&gt;
&lt;p&gt;This is an auto-generated mail. Please do not reply on this mail.&lt;/p&gt;
&lt;p&gt;Regards,&lt;/p&gt;
&lt;p&gt;EH Identity Administrator&lt;/p&gt;
    
	&lt;/div&gt;
 &lt;/body&gt;
&lt;/html&gt;
    
    
    
    </Body>
  <Description>
      Email Template for notifying to the requester that an Service Account has been rejected.
      
    </Description>
  <Signature>
    <Inputs>
      <Argument name="item" type="WorkItem">
        <Description>The WorkItem representing the review.</Description>
      </Argument>
      <Argument name="rejectionComments" type="string">
        <Description>Rejection Comments.</Description>
      </Argument>
      <Argument name="serviceAccountOwner" type="string">
        <Description>Owner of the Service Account.</Description>
      </Argument>
      <Argument name="applicationName" type="string">
        <Description>Application Name of the Service Account.</Description>
      </Argument>
      <Argument name="serviceAccountDetails" type="Map">
        <Description>Map object of Service Account Details.</Description>
      </Argument>
    </Inputs>
  </Signature>
  <Subject>$applicationName Service Account Request is rejected</Subject>
</EmailTemplate>