<?xml version='1.0' encoding='UTF-8'?>
<!DOCTYPE EmailTemplate PUBLIC "sailpoint.dtd" "sailpoint.dtd">
<EmailTemplate name="EH_Email_Vendor_Terminate_AD_Report">
  <Body>
    &lt;html&gt;
    &lt;head&gt;
    &lt;meta http-equiv="Content-Type" content="text/html; charset=utf-8"&gt;
    &lt;/head&gt;
    &lt;body&gt;
    &lt;div style="width: 655px; background-color: #fff; font-family: Verdana, Geneva, sans-serif; color: #000; font-size: 12px"&gt;&lt;div&gt;
    &lt;p&gt;&lt;b&gt; Hi $rmname , &lt;/b&gt;&lt;/p&gt;
    &lt;p&gt;The attached email contains all the accounts terminated in AD on $date &lt;/p&gt;
    &lt;p&gt;This is an auto-generated mail. Please do not reply on this mail, for any queries contact support desk.&lt;/p&gt;
    &lt;p&gt;Regards,&lt;/p&gt;
    EH Identity Administrator
    &lt;/div&gt;
    &lt;/div&gt;
    &lt;/body&gt;
    &lt;/html&gt;
  </Body>
  <Description>
    Email Template for notifying to the manager that an AD account has been created for his report
  </Description>
  <Signature>
    <Inputs>
      <Argument name="rmname" type="string">
        <Description>Relationship manager's name.</Description>
      </Argument>
      <Argument name="date" type="string">
        <Description>Date in the report.</Description>
      </Argument>
    </Inputs>
  </Signature>
  <Subject>Vendors Terminated in AD - $date </Subject>
</EmailTemplate>