<?xml version='1.0' encoding='UTF-8'?>
<!DOCTYPE EmailTemplate PUBLIC "sailpoint.dtd" "sailpoint.dtd">
<EmailTemplate cc="ehctsiam@emblemhealth.com" name="EH_Email_Rehire_Check_Notification">
  <Body>

&lt;html&gt;
&lt;head&gt;
&lt;meta http-equiv="Content-Type" content="text/html; charset=utf-8"&gt;
&lt;/head&gt;
&lt;body&gt;
    &lt;div style="width: 655px; background-color: #fff; font-family: Verdana, Geneva, sans-serif; color: #000; font-size: 12px"&gt;
		
    
 
		&lt;div&gt;
 &lt;p&gt;Dear Admin,&lt;/p&gt;
&lt;p&gt;The following user is not re-hired due to failure in the 90 days policy check in AD Account.&lt;/p&gt;
&lt;p&gt;User Details:&lt;/p&gt;
&lt;p&gt;#if ( $employeeID) Employee ID:-  $employeeID #end &lt;/p&gt;
&lt;p&gt;#if ( $name) Employee Name:-  $name #end &lt;/p&gt;
&lt;p&gt;#if ( $email) Email ID:-  $email #end &lt;/p&gt;
&lt;p&gt;#if ( $networkID) Network ID:-  $networkID #end &lt;/p&gt;
&lt;p&gt;This is an auto-generated mail. Please do not reply on this mail, for any queries contact support desk.&lt;/p&gt;
&lt;p&gt;Regards,&lt;/p&gt;
&lt;p&gt;EH Identity Administrator&lt;/p&gt;
    
	&lt;/div&gt;
 &lt;/body&gt;
&lt;/html&gt;
    
    
    
    </Body>
  <Description>
      Email Template for notifying to the manager that an AD account has been created for his report
      
    </Description>
  <Signature>
    <Inputs>
      <Argument name="item" type="WorkItem">
        <Description>The WorkItem representing the review.</Description>
      </Argument>
      <Argument name="name" type="string">
        <Description>Name of the user.</Description>
      </Argument>
      <Argument name="email" type="string">
        <Description>EH email address of the user.</Description>
      </Argument>
      <Argument name="employeeID" type="string">
        <Description>EH employee id of the user.</Description>
      </Argument>
      <Argument name="networkID" type="string">
        <Description>EH network id of the user.</Description>
      </Argument>
    </Inputs>
  </Signature>
  <Subject>User not Rehired - Failure in 90 days Network Login Policy</Subject>
</EmailTemplate>