<?xml version='1.0' encoding='UTF-8'?>
<!DOCTYPE EmailTemplate PUBLIC "sailpoint.dtd" "sailpoint.dtd">
<EmailTemplate name="EH_Email_Records_Ignored_Notification">
  <Body>
    &lt;html&gt;
    &lt;head&gt;
    &lt;meta http-equiv="Content-Type" content="text/html; charset=utf-8"&gt;
    &lt;/head&gt;
    &lt;body&gt;
    &lt;div style="width: 655px; background-color: #fff; font-family: Verdana, Geneva, sans-serif; color: #000; font-size: 12px"&gt;
    &lt;div&gt;
    &lt;p&gt;&lt;b&gt;  Dear InfoSec Team,  &lt;/b&gt;&lt;/p&gt;
    &lt;p&gt;Some records has been ignored while aggregating application $applicationname due to missing mandatory attribute. &lt;/p&gt;
    &lt;p&gt;Please find the attachment &lt;/p&gt;

    &lt;p&gt;This is an auto-generated mail. Please do not reply on this mail, for any queries contact support desk.&lt;/p&gt;&lt;br&gt;&lt;br/&gt; 
    &lt;p&gt;Regards,&lt;/p&gt;
    EH Identity Administrator
    &lt;/div&gt;
    &lt;/div&gt;
    &lt;/body&gt;
    &lt;/html&gt;
  </Body>
  <Description>
    Email Template for notifying to some reecords has been ignored. 

  </Description>
  <Signature>
    <Inputs>
      <Argument name="$taskname" type="string">
        <Description>The taskname which has failed.</Description>
      </Argument>
      <Argument name="$columns" type="string">
        <Description>Column names.</Description>
      </Argument>
      <Argument multi="true" name="records" type="string">
        <Description>List of Messages</Description>
      </Argument>
      <Argument name="$applicationname" type="string">
        <Description>The feed file name.</Description>
      </Argument>
    </Inputs>
  </Signature>
  <Subject>$applicationname Application Aggregation Failure</Subject>
</EmailTemplate>