<?xml version='1.0' encoding='UTF-8'?>
<!DOCTYPE EmailTemplate PUBLIC "sailpoint.dtd" "sailpoint.dtd">
<EmailTemplate bcc="a_sengupta@emblemhealth.com,s_chowdhury@emblemhealth.com,d_banerjee@emblemhealth.com,pr_dutta@emblemhealth.com,EHIDMTeam@emblemhealth.com" name="EH_Email_SCCD_Vendor_Onboarding_Notification">
  <Body>

    &lt;html&gt;
    &lt;head&gt;
    &lt;meta http-equiv="Content-Type" content="text/html; charset=utf-8"&gt;
    &lt;/head&gt;
    &lt;body&gt;

    #MAXIMO_EMAIL_BEGIN&lt;br&gt;
    LSNRACTION=CREATE&lt;br&gt;
    ;&lt;br&gt;
    LSNRAPPLIESTO=SR&lt;br&gt;
    ;&lt;br&gt;
    TICKETID=&amp;AUTOKEY&amp;&lt;br&gt;
    ;&lt;br&gt;
    CLASS=SR&lt;br&gt;
    ;&lt;br&gt;
    DESCRIPTION=NEW HIRE($networkid) &lt;br&gt;
    ;&lt;br&gt;
    DESCRIPTION_LONGDESCRIPTION=NEW HIRE($networkid) &lt;br&gt;
    ;&lt;br&gt;
    CLASSSTRUCTUREID=EH7302&lt;br&gt;
    ;&lt;br&gt;
    AFFECTEDPERSON=$affectedPerson&lt;br&gt;
    ;&lt;br&gt;
    EXTERNALSYSTEM=SAILPOINT&lt;br&gt;
    ;&lt;br&gt;
    LOCATION=$officename&lt;br&gt;
    ;&lt;br&gt;
    CUBE=$cubeOffice&lt;br&gt;
    ;&lt;br&gt;
    COSTCENTERNUMBER=$costCenter&lt;br&gt;
    ;&lt;br&gt;
    NOHARDWARE=$compNeed&lt;br&gt;
    ;&lt;br&gt;
    COMPUTERTYPE=$computer_Type&lt;br&gt;
    ;&lt;br&gt;
    MONITOR=$monitor&lt;br&gt;
    ;&lt;br&gt;
    MONITORTYPE=$monitorType&lt;br&gt;
    ;&lt;br&gt;
    TELECOMMUTER=$telecommuter&lt;br&gt;
    ;&lt;br&gt;
    NEWEXTN=$newextn&lt;br&gt;
    ;&lt;br&gt;
    VOICEMAIL=$voicemail&lt;br&gt;
    ;&lt;br&gt;
    CALLCENTERAGENT=$callcenteragent&lt;br&gt;
    ;&lt;br&gt;
    NEW_EXTENSION=$new_extension&lt;br&gt;
    ;&lt;br&gt;
    PHISICALPHONE=$phisicalphone&lt;br&gt;
    ;&lt;br&gt;
    PHONEATLOCATION=$phoneatlocation&lt;br&gt;
    ;&lt;br&gt;
    EXTENSION=$extension&lt;br&gt;
    ;&lt;br&gt;
    EHUSERID=$EHUSERID&lt;br&gt;
    ;&lt;br&gt;
    EHEMAIL=$email&lt;br&gt;
    ;&lt;br&gt;
    EHNHNAME=$userDisplayName&lt;br&gt;
    ;&lt;br&gt;
    STARTDATE=$startdate&lt;br&gt;
    ;&lt;br&gt;
    EHNHTITLE=$title&lt;br&gt;
    ;&lt;br&gt;
    EHNHMANAGER=$managerName&lt;br&gt;
    ;&lt;br&gt;
    COMMENTS=$comments&lt;br&gt;
    ;&lt;br&gt;
    #MAXIMO_EMAIL_END&lt;br&gt;   
    &lt;br&gt;
    &lt;/body&gt;
    &lt;/html&gt;

  </Body>
  <Description>
    Email Template for notifying to SCCD for on-boarding ticket creation.
  </Description>
  <Signature>
    <Inputs>
      <Argument name="$networkid" type="string">
        <Description>Network id of the user.</Description>
      </Argument>
      <Argument name="$displayname" type="string">
        <Description>Displayname of the user.</Description>
      </Argument>
      <Argument name="$email" type="string">
        <Description>Email of the user.</Description>
      </Argument>
      <Argument name="$officename" type="string">
        <Description>office location of the user.</Description>
      </Argument>
      <Argument name="$cubeOffice" type="string">
        <Description>cubeOffice of the user.</Description>
      </Argument>
      <Argument name="$costCenter" type="string">
        <Description>costCenter of the user.</Description>
      </Argument>
      <Argument name="$compNeed" type="string">
        <Description>compNeed of the user. This depicts if the user requires computer or not</Description>
      </Argument>
      <Argument name="$computer_Type" type="string">
        <Description>computer_Type of the user.</Description>
      </Argument>
      <Argument name="$monitor" type="string">
        <Description>monitor of the user.</Description>
      </Argument>
      <Argument name="$monitorType" type="string">
        <Description>monitorType of the user.</Description>
      </Argument>
      <Argument name="$telecommuter" type="string"/>
      <Argument name="$newextn" type="string"/>
      <Argument name="$voicemail" type="string"/>
      <Argument name="$callcenteragent" type="string"/>
      <Argument name="$new_extension" type="string"/>
      <Argument name="$phisicalphone" type="string"/>
      <Argument name="$phoneatlocation" type="string"/>
      <Argument name="$extension" type="string"/>
      <Argument name="$affectedPerson" type="string"/>
      <Argument name="$EHUSERID" type="string"/>
      <Argument name="$subject" type="string">
        <Description>Subject Line for the user</Description>
      </Argument>
    </Inputs>
  </Signature>
  <Subject>$subject</Subject>
</EmailTemplate>