<?xml version='1.0' encoding='UTF-8'?>
<!DOCTYPE EmailTemplate PUBLIC "sailpoint.dtd" "sailpoint.dtd">
<EmailTemplate name="EH_Medicare_EMAIL_Notification">
  <Body>

&lt;html&gt;
&lt;head&gt;
&lt;meta http-equiv="Content-Type" content="text/html; charset=utf-8"&gt;
&lt;/head&gt;
&lt;body&gt;
    &lt;div style="width: 655px; background-color: #fff; font-family: Verdana, Geneva, sans-serif; color: #000; font-size: 12px"&gt;
		
    
 
		&lt;div&gt;
 &lt;p&gt;&lt;b&gt;Dear Admin, &lt;/b&gt;&lt;/p&gt;
&lt;p&gt;The following Medicare Employee's Email is not updated in AD.&lt;/p&gt;
&lt;br&gt;User Details:&lt;br&gt;&lt;br&gt;
#if ( $employeeID) Employee ID:-  $employeeID #end &lt;br&gt;&lt;br/&gt;
#if ( $name) Employee Name:-  $name #end &lt;br&gt;&lt;br/&gt;
#if ( $email) Reason :-  $Reason #end &lt;br&gt;&lt;br/&gt;

&lt;p&gt;This is an auto-generated mail. Please do not reply on this mail, for any queries contact support desk.&lt;/p&gt;&lt;br&gt;&lt;br/&gt;
&lt;p&gt;Regards,&lt;/p&gt;&lt;br&gt;
EH Identity Administrator
    
	&lt;/div&gt;
 &lt;/body&gt;
&lt;/html&gt;
    
    
    
    </Body>
  <Description>
      Email Template for notifying to IDM
    </Description>
  <Signature>
    <Inputs>
      <Argument name="item" type="WorkItem">
        <Description>The WorkItem representing the review.</Description>
      </Argument>
      <Argument name="name" type="string">
        <Description>Name of the user.</Description>
      </Argument>
      <Argument name="Reason" type="string">
        <Description>EH email address of the user.</Description>
      </Argument>
      <Argument name="employeeID" type="string">
        <Description>EH employee id of the user.</Description>
      </Argument>
    </Inputs>
  </Signature>
  <Subject>Medicare Employee Email Update Failed</Subject>
</EmailTemplate>