<?xml version='1.0' encoding='UTF-8'?>
<!DOCTYPE TaskDefinition PUBLIC "sailpoint.dtd" "sailpoint.dtd">
<TaskDefinition name="Daily Vendors Created in IDM" resultAction="Rename" subType="EH Custom Reports" type="LiveReport">
  <Attributes>
    <Map>
      <entry key="EH_Vendor_Company">
        <value>
          <List>
            <String>Test Company A</String>
          </List>
        </value>
      </entry>
      <entry key="disableDetail" value="false"/>
      <entry key="disableSummary" value="false"/>
      <entry key="emailFileFormat">
        <value>
          <List>
            <String>PDF</String>
          </List>
        </value>
      </entry>
      <entry key="emailIdentities">
        <value>
          <List>
            <String>8aa0b4205bf6c9ad015c0b7a9fc60d49</String>
          </List>
        </value>
      </entry>
      <entry key="reportColumnOrder" value="user_id, first_name, last_name, display_name, email, start_date, end_date"/>
    </Map>
  </Attributes>
  <Description>Displays information about EH - Account Created in IDM</Description>
  <Owner>
    <Reference class="sailpoint.object.Identity" name="spadmin"/>
  </Owner>
  <Parent>
    <Reference class="sailpoint.object.TaskDefinition" name="EH - Vendors Created in IDM Report"/>
  </Parent>
</TaskDefinition>