<?xml version='1.0' encoding='UTF-8'?>
<!DOCTYPE TaskDefinition PUBLIC "sailpoint.dtd" "sailpoint.dtd">
<TaskDefinition executor="sailpoint.reporting.LiveReportExecutor" name="EH - Service Account Created Report" progressMode="Percentage" resultAction="Rename" subType="EH Custom Reports" template="true" type="LiveReport">
  <Attributes>
    <Map>
      <entry key="report">
        <value>
          <LiveReport title="Audit Configuration Object Report">
            <DataSource objectType="AuditEvent" type="Filter">
              <QueryParameters>
                <Parameter argument="provisioningStatus" property="string2">
                  <QueryScript>
                    <Source>
                      import sailpoint.object.Filter;
                      
                      if(value != null)
                      	queryOptions.addFilter(Filter.like("string2",value,Filter.MatchMode.ANYWHERE));
                      
                      return queryOptions;

                    </Source>
                  </QueryScript>
                </Parameter>
                <Parameter argument="createdDate" property="created" valueClass="daterange"/>
                <Parameter defaultValue="createServiceAccount" property="action"/>
                <Parameter defaultValue="AD" property="application"/>
              </QueryParameters>
            </DataSource>
            <ReportForm>
              <Reference class="sailpoint.object.Form" name="EH - Service Account Report Form"/>
            </ReportForm>
            <Columns>
              <ReportColumnConfig field="serviceAccountName" header="Service Account ID" property="accountName" sortable="true" width="110"/>
              <ReportColumnConfig field="serviceAccountDesc" header="Service Account Description" property="target" sortable="true" width="110">
                <RenderScript>
                  <Source>
                    import sailpoint.object.Identity;                                       
                    
                    String description = "";
                    if(null != value) {
                      Identity identity = context.getObjectByName(Identity.class,value);

                      if(null != identity &amp;&amp; null != identity.getAttribute("descriptionVal")) {                        	
                          description = identity.getAttribute("descriptionVal");
                      }
                    }   
                    return description;
                  </Source>
                </RenderScript>
              </ReportColumnConfig>
              <ReportColumnConfig field="serviceAccountOwner" header="Owner Name" property="target" sortable="true" width="110">
                <RenderScript>
                  <Source>
                    import sailpoint.object.Identity;                                       
                    
                    String ownerName = "";
                    if(null != value) {
                      Identity identity = context.getObjectByName(Identity.class,value);

                      if(null != identity &amp;&amp; null != identity.getManager() &amp;&amp; null != identity.getManager().getDisplayName()) {                        	
                          ownerName = identity.getManager().getDisplayName();
                      }
                    }   
                    return ownerName;
                  </Source>
                </RenderScript>
              </ReportColumnConfig>
              <ReportColumnConfig field="requestedBy" header="Requestor" property="source" sortable="true" width="110">
                <RenderScript>
                  <Source>
                    import sailpoint.object.Identity;                                       
                    
                    String requesterName = value;
                    if(null != value) {
                      Identity identity = context.getObjectByName(Identity.class,value);

                      if(null != identity &amp;&amp; null != identity.getDisplayName()) {                        	
                          requesterName = identity.getDisplayName();
                      }
                    }   
                    return requesterName;
                  </Source>
                </RenderScript>
              </ReportColumnConfig>
              <ReportColumnConfig field="managerApprovedBy" header="Manager Approval By" property="string3" sortable="true" width="110">
                <RenderScript>
                  <Source>
                    import sailpoint.object.WorkItemArchive;                   
                    
                    String ownerName = "";
                    if(null != value) {
                      WorkItemArchive workItem = context.getObjectByName(WorkItemArchive.class,value);

                      if(null != workItem.getCompleter())                         	
                          ownerName = workItem.getCompleter();
                      
                    }   
                    return ownerName;
                  </Source>
                </RenderScript>
              </ReportColumnConfig>
              <ReportColumnConfig field="managerApproved" header="Manager Approval Processed On" property="string3" sortable="true" width="110">
                <RenderScript>
                  <Source>
                    import sailpoint.object.WorkItemArchive;
                    import java.text.SimpleDateFormat;
                    import java.util.Calendar;                    
                    
                    String approvedDate = "";
                    if(null != value) {
                      WorkItemArchive workItem = context.getObjectByName(WorkItemArchive.class,value);

                      if(null != workItem.getModified()) {
                        	SimpleDateFormat formatter = new SimpleDateFormat("MM/dd/yyyy hh:mm:ss a z");
                          Calendar c = Calendar.getInstance();
                          c.setTime(workItem.getModified());
                          approvedDate = formatter.format(c.getTime());
                      }
                    }   
                    return approvedDate;
                  </Source>
                </RenderScript>
              </ReportColumnConfig>
              <ReportColumnConfig field="managerDecision" header="Manager Decision" property="string3" sortable="true" width="110">
                <RenderScript>
                  <Source>
                    import sailpoint.object.WorkItemArchive;
                    import java.text.SimpleDateFormat;
                    import java.util.Calendar;                    
                    
                    String decision = "";
                    if(null != value) {
                      WorkItemArchive workItem = context.getObjectByName(WorkItemArchive.class,value);

                      if(null != workItem.getState() &amp;&amp; null != workItem.getState().name()) {
                          decision = workItem.getState().name();
                      }
                    }   
                    return decision;
                  </Source>
                </RenderScript>
              </ReportColumnConfig>
              <ReportColumnConfig field="infosecApprovedBy" header="InfoSec Approval By" property="string4" sortable="true" width="110">
                <RenderScript>
                  <Source>
                    import sailpoint.object.WorkItemArchive;                   
                    
                    String ownerName = "";
                    if(null != value) {
                      WorkItemArchive workItem = context.getObjectByName(WorkItemArchive.class,value);

                      if(null != workItem.getCompleter() )                         	
                          ownerName = workItem.getCompleter();
                    }   
                    return ownerName;
                  </Source>
                </RenderScript>
              </ReportColumnConfig>
              <ReportColumnConfig field="infosecApproved" header="InfoSec Approval Processed On" property="string4" sortable="true" width="110">
                <RenderScript>
                  <Source>
                    import sailpoint.object.WorkItemArchive;
                    import java.text.SimpleDateFormat;
                    import java.util.Calendar;                    
                    
                    String approvedDate = "";
                    if(null != value) {
                      WorkItemArchive workItem = context.getObjectByName(WorkItemArchive.class,value);

                      if(null != workItem.getModified()) {
                        	SimpleDateFormat formatter = new SimpleDateFormat("MM/dd/yyyy hh:mm:ss a z");
                          Calendar c = Calendar.getInstance();
                          c.setTime(workItem.getModified());
                          approvedDate = formatter.format(c.getTime());
                      }
                    }     
                    return approvedDate;
                  </Source>
                </RenderScript>
              </ReportColumnConfig>
              <ReportColumnConfig field="infosecDecision" header="Infosec Decision" property="string4" sortable="true" width="110">
                <RenderScript>
                  <Source>
                    import sailpoint.object.WorkItemArchive;
                    import java.text.SimpleDateFormat;
                    import java.util.Calendar;                    
                    
                    String decision = "";
                    if(null != value) {
                      WorkItemArchive workItem = context.getObjectByName(WorkItemArchive.class,value);

                      if(null != workItem.getState() &amp;&amp; null != workItem.getState().name()) {
                          decision = workItem.getState().name();
                      }
                    }   
                    return decision;
                  </Source>
                </RenderScript>
              </ReportColumnConfig>
              <ReportColumnConfig field="accountCreated" header="Created Date" property="accountName" scriptArguments="application,string2" sortable="true" width="110">
                <RenderScript>
                  <Source>
                    import sailpoint.object.Filter;
                    import sailpoint.object.QueryOptions;
                    import sailpoint.object.Link;
                    import java.text.SimpleDateFormat;
                    import java.util.Calendar;                    
                    
                    String createdDate = "";   
                    String appName = scriptArgs.get("application");
                    String string2 = scriptArgs.get("string2");
                    if(null != value &amp;&amp; null != string2 &amp;&amp; string2.contains("Success")) {    
                    		QueryOptions qo = new QueryOptions();
                    		qo.addFilter(Filter.eq("application.name",appName));
                    		qo.addFilter(Filter.eq("displayName",value));
                    		
                    		List property = new ArrayList();
                    		property.add("created");
                    		
                    		Date linkCreatedDate;
                    		Iterator it = context.search(Link.class, qo, property);
                        while (it.hasNext()) {
                          Object[] obj = it.next();
                          if(obj[0]!=null) {
                            linkCreatedDate = obj[0];
                          }
                        }
                    			if(null != linkCreatedDate) {
                            SimpleDateFormat formatter = new SimpleDateFormat("MM/dd/yyyy hh:mm:ss a z");
                            Calendar c = Calendar.getInstance();
                            c.setTime(linkCreatedDate);
                            createdDate = formatter.format(c.getTime());  
                    			}
                      } 
                    
                    return createdDate;
                  </Source>
                </RenderScript>
              </ReportColumnConfig>
            </Columns>
          </LiveReport>
        </value>
      </entry>
    </Map>
  </Attributes>
  <Description>Displays Service Accounts Report</Description>
  <RequiredRights>
    <Reference class="sailpoint.object.SPRight" name="FullAccessProvisioningTransactionReport"/>
  </RequiredRights>
  <Signature>
    <Inputs>
      <Argument name="createdDate" type="date">
        <Description>rept_input_cert_report_signed_date</Description>
      </Argument>
      <Argument name="provisioningStatus" type="string">
        <Description>help_report_provisioning_integration</Description>
      </Argument>
    </Inputs>
  </Signature>
</TaskDefinition>