<?xml version='1.0' encoding='UTF-8'?>
<!DOCTYPE TaskDefinition PUBLIC "sailpoint.dtd" "sailpoint.dtd">
<TaskDefinition name="EH - Manage Service Account Weekly Report" resultAction="Rename" subType="EH Custom Reports" type="LiveReport">
  <Attributes>
    <Map>
      <entry key="disableDetail" value="false"/>
      <entry key="disableSummary" value="false"/>
      <entry key="emailFileFormat">
        <value>
          <List>
            <String>CSV</String>
          </List>
        </value>
      </entry>
      <entry key="emailIdentities">
        <value>
          <List>
            <String>8aa098be5d326e60015d3cbd761618bd</String>
          </List>
        </value>
      </entry>
      <entry key="emailTemplateId" value="EH_Email_Manage_ServiceAccount_Weekly_Report"/>
      <entry key="reportColumnOrder" value="serviceAccountName, serviceAccountDesc, owner, newowner, operation, requestedBy, accountModified"/>
    </Map>
  </Attributes>
  <Description>Displays service Accounts modification in AD on Weekly basis</Description>
  <Owner>
    <Reference class="sailpoint.object.Identity" name="spadmin"/>
  </Owner>
  <Parent>
    <Reference class="sailpoint.object.TaskDefinition" name="EH - Manage Service Account Weekly"/>
  </Parent>
</TaskDefinition>