<?xml version='1.0' encoding='UTF-8'?>
<!DOCTYPE TaskDefinition PUBLIC "sailpoint.dtd" "sailpoint.dtd">
<TaskDefinition executor="sailpoint.reporting.LiveReportExecutor" name="EH - Service Account Certification Reports" progressMode="Percentage" resultAction="Rename" subType="EH Certification Report" template="true" type="LiveReport">
  <Attributes>
    <Map>
      <entry key="report">
        <value>
          <LiveReport title="Service Accounts Access Request Status Report">
            <DataSource objectType="sailpoint.object.CertificationItem" type="Filter">
              <QueryParameters>
                <Parameter defaultValue="AD" property="exceptionApplication"/>
                <Parameter defaultValue="service" property="extended1"/>
                <Parameter argument="Start Date" operation="GE" property="parent.certification.created"/>
                <Parameter argument="End Date" operation="LE" property="parent.certification.finished"/>
              </QueryParameters>
            </DataSource>
            <Columns>
              <ReportColumnConfig field="accountID" header="Account ID" property="parent.targetName" sortable="true" width="110">
                <RenderScript>
                  <Source>
                    String networkID = "";
                    if(null != value) {
                    	networkID = value.replace("svc", "");
                    }
                    return networkID;
                  </Source>
                </RenderScript>
              </ReportColumnConfig>
              <ReportColumnConfig field="description" header="Description" property="parent.targetId" sortable="true" width="110">
                <RenderScript>
                  <Source>
                    import sailpoint.object.Identity;
                    String desc = "";
                    if(null != value) {
                    	Identity id = context.getObjectById(Identity.class,value);
                      if(id != null)
                      { 
                    		context.setProperty("identityObject",id);
                        desc =  id.getAttribute("descriptionVal");
                      }
                    }
                    return desc;
                  </Source>
                </RenderScript>
              </ReportColumnConfig>
              <ReportColumnConfig field="owner" header="Owner" property="parent.targetId" sortable="true" width="110">
                <RenderScript>
                  <Source>
                    import sailpoint.object.Identity;
                    String ownerName = "";
                    if(null != value &amp;&amp; null != context.getProperty("identityObject")) {
                      Identity id = context.getProperty("identityObject");
                      if(null != id.getManager() &amp;&amp; null != id.getManager().getDisplayName()) 
                      { 
                        ownerName =  id.getManager().getDisplayName();
                      }
                    }
                    return ownerName;
                  </Source>
                </RenderScript>
              </ReportColumnConfig>
              <ReportColumnConfig field="startDate" header="Start Date" property="parent.targetId" sortable="true" width="110">
                <RenderScript>
                  <Source>
                    import sailpoint.object.Identity;
                    String startDate = "";
                    if(null != value &amp;&amp; null != context.getProperty("identityObject")) {
                      Identity id = context.getProperty("identityObject");
                      if(null != id.getAttribute("startdate")) 
                      { 
                        startDate =  id.getAttribute("startdate");
                      }
                    }
                    return startDate;
                  </Source>
                </RenderScript>
              </ReportColumnConfig>
              <ReportColumnConfig field="endDate" header="End Date" property="parent.targetId" sortable="true" width="110">
                <RenderScript>
                  <Source>
                    import sailpoint.object.Identity;
                    String endDate = "";
                    if(null != value &amp;&amp; null != context.getProperty("identityObject")) {
                      Identity id = context.getProperty("identityObject");
                      if(null != id.getAttribute("enddate")) 
                      { 
                        endDate =  id.getAttribute("enddate");
                      }
                    }
                    context.setProperty("identityObject",null);
                    return endDate;
                  </Source>
                </RenderScript>
              </ReportColumnConfig>
              <ReportColumnConfig field="certifier" header="Certifier Name" property="action.actorDisplayName" sortable="true" width="110"/>
              <ReportColumnConfig field="decision" header="Decision" property="action.status" sortable="true" width="110"/>
              <ReportColumnConfig field="Comments" header="Comments" property="id" sortable="true" width="110">
                <RenderScript>
                  <Source>
                    import java.util.*;
                    import java.io.*;
                    import sailpoint.object.*;
                    import sailpoint.api.SailPointContext;
                    import java.text.SimpleDateFormat;  
                    import java.util.Date; 

                    import java.io.*;
                    import java.net.*;
                    CertificationItem certitem=context.getObjectById(CertificationItem.class,value);
                    String certcomment=certitem.getAction().getComments();
                    if(certcomment==null || certcomment.length()==0)
                    {
                    Certification certification=certitem.getCertification();
                    String certId=certification.getId();
                    String nativeIdentity=certitem.getExceptionEntitlements().getNativeIdentity();
                    System.out.println("Native ID..."+nativeIdentity);
                    QueryOptions ops = new QueryOptions();

                    //ops.addFilter(Filter.eq("certificationLink.id", value));
                    ops.addFilter(Filter.eq("type", "Comment"));
                    System.out.println("Testing1....");
                    List idHistory = context.getObjects(IdentityHistoryItem.class, ops);
                    System.out.println("Testing2...."+idHistory);
                    String comment="";

                    for(IdentityHistoryItem identityHistory:idHistory)
                    {

                    //System.out.println("Identity : " + identity);
                    if(identityHistory.getCertificationLink().getId().equals(certId) &amp;&amp; identityHistory.getNativeIdentity().equals(nativeIdentity))
                    {
                    comment = identityHistory.getComments();
                    System.out.println("Comments...."+comment);
                    }
                    }

                    return comment;
                    }
                    else
                    {
                    return certcomment;
                    }
                  </Source>
                </RenderScript>
              </ReportColumnConfig>
              <ReportColumnConfig field="decision date" header="Decision Date" property="action.decisionDate" sortable="true" width="110"/>
            </Columns>
          </LiveReport>
        </value>
      </entry>
      <entry key="reportTitle" value="rept_lcm_entitlement_request_status_title"/>
    </Map>
  </Attributes>
  <Description>Displays information about Service Account certification Details.</Description>
  <RequiredRights>
    <Reference class="sailpoint.object.SPRight" name="FullAccessEntitlementRequestStatusReport"/>
  </RequiredRights>
  <Signature>
    <Inputs>
      <Argument name="Start Date" required="true" type="date">
        <Description>rept_input_lcm_request_status_report_apps</Description>
      </Argument>
      <Argument name="End Date" required="true" type="date">
        <Description>rept_input_lcm_request_status_report_apps</Description>
      </Argument>
    </Inputs>
  </Signature>
</TaskDefinition>