<?xml version='1.0' encoding='UTF-8'?>
<!DOCTYPE TaskDefinition PUBLIC "sailpoint.dtd" "sailpoint.dtd">
<TaskDefinition name="EH - Ownership Transfer On Termination Generic Report" resultAction="Rename" subType="EH Custom Reports" type="LiveReport">
  <Attributes>
    <Map>
      <entry key="disableDetail" value="false"/>
      <entry key="disableSummary" value="false"/>
      <entry key="emailFileFormat">
        <value>
          <List>
            <String>CSV</String>
          </List>
        </value>
      </entry>
      <entry key="provisioningStatus" value="Fail"/>
      <entry key="reportColumnOrder" value="serviceAccountName, serviceAccountDesc, owner, newowner, accountModified, provisioningStatus"/>
      <entry key="updatedDate">
        <value>
          <Map>
            <entry key="end">
              <value>
                <Long>1520827200000</Long>
              </value>
            </entry>
            <entry key="start">
              <value>
                <Long>1504238400000</Long>
              </value>
            </entry>
          </Map>
        </value>
      </entry>
    </Map>
  </Attributes>
  <Description>Displays Modified Ownership Transfer of Service Account On User Termination</Description>
  <Owner>
    <Reference class="sailpoint.object.Identity" name="spadmin"/>
  </Owner>
  <Parent>
    <Reference class="sailpoint.object.TaskDefinition" name="EH - Ownership Transfer On Termination"/>
  </Parent>
</TaskDefinition>