<?xml version='1.0' encoding='UTF-8'?>
<!DOCTYPE TaskDefinition PUBLIC "sailpoint.dtd" "sailpoint.dtd">
<TaskDefinition name="EH - Service Account Weekly Created Report" resultAction="Rename" subType="EH Custom Reports" type="LiveReport">
  <Attributes>
    <Map>
      <entry key="disableDetail" value="false"/>
      <entry key="disableSummary" value="false"/>
      <entry key="emailFileFormat">
        <value>
          <List>
            <String>CSV</String>
          </List>
        </value>
      </entry>
      <entry key="emailIdentities">
        <value>
          <List>
            <String>8aa098be5d326e60015d3cbd761618bd</String>
          </List>
        </value>
      </entry>
      <entry key="emailTemplateId" value="EH_Email_Create_ServiceAccount_Weekly_Report"/>
      <entry key="reportColumnOrder" value="serviceAccountName, serviceAccountDesc, requestedBy, serviceAccountOwner, managerApprovedBy, managerApproved, infosecApprovedBy, infosecApproved, accountCreated"/>
    </Map>
  </Attributes>
  <Description>Displays Service Accounts Created on Weekly Report</Description>
  <Owner>
    <Reference class="sailpoint.object.Identity" name="spadmin"/>
  </Owner>
  <Parent>
    <Reference class="sailpoint.object.TaskDefinition" name="EH - Service Account Created Weekly"/>
  </Parent>
</TaskDefinition>