<?xml version='1.0' encoding='UTF-8'?>
<!DOCTYPE TaskDefinition PUBLIC "sailpoint.dtd" "sailpoint.dtd">
<TaskDefinition name="EH - Service Account Created Generic Report" resultAction="Rename" subType="EH Custom Reports" type="LiveReport">
  <Attributes>
    <Map>
      <entry key="createdDate">
        <value>
          <Map>
            <entry key="end">
              <value>
                <Long>1523039400000</Long>
              </value>
            </entry>
            <entry key="start">
              <value>
                <Long>1506709800000</Long>
              </value>
            </entry>
          </Map>
        </value>
      </entry>
      <entry key="disableDetail" value="false"/>
      <entry key="disableSummary" value="false"/>
      <entry key="emailFileFormat">
        <value>
          <List>
            <String>CSV</String>
          </List>
        </value>
      </entry>
      <entry key="emailIdentities">
        <value>
          <List>
            <String>8aa098be5d326e60015d3cbd761618bd</String>
          </List>
        </value>
      </entry>
      <entry key="provisioningStatus" value="Incomplete"/>
      <entry key="reportColumnOrder" value="serviceAccountName, serviceAccountDesc, serviceAccountOwner, requestedBy, accountCreated, managerApprovedBy, managerDecision, managerApproved, infosecApprovedBy, infosecDecision, infosecApproved"/>
    </Map>
  </Attributes>
  <Description>Displays Service Accounts Report</Description>
  <Owner>
    <Reference class="sailpoint.object.Identity" name="spadmin"/>
  </Owner>
  <Parent>
    <Reference class="sailpoint.object.TaskDefinition" name="EH - Service Account Created Report"/>
  </Parent>
</TaskDefinition>