<?xml version='1.0' encoding='UTF-8'?>
<!DOCTYPE TaskDefinition PUBLIC "sailpoint.dtd" "sailpoint.dtd">
<TaskDefinition name="EH - Service Account Certification Report" resultAction="Rename" subType="EH Certification Report" type="LiveReport">
  <Attributes>
    <Map>
      <entry key="End Date">
        <value>
          <Date>1522756800000</Date>
        </value>
      </entry>
      <entry key="Start Date">
        <value>
          <Date>1522584000000</Date>
        </value>
      </entry>
      <entry key="disableDetail" value="false"/>
      <entry key="disableSummary" value="false"/>
      <entry key="emailFileFormat">
        <value>
          <List>
            <String>CSV</String>
          </List>
        </value>
      </entry>
      <entry key="emailTemplateId" value="EH_Email_ServiceAccount_Certification_Report"/>
      <entry key="reportColumnOrder" value="accountID, description, owner, startDate, endDate, certifier, decision, Comments, decision date"/>
      <entry key="reportCreateTimeZone" value="Asia/Calcutta"/>
      <entry key="reportTitle" value="rept_lcm_entitlement_request_status_title"/>
    </Map>
  </Attributes>
  <Description>Displays information about Service Account certification Details.</Description>
  <Owner>
    <Reference class="sailpoint.object.Identity" name="spadmin"/>
  </Owner>
  <Parent>
    <Reference class="sailpoint.object.TaskDefinition" name="EH - Service Account Certification Reports"/>
  </Parent>
</TaskDefinition>