<?xml version='1.0' encoding='UTF-8'?>
<!DOCTYPE TaskDefinition PUBLIC "sailpoint.dtd" "sailpoint.dtd">
<TaskDefinition executor="sailpoint.reporting.LiveReportExecutor" name="EH - Service Account Owner Report" progressMode="Percentage" resultAction="Rename" subType="EH Custom Reports" template="true" type="LiveReport">
  <Attributes>
    <Map>
      <entry key="report">
        <value>
          <LiveReport title="Link Object Report">
            <DataSource objectType="Link" type="Filter">
              <QueryParameters>
                <Parameter property="EHaccountType">
                  <QueryScript>
                    <Source>
                      import sailpoint.object.Filter;
                      
                      
                      queryOptions.addFilter(Filter.eq("EHaccountType","service"));
                      
                      return queryOptions;

                    </Source>
                  </QueryScript>
                </Parameter>
                <Parameter argument="owner" property="identity.manager.name"/>
                <Parameter defaultValue="AD" property="application.name"/>
              </QueryParameters>
            </DataSource>
            <ReportForm>
              <Reference class="sailpoint.object.Form" name="EH - Service Account Owner Report Form"/>
            </ReportForm>
            <Columns>
              <ReportColumnConfig field="serviceAccountName" header="Service Account ID" property="displayName" sortable="true" width="110"/>
              <ReportColumnConfig field="serviceAccountDesc" header="Service Account Description" property="identity.attributes" sortable="true" width="110">
                <RenderScript>
                  <Source>
                    import sailpoint.object.Attributes;                                       
                    
                    String description = "";
                    if(null != value) {
                      Attributes attr = (Attributes) value;

                      if(null != attr &amp;&amp; null != attr.get("descriptionVal")) {                        	
                          description = attr.get("descriptionVal");
                      }
                    }   
                    return description;
                  </Source>
                </RenderScript>
              </ReportColumnConfig>
              <ReportColumnConfig field="serviceAccountOwner" header="Service Account Owner" property="identity.manager.displayName" sortable="true" width="110"/>
              <ReportColumnConfig field="createdDate" header="Created Date" property="attributes" sortable="true" width="110">
                <RenderScript>
                  <Source>                  
                    
                    String createdDate = "";
                    if(null != value) {
                      createdDate = value.getString("extensionAttribute3");
                      
                    }   
                    return createdDate;
                  </Source>
                </RenderScript>
              </ReportColumnConfig>
              <ReportColumnConfig field="accountSatus" header="Account Status" property="attributes" sortable="true" width="110">
                <RenderScript>
                  <Source>                 
                    
                    String flag = "Active";
                    if(null != value) {
                      boolean status = value.getBoolean("IIQDisabled");
                    	if(status)
                    		flag = "Inactive";
                      
                    }   
                    return flag;
                  </Source>
                </RenderScript>
              </ReportColumnConfig>
            </Columns>
          </LiveReport>
        </value>
      </entry>
    </Map>
  </Attributes>
  <Description>Displays Service Accounts Report</Description>
  <RequiredRights>
    <Reference class="sailpoint.object.SPRight" name="FullAccessProvisioningTransactionReport"/>
  </RequiredRights>
  <Signature>
    <Inputs>
      <Argument multi="true" name="owner" type="identity">
        <Description>rept_input_cert_report_signed_date</Description>
      </Argument>
      <Argument name="serviceAccountID" type="link">
        <Description>help_report_provisioning_integration</Description>
      </Argument>
    </Inputs>
  </Signature>
</TaskDefinition>