<?xml version='1.0' encoding='UTF-8'?>
<!DOCTYPE TaskDefinition PUBLIC "sailpoint.dtd" "sailpoint.dtd">
<TaskDefinition name="EH - Service Account Owner Reports" resultAction="Rename" subType="EH Custom Reports" type="LiveReport">
  <Attributes>
    <Map>
      <entry key="disableDetail" value="false"/>
      <entry key="disableSummary" value="false"/>
      <entry key="owner">
        <value>
          <List>
            <String>v7896033</String>
          </List>
        </value>
      </entry>
      <entry key="reportColumnOrder" value="serviceAccountName, serviceAccountDesc, serviceAccountOwner, createdDate, accountSatus"/>
    </Map>
  </Attributes>
  <Description>Displays Service Accounts Report</Description>
  <Owner>
    <Reference class="sailpoint.object.Identity" name="spadmin"/>
  </Owner>
  <Parent>
    <Reference class="sailpoint.object.TaskDefinition" name="EH - Service Account Owner Report"/>
  </Parent>
</TaskDefinition>