<?xml version='1.0' encoding='UTF-8'?>
<!DOCTYPE TaskDefinition PUBLIC "sailpoint.dtd" "sailpoint.dtd">
<TaskDefinition executor="sailpoint.reporting.LiveReportExecutor" name="EH - Ownership Transfer On Termination" progressMode="Percentage" resultAction="Rename" subType="EH Custom Reports" template="true" type="LiveReport">
  <Attributes>
    <Map>
      <entry key="report">
        <value>
          <LiveReport title="Audit Configuration Object Report">
            <DataSource objectType="AuditEvent" type="Filter">
              <QueryParameters>
                <Parameter argument="updatedDate" property="created" valueClass="daterange"/>
                <Parameter argument="provisioningStatus" property="string3">
                  <QueryScript>
                    <Source>
                      import sailpoint.object.Filter;
                      
                      if(value != null)
                      	queryOptions.addFilter(Filter.like("string3",value,Filter.MatchMode.ANYWHERE));
                      
                      return queryOptions;

                    </Source>
                  </QueryScript>
                </Parameter>
                <Parameter defaultValue="OwnershipTransferOfServiceAccountOnTermination" property="action"/>
                <Parameter defaultValue="AD" property="application"/>
              </QueryParameters>
            </DataSource>
            <ReportForm>
              <Reference class="sailpoint.object.Form" name="EH - Ownership Transfer of Service Account On Termination Report Form"/>
            </ReportForm>
            <Columns>
              <ReportColumnConfig field="serviceAccountName" header="Service Account ID" property="accountName" sortable="true" width="110"/>
              <ReportColumnConfig field="serviceAccountDesc" header="Service Account Description" property="target" sortable="true" width="110">
                <RenderScript>
                  <Source>
                    import sailpoint.object.Identity;                                       
                    
                    String description = "";
                    if(null != value) {
                      Identity identity = context.getObjectByName(Identity.class,value);

                      if(null != identity &amp;&amp; null != identity.getAttribute("descriptionVal")) {                        	
                          description = identity.getAttribute("descriptionVal");
                      }
                    }   
                    return description;
                  </Source>
                </RenderScript>
              </ReportColumnConfig>
              <ReportColumnConfig field="owner" header="Owner Name" property="string1" sortable="true" width="110">
                <RenderScript>
                  <Source>
                    import java.io.*;
                    String owner=value;
                    if(null!=owner)
                    return owner;
                    else
                    return " ";
                  </Source>
                </RenderScript>
              </ReportColumnConfig>
              <ReportColumnConfig field="newowner" header="New Owner Name" property="string2" sortable="true" width="110">
                <RenderScript>
                  <Source>
                    import java.io.*;
                    String newowner=value;
                    if(null!=newowner)
                    return newowner;
                    else
                    return " ";
                  </Source>
                </RenderScript>
              </ReportColumnConfig>
              <ReportColumnConfig field="accountModified" header="Updated Date" property="created" sortable="true" width="110">
                <RenderScript>
                  <Source>
                    import sailpoint.object.WorkItemArchive;
                    import java.text.SimpleDateFormat;
                    import java.util.Calendar;                    
                    
                    String updatedDate = "";
                    if(null != value) {                      
                        	SimpleDateFormat formatter = new SimpleDateFormat("MM/dd/yyyy hh:mm:ss a z");
                          Calendar c = Calendar.getInstance();
                          c.setTime(value);
                          updatedDate = formatter.format(c.getTime());                      
                    }     
                    return updatedDate;
                  </Source>
                </RenderScript>
              </ReportColumnConfig>
              <ReportColumnConfig field="provisioningStatus" header="Provisioning Status" property="string3" sortable="true" width="110">
                <RenderScript>
                  <Source>
                    import java.io.*;
                    String operation=value;
                    if(null!=operation)
                    return operation;
                    else
                    return " ";
                  </Source>
                </RenderScript>
              </ReportColumnConfig>
            </Columns>
          </LiveReport>
        </value>
      </entry>
    </Map>
  </Attributes>
  <Description>Displays Modified Ownership Transfer of Service Account On User Termination</Description>
  <RequiredRights>
    <Reference class="sailpoint.object.SPRight" name="FullAccessProvisioningTransactionReport"/>
  </RequiredRights>
  <Signature>
    <Inputs>
      <Argument name="updatedDate" type="date">
        <Description>rept_input_cert_report_signed_date</Description>
      </Argument>
      <Argument name="provisioningStatus" type="string">
        <Description>help_report_provisioning_integration</Description>
      </Argument>
    </Inputs>
  </Signature>
</TaskDefinition>