<?xml version='1.0' encoding='UTF-8'?>
<!DOCTYPE TaskDefinition PUBLIC "sailpoint.dtd" "sailpoint.dtd">
<TaskDefinition name="EH - Ownership Transfer On Termination Monthly Report" resultAction="Rename" subType="EH Custom Reports" type="LiveReport">
  <Attributes>
    <Map>
      <entry key="disableDetail" value="false"/>
      <entry key="disableSummary" value="false"/>
      <entry key="emailFileFormat">
        <value>
          <List>
            <String>CSV</String>
          </List>
        </value>
      </entry>
      <entry key="emailIdentities">
        <value>
          <List>
            <String>8aa0b4205cca3467015cd038e72404a1</String>
          </List>
        </value>
      </entry>
      <entry key="emailTemplateId" value="EH_Email_Ownership_Transfer_Of_Serviceaccount_OnTermination_Monthly_Report"/>
      <entry key="reportColumnOrder" value="serviceAccountName, serviceAccountDesc, oldOwner, newOwner, accountModified"/>
    </Map>
  </Attributes>
  <Description>Displays service Accounts modification in AD on Monthly basis</Description>
  <Owner>
    <Reference class="sailpoint.object.Identity" name="spadmin"/>
  </Owner>
  <Parent>
    <Reference class="sailpoint.object.TaskDefinition" name="EH - Ownership Transfer On Termination Monthly"/>
  </Parent>
</TaskDefinition>