<?xml version='1.0' encoding='UTF-8'?>
<!DOCTYPE TaskDefinition PUBLIC "sailpoint.dtd" "sailpoint.dtd">
<TaskDefinition executor="sailpoint.reporting.LiveReportExecutor" name="EH - Service Account Created Weekly" progressMode="Percentage" resultAction="Rename" subType="EH Custom Reports" template="true" type="LiveReport">
  <Attributes>
    <Map>
      <entry key="report">
        <value>
          <LiveReport title="Audit Configuration Object Report">
            <DataSource objectType="AuditEvent" type="Filter">
              <QueryParameters>
                <Parameter property="created">
                  <QueryScript>
                    <Source>
                      import sailpoint.object.*;
                      import java.util.*; 
                      import java.util.Date;
                      import java.text.SimpleDateFormat;
                      import java.util.Calendar;

                      Calendar c = Calendar.getInstance();

                      //Start of day
                      c.add(c.DATE,-7);
                      c.set(Calendar.HOUR_OF_DAY, 0);
                      c.set(Calendar.MINUTE, 0);
                      c.set(Calendar.SECOND, 0);
                      c.set(Calendar.MILLISECOND, 0);
                      Date am = c.getTime();
                      System.out.println("Start Date " + am);

                      //End of day
                      c.setTime(new Date());
                      c.set(Calendar.HOUR_OF_DAY, 23);
                      c.set(Calendar.MINUTE, 59);
                      c.set(Calendar.SECOND, 59);
                      c.set(Calendar.MILLISECOND, 999);
                      Date pm = c.getTime();
                      System.out.println("End Date " + pm);

                      Filter todayAM = Filter.ge("created",am);
                      Filter todayPM = Filter.le("created",pm);
                      Filter createdFilter = Filter.and(todayAM,todayPM);
                      queryOptions.addFilter(createdFilter);
                      
                      return queryOptions;

                    </Source>
                  </QueryScript>
                </Parameter>
                <Parameter defaultValue="createServiceAccount" property="action"/>
                <Parameter defaultValue="AD" property="application"/>
                <Parameter property="string2">
                  <QueryScript>
                    <Source>

                      import sailpoint.object.Filter;
                      
                      queryOptions.addFilter(Filter.ignoreCase(Filter.like("string2", "Success", Filter.MatchMode.END)));
                      
                      return queryOptions;

                    </Source>
                  </QueryScript>
                </Parameter>
              </QueryParameters>
            </DataSource>
            <Columns>
              <ReportColumnConfig field="serviceAccountName" header="Service Account ID" property="accountName" sortable="true" width="110"/>
              <ReportColumnConfig field="serviceAccountDesc" header="Service Account Description" property="target" sortable="true" width="110">
                <RenderScript>
                  <Source>
                    import sailpoint.object.Identity;                                       
                    
                    String description = "";
                    if(null != value) {
                      Identity identity = context.getObjectByName(Identity.class,value);

                      if(null != identity &amp;&amp; null != identity.getAttribute("descriptionVal")) {                        	
                          description = identity.getAttribute("descriptionVal");
                      }
                    }   
                    return description;
                  </Source>
                </RenderScript>
              </ReportColumnConfig>
              <ReportColumnConfig field="serviceAccountOwner" header="Owner Name" property="target" sortable="true" width="110">
                <RenderScript>
                  <Source>
                    import sailpoint.object.Identity;                                       
                    
                    String ownerName = "";
                    if(null != value) {
                      Identity identity = context.getObjectByName(Identity.class,value);

                      if(null != identity &amp;&amp; null != identity.getManager() &amp;&amp; null != identity.getManager().getDisplayName()) {                        	
                          ownerName = identity.getManager().getDisplayName();
                      }
                    }   
                    return ownerName;
                  </Source>
                </RenderScript>
              </ReportColumnConfig>
              <ReportColumnConfig field="requestedBy" header="Requestor" property="source" sortable="true" width="110">
                <RenderScript>
                  <Source>
                    import sailpoint.object.Identity;                                       
                    
                    String requesterName = value;
                    if(null != value) {
                      Identity identity = context.getObjectByName(Identity.class,value);

                      if(null != identity &amp;&amp; null != identity.getDisplayName()) {                        	
                          requesterName = identity.getDisplayName();
                      }
                    }   
                    return requesterName;
                  </Source>
                </RenderScript>
              </ReportColumnConfig>
              <ReportColumnConfig field="managerApprovedBy" header="Manager Approval By" property="string3" sortable="true" width="110">
                <RenderScript>
                  <Source>
                    import sailpoint.object.WorkItemArchive;                   
                    
                    String ownerName = "";
                    if(null != value) {
                      WorkItemArchive workItem = context.getObjectByName(WorkItemArchive.class,value);

                      if(null != workItem.getCompleter())                         	
                          ownerName = workItem.getCompleter();
                      
                    }   
                    return ownerName;
                  </Source>
                </RenderScript>
              </ReportColumnConfig>
              <ReportColumnConfig field="managerApproved" header="Manager Approved On" property="string3" sortable="true" width="110">
                <RenderScript>
                  <Source>
                    import sailpoint.object.WorkItemArchive;
                    import java.text.SimpleDateFormat;
                    import java.util.Calendar;                    
                    
                    String approvedDate = "";
                    if(null != value) {
                      WorkItemArchive workItem = context.getObjectByName(WorkItemArchive.class,value);

                      if(null != workItem.getModified()) {
                        	SimpleDateFormat formatter = new SimpleDateFormat("MM/dd/yyyy hh:mm:ss a z");
                          Calendar c = Calendar.getInstance();
                          c.setTime(workItem.getModified());
                          approvedDate = formatter.format(c.getTime());
                      }
                    }   
                    return approvedDate;
                  </Source>
                </RenderScript>
              </ReportColumnConfig>
              <ReportColumnConfig field="infosecApprovedBy" header="InfoSec Approval By" property="string4" sortable="true" width="110">
                <RenderScript>
                  <Source>
                    import sailpoint.object.WorkItemArchive;                   
                    
                    String ownerName = "";
                    if(null != value) {
                      WorkItemArchive workItem = context.getObjectByName(WorkItemArchive.class,value);

                      if(null != workItem.getCompleter() )                         	
                          ownerName = workItem.getCompleter();
                    }   
                    return ownerName;
                  </Source>
                </RenderScript>
              </ReportColumnConfig>
              <ReportColumnConfig field="infosecApproved" header="InfoSec Approved On" property="string4" sortable="true" width="110">
                <RenderScript>
                  <Source>
                    import sailpoint.object.WorkItemArchive;
                    import java.text.SimpleDateFormat;
                    import java.util.Calendar;                    
                    
                    String approvedDate = "";
                    if(null != value) {
                      WorkItemArchive workItem = context.getObjectByName(WorkItemArchive.class,value);

                      if(null != workItem.getModified()) {
                        	SimpleDateFormat formatter = new SimpleDateFormat("MM/dd/yyyy hh:mm:ss a z");
                          Calendar c = Calendar.getInstance();
                          c.setTime(workItem.getModified());
                          approvedDate = formatter.format(c.getTime());
                      }
                    }     
                    return approvedDate;
                  </Source>
                </RenderScript>
              </ReportColumnConfig>
              <ReportColumnConfig field="accountCreated" header="Created Date" property="created" sortable="true" width="110">
                <RenderScript>
                  <Source>
                    import sailpoint.object.WorkItemArchive;
                    import java.text.SimpleDateFormat;
                    import java.util.Calendar;                    
                    
                    String createdDate = "";
                    if(null != value) {                      
                        	SimpleDateFormat formatter = new SimpleDateFormat("MM/dd/yyyy hh:mm:ss a z");
                          Calendar c = Calendar.getInstance();
                          c.setTime(value);
                          createdDate = formatter.format(c.getTime());                      
                    }     
                    return createdDate;
                  </Source>
                </RenderScript>
              </ReportColumnConfig>
            </Columns>
          </LiveReport>
        </value>
      </entry>
    </Map>
  </Attributes>
  <Description>Displays Service Accounts Created on Weekly Report</Description>
  <RequiredRights>
    <Reference class="sailpoint.object.SPRight" name="FullAccessProvisioningTransactionReport"/>
  </RequiredRights>
</TaskDefinition>