<?xml version='1.0' encoding='UTF-8'?>
<!DOCTYPE TaskDefinition PUBLIC "sailpoint.dtd" "sailpoint.dtd">
<TaskDefinition name="EH - Manage Service Account Generic Report" resultAction="Rename" subType="EH Custom Reports" type="LiveReport">
  <Attributes>
    <Map>
      <entry key="createdDate">
        <value>
          <Map>
            <entry key="end">
              <value>
                <Long>1518670800000</Long>
              </value>
            </entry>
            <entry key="start">
              <value>
                <Long>1517461200000</Long>
              </value>
            </entry>
          </Map>
        </value>
      </entry>
      <entry key="disableDetail" value="false"/>
      <entry key="disableSummary" value="false"/>
      <entry key="emailFileFormat">
        <value>
          <List>
            <String>CSV</String>
          </List>
        </value>
      </entry>
      <entry key="performOperation" value="Enable"/>
      <entry key="provisioningStatus" value="Success"/>
      <entry key="reportColumnOrder" value="serviceAccountName, serviceAccountDesc, owner, newowner, requestedBy, operation, provisioningStatus, accountModified"/>
      <entry key="reportCreateTimeZone" value="America/Detroit"/>
      <entry key="updatedDate">
        <value>
          <Map>
            <entry key="end">
              <value>
                <Long>1521086400000</Long>
              </value>
            </entry>
            <entry key="start">
              <value>
                <Long>1521086400000</Long>
              </value>
            </entry>
          </Map>
        </value>
      </entry>
    </Map>
  </Attributes>
  <Description>Displays Modified Service Accounts for All Operations</Description>
  <Owner>
    <Reference class="sailpoint.object.Identity" name="spadmin"/>
  </Owner>
  <Parent>
    <Reference class="sailpoint.object.TaskDefinition" name="EH - Manage Service Account"/>
  </Parent>
</TaskDefinition>