<?xml version='1.0' encoding='UTF-8'?>
<!DOCTYPE TaskDefinition PUBLIC "sailpoint.dtd" "sailpoint.dtd">
<TaskDefinition executor="sailpoint.reporting.LiveReportExecutor" name="EH - Ownership Transfer On Termination Weekly" progressMode="Percentage" resultAction="Rename" subType="EH Custom Reports" template="true" type="LiveReport">
  <Attributes>
    <Map>
      <entry key="report">
        <value>
          <LiveReport title="Audit Configuration Object Report">
            <DataSource objectType="AuditEvent" type="Filter">
              <QueryParameters>
                <Parameter property="created">
                  <QueryScript>
                    <Source>
                      import sailpoint.object.*;
                      import java.util.*; 
                      import java.util.Date;
                      import java.text.SimpleDateFormat;
                      import java.util.Calendar;

                      List identitylist = new ArrayList();  
                      Calendar calendar = Calendar.getInstance();
                      calendar.add(Calendar.DATE,-7);
                      calendar.set(Calendar.HOUR_OF_DAY,0);
                      calendar.set(Calendar.MINUTE,0);
                      calendar.set(Calendar.SECOND,0);
                      calendar.set(Calendar.MILLISECOND,0);
                      Date startDate = calendar.getTime();
                      System.out.println("Start date before 7 days "+startDate);

                      calendar.setTime(new Date());
                      calendar.set(Calendar.HOUR_OF_DAY,23);
                      calendar.set(Calendar.MINUTE,59);
                      calendar.set(Calendar.SECOND,59);
                      calendar.set(Calendar.MILLISECOND,999);
                      Date endDate = calendar.getTime();                       
                      System.out.println("End date  "+endDate);

                      queryOptions.addFilter(Filter.ge("created",startDate));
                      queryOptions.addFilter(Filter.lt("created",endDate));
                      System.out.println("Created value is "+startDate);
                      return queryOptions;
                    </Source>
                  </QueryScript>
                </Parameter>
                <Parameter property="action">
                  <QueryScript>
                    <Source>
                      import sailpoint.object.Filter;
                      queryOptions.addFilter(Filter.eq("action","OwnershipTransferOfServiceAccountOnTermination"));
                      System.out.println("Action is for Ownership Transfer of Service Account On Termination");
                      return queryOptions;
                    </Source>
                  </QueryScript>
                </Parameter>
                <Parameter defaultValue="AD" property="application" valueClass="string"/>
                <Parameter property="string3">
                  <QueryScript>
                    <Source>
                      import sailpoint.object.Filter;
                       queryOptions.addFilter(Filter.like("string3","Provisioning Status: Success", Filter.MatchMode.ANYWHERE));
                      return queryOptions;
                    </Source>
                  </QueryScript>
                </Parameter>
              </QueryParameters>
            </DataSource>
            <Columns>
              <ReportColumnConfig field="serviceAccountName" header="Service Account Name" property="accountName" sortable="true" width="110">
                <RenderScript>
                  <Source>
                    import java.io.*;
                    String serviceAccountName=value;
                    if(null!=serviceAccountName)
                    return serviceAccountName;
                    else
                    return " ";

                  </Source>
                </RenderScript>
              </ReportColumnConfig>
              <ReportColumnConfig field="serviceAccountDesc" header="Service Account Description" property="target" sortable="true" width="110">
                <RenderScript>
                  <Source>
                    import sailpoint.object.Identity;                                       
                    
                    String description = "";
                    if(null != value) {
                      Identity identity = context.getObjectByName(Identity.class,value);

                      if(null != identity &amp;&amp; null != identity.getAttribute("descriptionVal")) {                        	
                          description = identity.getAttribute("descriptionVal");
                      }
                    }   
                    return description;
                  </Source>
                </RenderScript>
              </ReportColumnConfig>
              <ReportColumnConfig field="oldowner" header="Old Owner Name" property="string1" sortable="true" width="110">
                <RenderScript>
                  <Source>
                    import java.io.*;
                    String oldOwner=value;
                    if(null!=oldOwner)
                    return oldOwner;
                    else
                    return " ";
                  </Source>
                </RenderScript>
              </ReportColumnConfig>
              <ReportColumnConfig field="newOwner" header="New Owner Name" property="string2" sortable="true" width="110">
                <RenderScript>
                  <Source>
                    import java.io.*;
                    String newOwner=value;
                    if(null!=newOwner)
                    return newOwner;
                    else
                    return " ";
                  </Source>
                </RenderScript>
              </ReportColumnConfig>
              <ReportColumnConfig field="accountModified" header="Updated Date" property="created" sortable="true" width="110">
                <RenderScript>
                  <Source>
                    import sailpoint.object.WorkItemArchive;
                    import java.text.SimpleDateFormat;
                    import java.util.Calendar;                    
                    
                    String updatedDate = "";
                    if(null != value) {                      
                        	SimpleDateFormat formatter = new SimpleDateFormat("MM/dd/yyyy hh:mm:ss a z");
                          Calendar c = Calendar.getInstance();
                          c.setTime(value);
                          updatedDate = formatter.format(c.getTime());                      
                    }     
                    return updatedDate;
                  </Source>
                </RenderScript>
              </ReportColumnConfig>
            </Columns>
          </LiveReport>
        </value>
      </entry>
    </Map>
  </Attributes>
  <Description>Displays service Accounts Ownership Transfer On Termination in AD on Weekly basis</Description>
</TaskDefinition>