<?xml version='1.0' encoding='UTF-8'?>
<!DOCTYPE TaskDefinition PUBLIC "sailpoint.dtd" "sailpoint.dtd">
<TaskDefinition name="EH - Manage Service Account Monthly Report" resultAction="Rename" subType="EH Custom Reports" type="LiveReport">
  <Attributes>
    <Map>
      <entry key="disableDetail" value="false"/>
      <entry key="disableSummary" value="false"/>
      <entry key="emailFileFormat">
        <value>
          <List>
            <String>PDF</String>
          </List>
        </value>
      </entry>
      <entry key="emailIdentities">
        <value>
          <List>
            <String>8aa0b4205cca3467015cd038e72404a1</String>
          </List>
        </value>
      </entry>
      <entry key="emailTemplateId" value="EH_Email_Manage_ServiceAccount_Monthly_Report"/>
      <entry key="reportColumnOrder" value="serviceAccountName, serviceAccountDesc, owner, newowner, operation, requestedBy, accountModified"/>
    </Map>
  </Attributes>
  <Description>Displays Service Accounts modification in AD on Monthly basis</Description>
  <Owner>
    <Reference class="sailpoint.object.Identity" name="spadmin"/>
  </Owner>
  <Parent>
    <Reference class="sailpoint.object.TaskDefinition" name="EH - Manage Service Account Monthly"/>
  </Parent>
</TaskDefinition>