<?xml version='1.0' encoding='UTF-8'?>
<!DOCTYPE TaskDefinition PUBLIC "sailpoint.dtd" "sailpoint.dtd">
<TaskDefinition name="EH Service Accounts Data Loading" resultAction="Delete" subType="task_item_type_generic" type="Generic">
  <Attributes>
    <Map>
      <entry key="ruleConfig" value="fileSeparator,;,filePath,/apphome/sailpoint/CSVFILES/INPUT/SERVICE_ACCOUNT/ServiceAccount-DataLoading.csv"/>
      <entry key="ruleName" value="8aa098be629969fe01629986a9ca0057"/>
      <entry key="taskCompletionEmailNotify" value="Disabled"/>
      <entry key="taskCompletionEmailRecipients"/>
      <entry key="taskCompletionEmailTemplate"/>
    </Map>
  </Attributes>
  <Description>This task is used to create Service Identity cube. File should contain one column called sAMAccountName list from AD </Description>
  <Owner>
    <Reference class="sailpoint.object.Identity" name="spadmin"/>
  </Owner>
  <Parent>
    <Reference class="sailpoint.object.TaskDefinition" name="Run Rule"/>
  </Parent>
</TaskDefinition>