<?xml version='1.0' encoding='UTF-8'?>
<!DOCTYPE TaskDefinition PUBLIC "sailpoint.dtd" "sailpoint.dtd">
<TaskDefinition executor="sailpoint.reporting.LiveReportExecutor" name="EH-Cognizant Associate offboarded Weekly" progressMode="Percentage" resultAction="Rename" subType="EH Custom Reports" template="true" type="LiveReport">
  <Attributes>
    <Map>
      <entry key="report">
        <value>
          <LiveReport title="Provisioning Transaction Object Report">
            <DataSource objectType="ProvisioningTransaction" type="Filter">
              <QueryParameters>
                <Parameter argument="EH_Employee_Type" property="identityName">
                  <QueryScript>
                    <Source>
                      import sailpoint.object.*;
                      import java.util.*; 
                      import java.util.Date;
                      import java.text.SimpleDateFormat;
                      import java.util.Calendar;

                      Calendar c = Calendar.getInstance();

                      //Start of day
                      c.add(c.DATE,-7);
                      c.set(Calendar.HOUR_OF_DAY, 0);
                      c.set(Calendar.MINUTE, 0);
                      c.set(Calendar.SECOND, 0);
                      c.set(Calendar.MILLISECOND, 0);
                      Date am = c.getTime();
                      System.out.println("Start Date " + am);

                      //End of day
                      c.setTime(new Date());
                      c.set(Calendar.HOUR_OF_DAY, 23);
                      c.set(Calendar.MINUTE, 59);
                      c.set(Calendar.SECOND, 59);
                      c.set(Calendar.MILLISECOND, 999);
                      Date pm = c.getTime();
                      System.out.println("End Date " + pm);

                      Filter todayAM = Filter.ge("created",am);
                      Filter todayPM = Filter.le("created",pm);
                      Filter createdFilter = Filter.and(todayAM,todayPM);
                      queryOptions.addFilter(createdFilter);


                      List nameList = new ArrayList();
                      List nameList1 = new ArrayList();
                      QueryOptions qo = new QueryOptions();

                      qo.addFilter(Filter.ignoreCase(Filter.eq("inactive",true)));
                      // qo.addFilter(Filter.ignoreCase(Filter.eq("employeeStatus","Terminated")));

                      /*  if (value != null &amp;&amp; !value.isEmpty()){
                      qo.addFilter(Filter.ignoreCase(Filter.eq("employeeType",value)));

                      }*/

                      qo.addFilter(Filter.ignoreCase(Filter.eq("employeeType","Cognizant Associate")));
                      List property = new ArrayList();                      
                      property.add("name");
                      Iterator it = context.search(Identity.class, qo, property);
                      if(null != it)
                      {
                      while(it.hasNext()) {

                      Object[] nameArray = (Object[]) it.next();                                                             
                      nameList.add((String)nameArray[0]);

                      }
                      }


                      if(null != nameList &amp;&amp; nameList.size()&gt;0) {

                      queryOptions.addFilter(Filter.in("identityName",nameList));  

                      //System.out.println("namerList is"+nameList);
                      }
                      return queryOptions;

                    </Source>
                  </QueryScript>
                </Parameter>
                <Parameter argument="applications" property="applicationName"/>
                <Parameter argument="accountDisplayName" property="accountDisplayName">
                  <QueryScript>
                    <Source>

                      import sailpoint.object.*;
                      import java.util.*;

                      if (value != null &amp;&amp; !value.isEmpty()){
                      queryOptions.addFilter(Filter.ignoreCase(Filter.like("accountDisplayName", value, Filter.MatchMode.START)));
                      }

                      return queryOptions;

                    </Source>
                  </QueryScript>
                </Parameter>
                <Parameter argument="status" property="status"/>
                <Parameter argument="type" property="type"/>
                <Parameter argument="source" property="source"/>
                <Parameter argument="creationDate" property="created" valueClass="daterange"/>
                <Parameter argument="forced" property="forced">
                  <QueryScript>
                    <Source>

                      import sailpoint.object.*;
                      import java.util.*;

                      if (value == true){
                      queryOptions.addFilter(Filter.eq("forced", true));
                      }

                      return queryOptions;

                    </Source>
                  </QueryScript>
                </Parameter>
                <Parameter argument="operation" property="operation"/>
              </QueryParameters>
            </DataSource>
            <ReportForm>
              <Reference class="sailpoint.object.Form" name="EH - Accounts Created and Terminated in AD"/>
            </ReportForm>
            <Columns>
              <ReportColumnConfig field="identityName" header="Employee ID" property="identityName" sortable="true" width="110"/>
              <ReportColumnConfig field="identityDisplayName" header="Display Name" property="identityDisplayName" sortable="true" width="110"/>
              <ReportColumnConfig field="network ID" header="Network ID" property="accountDisplayName" sortable="true" width="110"/>
              <ReportColumnConfig field="email" header="Email" property="accountDisplayName" sortable="true" width="110">
                <RenderScript>
                  <Source>
                    import sailpoint.object.*;
                    import java.util.*;
                    String emailId="";
                    Custom applicationObj=context.getObjectByName(Custom.class,"EH_Application_Names");
                    String appName =  applicationObj.get("ad");

                    if (value != null &amp;&amp; !value.isEmpty()){
                    QueryOptions qo=new QueryOptions();
                    qo.addFilter(Filter.eq("application.name",appName));
                    qo.addFilter(Filter.eq("displayName",value));     
                    List links1 = context.getObjects(Link.class,qo);
                    if(links1!=null &amp;&amp; links1.size()&gt;0){
                    emailId=links1.get(0).getAttribute("mail");            
                    }
                    }
                    return emailId;
                  </Source>
                </RenderScript>
              </ReportColumnConfig>
              <ReportColumnConfig field="startDate" header="Start Date" property="identityName" sortable="true" width="110">
                <RenderScript>
                  <Source>   
                    import sailpoint.object.*;
                    import java.util.*;
                    import java.util.Date;
                    import java.text.SimpleDateFormat;
                    String startDate="";

                    if (value != null &amp;&amp; !value.isEmpty()){
                    Identity id=context.getObjectByName(Identity.class,value);
                    if(id!=null &amp;&amp;id.getStringAttribute("startdate")!=null)
                    startDate=id.getStringAttribute("startdate");
                    }

                    return startDate;

                  </Source>
                </RenderScript>
              </ReportColumnConfig>
              <ReportColumnConfig field="endDate" header="End Date" property="identityName" sortable="true" width="110">
                <RenderScript>
                  <Source>
                    import sailpoint.object.*;
                    import java.util.*;

                    String endDate="";

                    if (value != null &amp;&amp; !value.isEmpty()){
                    Identity id=context.getObjectByName(Identity.class,value);
                    if(id!=null &amp;&amp;id.getStringAttribute("enddate")!=null)
                    endDate=id.getStringAttribute("enddate");
                    }

                    return endDate;
                  </Source>
                </RenderScript>
              </ReportColumnConfig>
              <ReportColumnConfig field="employeestatus" header="User Status" property="identityName" sortable="true" width="110">
                <RenderScript>
                  <Source>
                    import sailpoint.object.*;
                    import java.util.*;

                    String employeeStatus="";

                    if (value != null &amp;&amp; !value.isEmpty()){
                    Identity id=context.getObjectByName(Identity.class,value);
                    if(id!=null &amp;&amp;id.getStringAttribute("employeeStatus")!=null)
                    employeeStatus=id.getStringAttribute("employeeStatus");
                    }

                    return employeeStatus;
                  </Source>
                </RenderScript>
              </ReportColumnConfig>
              <ReportColumnConfig field="company" header="Company" property="identityName" sortable="true" width="110">
                <RenderScript>
                  <Source>
                    import sailpoint.object.*;
                    import java.util.*;

                    String company="";

                    if (value != null &amp;&amp; !value.isEmpty()){
                    Identity id=context.getObjectByName(Identity.class,value);
                    if(id!=null &amp;&amp;id.getStringAttribute("company")!=null)
                    company=id.getStringAttribute("company");
                    }

                    return company;
                  </Source>
                </RenderScript>
              </ReportColumnConfig>
            </Columns>
          </LiveReport>
        </value>
      </entry>
    </Map>
  </Attributes>
  <Description>Displays accounts terminated in AD on daily basis</Description>
  <RequiredRights>
    <Reference class="sailpoint.object.SPRight" name="FullAccessProvisioningTransactionReport"/>
  </RequiredRights>
  <Signature>
    <Inputs>
      <Argument multi="true" name="applications" type="Application">
        <Description>help_report_provisioning_application</Description>
      </Argument>
      <Argument multi="true" name="identities" type="Identity">
        <Description>help_report_provisioning_identity</Description>
      </Argument>
      <Argument name="integration" type="string">
        <Description>help_report_provisioning_integration</Description>
      </Argument>
      <Argument name="accountDisplayName" type="string">
        <Description>help_report_provisioning_account_display_name</Description>
      </Argument>
      <Argument name="operation" type="string">
        <Description>help_report_provisioning_operation</Description>
      </Argument>
      <Argument name="source" type="string">
        <Description>help_report_provisioning_source</Description>
      </Argument>
      <Argument name="status" type="string">
        <Description>help_report_provisioning_status</Description>
      </Argument>
      <Argument name="type" type="string">
        <Description>help_report_provisioning_type</Description>
      </Argument>
      <Argument name="creationDate" type="date">
        <Description>help_report_provisioning_date</Description>
      </Argument>
      <Argument name="forced" type="boolean">
        <Description>help_report_provisioning_forced</Description>
      </Argument>
      <Argument name="EH_Employee_Type" type="string">
        <Description>rept_input_EH_Employee_Type</Description>
      </Argument>
    </Inputs>
  </Signature>
</TaskDefinition>