<?xml version='1.0' encoding='UTF-8'?>
<!DOCTYPE TaskDefinition PUBLIC "sailpoint.dtd" "sailpoint.dtd">
<TaskDefinition name="EH-Daily-Welcome-Mail-Retrigger" resultAction="Delete" subType="task_item_type_generic" type="Generic">
  <Attributes>
    <Map>
      <entry key="ruleConfig" value="emailAddress,Anona.AnvithaA@cognizant.com"/>
      <entry key="ruleName" value="8aa098be5d2b6347015d2bf2ea5b008c"/>
      <entry key="taskCompletionEmailNotify" value="Disabled"/>
      <entry key="taskCompletionEmailRecipients"/>
      <entry key="taskCompletionEmailTemplate"/>
    </Map>
  </Attributes>
  <Description>A task that can be used to run an arbitrary rule.</Description>
  <Owner>
    <Reference class="sailpoint.object.Identity" name="spadmin"/>
  </Owner>
  <Parent>
    <Reference class="sailpoint.object.TaskDefinition" name="Run Rule"/>
  </Parent>
</TaskDefinition>