<?xml version='1.0' encoding='UTF-8'?>
<!DOCTYPE TaskDefinition PUBLIC "sailpoint.dtd" "sailpoint.dtd">
<TaskDefinition executor="sailpoint.reporting.LiveReportExecutor" name="EH-Employee Facilities Onboarded Report Weekly" progressMode="Percentage" resultAction="Rename" subType="EH Custom Reports" template="true" type="LiveReport">
  <Attributes>
    <Map>
      <entry key="report">
        <value>
          <LiveReport title="Identity Onboarding Report">
            <DataSource objectType="Identity" type="Filter">
              <QueryParameters>
                <Parameter property="name">
                  <QueryScript>
                    <Source>
                      import sailpoint.object.AttributeMetaData;
                      import sailpoint.object.Filter;
                      import sailpoint.object.Identity;
                      import sailpoint.object.ProvisioningTransaction;
                      import sailpoint.object.AuditEvent;
                      import sailpoint.object.ProvisioningTransaction.Type;
                      import sailpoint.object.QueryOptions;

                      Calendar calendar = Calendar.getInstance();
                      HashSet&lt;String&gt; identityset = new HashSet&lt;String&gt;();

                      calendar.add(Calendar.DATE, -7);
                      calendar.set(Calendar.HOUR_OF_DAY,0);
                      calendar.set(Calendar.MINUTE,0);
                      calendar.set(Calendar.SECOND,0);
                      calendar.set(Calendar.MILLISECOND,0);
                      Date startDate = calendar.getTime();

                      calendar.setTime(new Date());
                      calendar.set(Calendar.HOUR_OF_DAY,23);
                      calendar.set(Calendar.MINUTE,59);
                      calendar.set(Calendar.SECOND,59);
                      calendar.set(Calendar.MILLISECOND,999);
                      Date endDate = calendar.getTime();                       


                      List actionList = new ArrayList();
                      actionList.add("joiner");
                      actionList.add("rehire");


                      QueryOptions auditEventQO = new QueryOptions();
                      auditEventQO.addFilter(Filter.ge("created",startDate));
                      auditEventQO.addFilter(Filter.lt("created",endDate));
                      auditEventQO.addFilter(Filter.not(Filter.like("target","v", Filter.MatchMode.START)));
                      auditEventQO.addFilter(Filter.in("action",actionList));
                      auditEventQO.addFilter(Filter.eq("application","AD"));
                      auditEventQO.addFilter(Filter.like("string2","Success", Filter.MatchMode.ANYWHERE));


                      List auditEventQOProperty = new ArrayList();                                            	                      	
                      auditEventQOProperty.add("target");


                      Iterator iteratorAE = context.search(AuditEvent.class, auditEventQO, auditEventQOProperty);

                      if(null != iteratorAE) {
                      while(iteratorAE.hasNext()) {
                      Object[] identityNameArray = (Object[]) iteratorAE.next();

                      identityset.add(identityNameArray[0]);
                      }
                      }

                      System.out.println("identityList: "+identityset);
                      if(null != identityList &amp;&amp; identityset.size()&gt;0) {
                      queryOptions.addFilter(Filter.in("name",identityset));    

                      } else 
                      queryOptions.addFilter(Filter.eq("name",""));



                      return queryOptions;

                    </Source>
                  </QueryScript>
                </Parameter>
                <Parameter defaultValue="false" property="inactive" valueClass="boolean"/>
                <Parameter defaultValue="employee" property="employeeType" valueClass="string"/>
              </QueryParameters>
            </DataSource>
            <Columns>
              <ReportColumnConfig field="identityDisplayName" header="Display Name" property="displayName" sortable="true" width="110"/>
              <ReportColumnConfig field="identityName" header="EmployeeID" property="name" sortable="true" width="110"/>
              <ReportColumnConfig field="network ID" header="Network ID" property="networkID" sortable="true" width="110">
                <RenderScript>
                  <Source>
                    import sailpoint.object.*;
                    import java.util.*;

                    String networkID="";

                    if (value != null &amp;&amp; !value.isEmpty()){
                    //Identity id=context.getObjectByName(Identity.class,value);
                    //if(id!=null &amp;&amp;id.getStringAttribute("networkID")!=null)
                    //networkID=id.getStringAttribute("networkID");
                    networkID=value;
                    }

                    return networkID;
                  </Source>
                </RenderScript>
              </ReportColumnConfig>
              <ReportColumnConfig field="title" header="Title" property="name" sortable="true" width="110">
                <RenderScript>
                  <Source>
                    import sailpoint.object.*;
                    import java.util.*;

                    String title="";

                    if (value != null &amp;&amp; !value.isEmpty()){
                    Identity id=context.getObjectByName(Identity.class,value);
                    if(id!=null &amp;&amp;id.getStringAttribute("jobtitle")!=null)
                    title=id.getStringAttribute("jobtitle");
                    }

                    return title;
                  </Source>
                </RenderScript>
              </ReportColumnConfig>
              <ReportColumnConfig field="location" header="Location" property="name" sortable="true" width="110">
                <RenderScript>
                  <Source>
                    import sailpoint.object.*;
                    import java.util.*;

                    String location="";

                    if (value != null &amp;&amp; !value.isEmpty()){
                    Identity id=context.getObjectByName(Identity.class,value);
                    if(id!=null &amp;&amp;id.getStringAttribute("location")!=null)
                    location=id.getStringAttribute("location");
                    }

                    return location;
                  </Source>
                </RenderScript>
              </ReportColumnConfig>
              <ReportColumnConfig field="costcenter" header="Cost Center" property="name" sortable="true" width="110">
                <RenderScript>
                  <Source>
                    import sailpoint.object.*;
                    import java.util.*;

                    String costcenter="";

                    if (value != null &amp;&amp; !value.isEmpty()){
                    Identity id=context.getObjectByName(Identity.class,value);
                    if(id!=null &amp;&amp;id.getStringAttribute("department")!=null)
                    costcenter=id.getStringAttribute("department");
                    }

                    return costcenter;
                  </Source>
                </RenderScript>
              </ReportColumnConfig>
              <ReportColumnConfig field="startDate" header="Start Date" property="name" sortable="true" width="110">
                <RenderScript>
                  <Source>   
                    import sailpoint.object.*;
                    import java.util.*;
                    import java.util.Date;
                    import java.text.SimpleDateFormat;
                    String startDate="";

                    if (value != null &amp;&amp; !value.isEmpty()){
                    Identity id=context.getObjectByName(Identity.class,value);
                    if(id!=null &amp;&amp;id.getStringAttribute("startdate")!=null)
                    startDate=id.getStringAttribute("startdate");
                    }

                    return startDate;

                  </Source>
                </RenderScript>
              </ReportColumnConfig>
              <ReportColumnConfig field="grade" header="Grade" property="name" sortable="true" width="110">
                <RenderScript>
                  <Source>
                    import sailpoint.object.*;
                    import java.util.*;

                    String grade="";

                    if (value != null &amp;&amp; !value.isEmpty()){
                    Identity id=context.getObjectByName(Identity.class,value);
                    if(id!=null &amp;&amp;id.getStringAttribute("grade")!=null)
                    grade=id.getStringAttribute("grade");
                    }

                    return grade;
                  </Source>
                </RenderScript>
              </ReportColumnConfig>
            </Columns>
          </LiveReport>
        </value>
      </entry>
    </Map>
  </Attributes>
  <Description>Facilities Report for employees on weekly basis</Description>
  <RequiredRights>
    <Reference class="sailpoint.object.SPRight" name="FullAccessProvisioningTransactionReport"/>
  </RequiredRights>
</TaskDefinition>