<?xml version='1.0' encoding='UTF-8'?>
<!DOCTYPE TaskDefinition PUBLIC "sailpoint.dtd" "sailpoint.dtd">
<TaskDefinition executor="sailpoint.reporting.LiveReportExecutor" name="EH-User Onboarded Weekly" progressMode="Percentage" resultAction="Rename" subType="EH Custom Reports" template="true" type="LiveReport">
  <Attributes>
    <Map>
      <entry key="report">
        <value>
          <LiveReport title="Identity Onboarding Report">
            <DataSource objectType="Identity" type="Filter">
              <QueryParameters>
                <Parameter property="name">
                  <QueryScript>
                    <Source>
                        import sailpoint.object.AttributeMetaData;
                        import sailpoint.object.Filter;
                        import sailpoint.object.Identity;
                        import sailpoint.object.ProvisioningTransaction;
                      	import sailpoint.object.AuditEvent;
                        import sailpoint.object.ProvisioningTransaction.Type;
                        import sailpoint.object.QueryOptions;

                        Calendar calendar = Calendar.getInstance();
                      	List identityList = new ArrayList();

                        calendar.add(Calendar.DATE, -7);
                        calendar.set(Calendar.HOUR_OF_DAY,0);
                        calendar.set(Calendar.MINUTE,0);
                        calendar.set(Calendar.SECOND,0);
                        calendar.set(Calendar.MILLISECOND,0);
                        Date startDate = calendar.getTime();

                        calendar.setTime(new Date());
                        calendar.set(Calendar.HOUR_OF_DAY,23);
                        calendar.set(Calendar.MINUTE,59);
                        calendar.set(Calendar.SECOND,59);
                        calendar.set(Calendar.MILLISECOND,999);
                        Date endDate = calendar.getTime();                       
                      	
                      	
                      	List actionList = new ArrayList();
                      	actionList.add("joiner");
                      	actionList.add("rehire");

                        QueryOptions auditEventQO = new QueryOptions();
                        auditEventQO.addFilter(Filter.ge("created",startDate));
                        auditEventQO.addFilter(Filter.lt("created",endDate));
                        auditEventQO.addFilter(Filter.in("action",actionList));
                        auditEventQO.addFilter(Filter.eq("application","AD"));
                        auditEventQO.addFilter(Filter.like("string2","Success", Filter.MatchMode.ANYWHERE));

                        List auditEventQOProperty = new ArrayList();                                            	                      	
                        auditEventQOProperty.add("target");
                      	

                        Iterator iteratorAE = context.search(AuditEvent.class, auditEventQO, auditEventQOProperty);

                        if(null != iteratorAE) {
                          while(iteratorAE.hasNext()) {
                             Object[] identityNameArray = (Object[]) iteratorAE.next();
                             		identityList.add(identityNameArray[0]);
                          }
                        }
                      	
												System.out.println("identityList: "+identityList);
                        if(null != identityList &amp;&amp; identityList.size()&gt;0) {
                           queryOptions.addFilter(Filter.in("name",identityList));                       
                        } else 
                      		 queryOptions.addFilter(Filter.eq("name","")); 
                        return queryOptions;

                      </Source>
                  </QueryScript>
                </Parameter>
                <Parameter defaultValue="false" property="inactive" valueClass="boolean"/>
              </QueryParameters>
            </DataSource>
            <Columns>
              <ReportColumnConfig field="identityName" header="EmployeeID" property="name" sortable="true" width="110"/>
              <ReportColumnConfig field="displayName" header="Display Name" property="displayName" sortable="true" width="110"/>
              <ReportColumnConfig field="networkId" header="Network ID" property="networkID" sortable="true" width="110">
                <RenderScript>
                  <Source>
                       
                        String networkId = "";
                        if (value != null &amp;&amp; !value.isEmpty()){
                         networkId=value;  
                        }     
                        
                        return networkId;                      
                    </Source>
                </RenderScript>
              </ReportColumnConfig>
              <ReportColumnConfig field="emailId" header="Email" property="email" sortable="true" width="110"/>
              <ReportColumnConfig field="userStatus" header="User Status" property="name" sortable="true" width="110">
                <RenderScript>
                  <Source>   
                    import sailpoint.object.Identity;
              
					          String userStatus="";

                    if (value != null &amp;&amp; !value.isEmpty()){
                    Identity id=context.getObjectByName(Identity.class,value);
                    if(id!=null &amp;&amp;id.getStringAttribute("employeeStatus")!=null)
                    userStatus=id.getStringAttribute("employeeStatus");
                    }

                    return userStatus;
                    
                  </Source>
                </RenderScript>
              </ReportColumnConfig>
              <ReportColumnConfig field="employeetype" header="User Type" property="name" sortable="true" width="110">
                <RenderScript>
                  <Source>
                    import sailpoint.object.*;
                    import java.util.*;

                    String employeeType="";

                    if (value != null &amp;&amp; !value.isEmpty()){
                    Identity id=context.getObjectByName(Identity.class,value);
                    if(id!=null &amp;&amp;id.getStringAttribute("employeeType")!=null)
                    employeeType=id.getStringAttribute("employeeType");
                    }

                    return employeeType;
                  </Source>
                </RenderScript>
              </ReportColumnConfig>
              <ReportColumnConfig field="startDate" header="Start Date" property="name" sortable="true" width="110">
                <RenderScript>
                  <Source>   
                    import sailpoint.object.Identity;
              
					          String startDate="";

                    if (value != null &amp;&amp; !value.isEmpty()){
                    Identity id=context.getObjectByName(Identity.class,value);
                    if(id!=null &amp;&amp;id.getStringAttribute("startdate")!=null)
                    startDate=id.getStringAttribute("startdate");
                    }

                    return startDate;
                    
                  </Source>
                </RenderScript>
              </ReportColumnConfig>
              <ReportColumnConfig field="expirationdate" header="Planned Termination Date" property="enddate" sortable="true" width="110">
                <RenderScript>
                  <Source>         
                        
                        String expirationDate="";

                        if (value != null &amp;&amp; !value.isEmpty()){
                        expirationDate=value;
                    		}
                   
                   return expirationDate;
                    
                      
                    </Source>
                </RenderScript>
              </ReportColumnConfig>
            </Columns>
          </LiveReport>
        </value>
      </entry>
    </Map>
  </Attributes>
  <Description>Displays accounts created in AD on weekly basis</Description>
  <RequiredRights>
    <Reference class="sailpoint.object.SPRight" name="FullAccessProvisioningTransactionReport"/>
  </RequiredRights>
</TaskDefinition>