<?xml version='1.0' encoding='UTF-8'?>
<!DOCTYPE TaskDefinition PUBLIC "sailpoint.dtd" "sailpoint.dtd">
<TaskDefinition executor="sailpoint.reporting.LiveReportExecutor" name="EH-Vendor offboarded Monthly" progressMode="Percentage" resultAction="Rename" subType="EH Custom Reports" template="true" type="LiveReport">
  <Attributes>
    <Map>
      <entry key="report">
        <value>
          <LiveReport title="Provisioning Transaction Object Report">
            <DataSource objectType="ProvisioningTransaction" type="Filter">
              <Join joinProperty="Identity.name" property="identityName"/>
              <Query>Identity.inactive==true &amp;&amp; (Identity.employeeType=="Vendor" || Identity.employeeType=="vendor")</Query>
              <QueryParameters>
                <Parameter argument="EH_Employee_Type" property="id">
                  <QueryScript>
                    <Source>
                      import sailpoint.object.*;
                      import java.util.*; 
                      import java.util.Date;
                      import java.text.SimpleDateFormat;
                      import java.util.Calendar;

                      Calendar c = Calendar.getInstance();

                      //Start of day
                     
                      c.add(c.DATE,-30);
                       //c.set(Calendar.YEAR, 2017);
                       //c.set(Calendar.MONTH, 9);
                     // c.set(Calendar.DAY_OF_MONTH, 1);
                      c.set(Calendar.HOUR_OF_DAY, 0);
                      c.set(Calendar.MINUTE, 0);
                      c.set(Calendar.SECOND, 0);
                      c.set(Calendar.MILLISECOND, 0);
                      Date am = c.getTime();
                      System.out.println("Start Date " + am);

                      //End of day
                      c.setTime(new Date());
                      
                     //c.set(2017,9,31);
                      c.set(Calendar.HOUR_OF_DAY, 23);
                      c.set(Calendar.MINUTE, 59);
                      c.set(Calendar.SECOND, 59);
                      c.set(Calendar.MILLISECOND, 999);
                      Date pm = c.getTime();
                      System.out.println("End Date " + pm);

                      QueryOptions qo = new QueryOptions();
                      qo.addFilter(Filter.ge("created",am));
                      qo.addFilter(Filter.le("created",pm));
                      qo.addFilter(Filter.eq("operation","Disable"));
                      qo.addFilter(Filter.eq("applicationName","AD"));
                      qo.addFilter(Filter.eq("status","Success"));
                     
                      qo.addOrdering("created", true);
                      qo.addOrdering("identityName", true);

                      List property = new ArrayList();
                      property.add("id");
                      property.add("created");
                      property.add("identityName");

                      List nameList = new ArrayList();        
											Map nameMap = new HashMap();
                      Iterator it = context.search(ProvisioningTransaction.class,qo,property);
                      if(null != it) {
                       // String username = "";
                        while(it.hasNext()) {
                          Object[] provisioningDataArray = (Object[]) it.next();
                         
                      		if(!nameMap.containsKey(provisioningDataArray[2])) {
                      			nameMap.put(provisioningDataArray[2],provisioningDataArray[0]);
                      		} 

                        }
                      }
                      if(null!=nameMap){
                      for(String idValue : nameMap.keySet()) {
                      	nameList.add(nameMap.get(idValue));
                      }
                      }
											System.out.println("nameList: "+nameList);
                     if(null!=nameList &amp;&amp; nameList.size()&gt;0)
                      queryOptions.addFilter(Filter.in("id", nameList));
                     else
                      queryOptions.addFilter(Filter.eq("id", ""));

                      return queryOptions;

                    </Source>
                  </QueryScript>
                </Parameter>
              </QueryParameters>
            </DataSource>
            <ReportForm>
              <Reference class="sailpoint.object.Form" name="EH - Accounts Created and Terminated in AD"/>
            </ReportForm>
            <Columns>
              <ReportColumnConfig field="identityName" header="Employee ID" property="identityName" sortable="true" width="110"/>
              <ReportColumnConfig field="identityDisplayName" header="Display Name" property="identityDisplayName" sortable="true" width="110"/>
              <ReportColumnConfig field="network ID" header="Network ID" property="accountDisplayName" sortable="true" width="110"/>
              <ReportColumnConfig field="emailId" header="Email" property="Identity.email" sortable="true" width="110"/>
              <ReportColumnConfig field="startDate" header="Start Date" property="identityName" sortable="true" width="110">
                <RenderScript>
                  <Source>   
                    import sailpoint.object.*;
                    import java.util.*;


                    String startDate="";

                    if (value != null &amp;&amp; !value.isEmpty()){
                    Identity id=context.getObjectByName(Identity.class,value);
                    if(id!=null &amp;&amp;id.getStringAttribute("startdate")!=null)
                    startDate=id.getStringAttribute("startdate");
                    }

                    return startDate;

                  </Source>
                </RenderScript>
              </ReportColumnConfig>
              <ReportColumnConfig field="endDate" header="End Date" property="Identity.enddate" sortable="true" width="110"/>
              <ReportColumnConfig field="terminationDateTimeStamp" header="Actual Finish Date" property="created" sortable="true" width="110">
                <RenderScript>
                  <Source>
                    import java.text.SimpleDateFormat;
                    import java.util.Calendar;
                    String terminationDate="";

                    if (value != null){
                    SimpleDateFormat formatter = new SimpleDateFormat("MM/dd/yyyy hh:mm:ss a z");
                    Calendar c = Calendar.getInstance();
                    c.setTime(value);
                    terminationDate = formatter.format(c.getTime());
                    }

                    return terminationDate;
                  </Source>
                </RenderScript>
              </ReportColumnConfig>
              <ReportColumnConfig field="employeeStatus" header="User Status" property="Identity.employeeStatus" sortable="true" width="110"/>
              <ReportColumnConfig field="company" header="Company" property="identityName" sortable="true" width="110">
                <RenderScript>
                  <Source>
                    import sailpoint.object.*;
                    import java.util.*;

                    String company="";

                    if (value != null &amp;&amp; !value.isEmpty()){
                    Identity id=context.getObjectByName(Identity.class,value);
                    if(id!=null &amp;&amp;id.getStringAttribute("company")!=null)
                    company=id.getStringAttribute("company");
                    }

                    return company;
                  </Source>
                </RenderScript>
              </ReportColumnConfig>
            </Columns>
          </LiveReport>
        </value>
      </entry>
    </Map>
  </Attributes>
  <Description>Displays accounts terminated in AD on daily basis</Description>
  <RequiredRights>
    <Reference class="sailpoint.object.SPRight" name="FullAccessProvisioningTransactionReport"/>
  </RequiredRights>
  <Signature>
    <Inputs>
      <Argument multi="true" name="applications" type="Application">
        <Description>help_report_provisioning_application</Description>
      </Argument>
      <Argument multi="true" name="identities" type="Identity">
        <Description>help_report_provisioning_identity</Description>
      </Argument>
      <Argument name="integration" type="string">
        <Description>help_report_provisioning_integration</Description>
      </Argument>
      <Argument name="accountDisplayName" type="string">
        <Description>help_report_provisioning_account_display_name</Description>
      </Argument>
      <Argument name="operation" type="string">
        <Description>help_report_provisioning_operation</Description>
      </Argument>
      <Argument name="source" type="string">
        <Description>help_report_provisioning_source</Description>
      </Argument>
      <Argument name="status" type="string">
        <Description>help_report_provisioning_status</Description>
      </Argument>
      <Argument name="type" type="string">
        <Description>help_report_provisioning_type</Description>
      </Argument>
      <Argument name="creationDate" type="date">
        <Description>help_report_provisioning_date</Description>
      </Argument>
      <Argument name="forced" type="boolean">
        <Description>help_report_provisioning_forced</Description>
      </Argument>
      <Argument name="EH_Employee_Type" type="string">
        <Description>rept_input_EH_Employee_Type</Description>
      </Argument>
    </Inputs>
  </Signature>
</TaskDefinition>