<?xml version='1.0' encoding='UTF-8'?>
<!DOCTYPE TaskDefinition PUBLIC "sailpoint.dtd" "sailpoint.dtd">
<TaskDefinition executor="sailpoint.reporting.LiveReportExecutor" name="EH - Weekly Employee Created Report" progressMode="Percentage" resultAction="Rename" subType="EH Custom Reports" template="true" type="LiveReport">
  <Attributes>
    <Map>
      <entry key="report">
        <value>
          <LiveReport title="EH - Weekly Employees Created Report">
            <DataSource objectType="sailpoint.object.Identity" type="Filter">
              <QueryParameters>
                <Parameter argument="EH_Employee_Type">
                  <QueryScript>
                    <Source>
                      import sailpoint.object.QueryOptions;
                      import sailpoint.object.Filter;
                      import java.text.DateFormat;
                      import java.text.SimpleDateFormat;
                      import java.util.Calendar;

                      System.out.println("Selected Type : " + value);

                      QueryOptions ops = new QueryOptions();
                      Filter employeeTypeFilter = Filter.like("employeeType","Employee",Filter.MatchMode.EXACT);

                     Filter inactiveFilter=Filter.eq("inactive",false);

                      Calendar c = Calendar.getInstance();

                      //Start of day
					   					c.add(c.DATE,-7);
                      c.set(Calendar.HOUR_OF_DAY, 0);
                      c.set(Calendar.MINUTE, 0);
                      c.set(Calendar.SECOND, 0);
                      c.set(Calendar.MILLISECOND, 0);
                      Date am = c.getTime();
                      System.out.println("Start Date " + am);

                      //End of day
					  					c.setTime(new Date());
                      c.set(Calendar.HOUR_OF_DAY, 23);
                      c.set(Calendar.MINUTE, 59);
                      c.set(Calendar.SECOND, 59);
                      c.set(Calendar.MILLISECOND, 999);
                      Date pm = c.getTime();
                      System.out.println("End Date " + pm);

                      Filter todayAM = Filter.ge("created",am);
                      Filter todayPM = Filter.le("created",pm);
                      Filter createdFilter = Filter.and(todayAM,todayPM);

                      
                      ops.addFilter(employeeTypeFilter);
                      ops.addFilter(createdFilter);
                      ops.addFilter(inactiveFilter);

                      return ops; 
                    </Source>
                  </QueryScript>
                </Parameter>
              </QueryParameters>
            </DataSource>
            <ReportForm>
              <Reference class="sailpoint.object.Form" name="EH_AccountsCreatedinAD_Form"/>
            </ReportForm>
            <Columns>
              <ReportColumnConfig field="identityDisplayName" header="Display Name" property="displayName" sortable="true" width="110"/>
              <ReportColumnConfig field="identityName" header="EmployeeID" property="name" sortable="true" width="110"/>
              <ReportColumnConfig field="network ID" header="Network ID" property="networkID" sortable="true" width="110">
                <RenderScript>
                  <Source>
                    import sailpoint.object.*;
                    import java.util.*;

                    String networkID="";

                    if (value != null &amp;&amp; !value.isEmpty()){
                    //Identity id=context.getObjectByName(Identity.class,value);
                    //if(id!=null &amp;&amp;id.getStringAttribute("networkID")!=null)
                    //networkID=id.getStringAttribute("networkID");
                    networkID=value;
                    }

                    return networkID;
                  </Source>
                </RenderScript>
              </ReportColumnConfig>
              <ReportColumnConfig field="title" header="Title" property="name" sortable="true" width="110">
                <RenderScript>
                  <Source>
                    import sailpoint.object.*;
                    import java.util.*;

                    String title="";

                    if (value != null &amp;&amp; !value.isEmpty()){
                    Identity id=context.getObjectByName(Identity.class,value);
                    if(id!=null &amp;&amp;id.getStringAttribute("jobtitle")!=null)
                    title=id.getStringAttribute("jobtitle");
                    }

                    return title;
                  </Source>
                </RenderScript>
              </ReportColumnConfig>
              <ReportColumnConfig field="location" header="Location" property="name" sortable="true" width="110">
                <RenderScript>
                  <Source>
                    import sailpoint.object.*;
                    import java.util.*;

                    String location="";

                    if (value != null &amp;&amp; !value.isEmpty()){
                    Identity id=context.getObjectByName(Identity.class,value);
                    if(id!=null &amp;&amp;id.getStringAttribute("location")!=null)
                    location=id.getStringAttribute("location");
                    }

                    return location;
                  </Source>
                </RenderScript>
              </ReportColumnConfig>
              <ReportColumnConfig field="costcenter" header="Cost Center" property="name" sortable="true" width="110">
                <RenderScript>
                  <Source>
                    import sailpoint.object.*;
                    import java.util.*;

                    String costcenter="";

                    if (value != null &amp;&amp; !value.isEmpty()){
                    Identity id=context.getObjectByName(Identity.class,value);
                    if(id!=null &amp;&amp;id.getStringAttribute("department")!=null)
                    costcenter=id.getStringAttribute("department");
                    }

                    return costcenter;
                  </Source>
                </RenderScript>
              </ReportColumnConfig>
              <ReportColumnConfig field="startDate" header="Start Date" property="name" sortable="true" width="110">
                <RenderScript>
                  <Source>   
                    import sailpoint.object.*;
                    import java.util.*;
                    import java.util.Date;
                    import java.text.SimpleDateFormat;
					 String startDate="";

                    if (value != null &amp;&amp; !value.isEmpty()){
                    Identity id=context.getObjectByName(Identity.class,value);
                    if(id!=null &amp;&amp;id.getStringAttribute("startdate")!=null)
                    startDate=id.getStringAttribute("startdate");
                    }

                    return startDate;
                    
                  </Source>
                </RenderScript>
              </ReportColumnConfig>
              <ReportColumnConfig field="grade" header="Grade" property="name" sortable="true" width="110">
                <RenderScript>
                  <Source>
                    import sailpoint.object.*;
                    import java.util.*;

                    String grade="";

                    if (value != null &amp;&amp; !value.isEmpty()){
                    Identity id=context.getObjectByName(Identity.class,value);
                    if(id!=null &amp;&amp;id.getStringAttribute("grade")!=null)
                    grade=id.getStringAttribute("grade");
                    }

                    return grade;
                  </Source>
                </RenderScript>
              </ReportColumnConfig>
            </Columns>
          </LiveReport>
        </value>
      </entry>
    </Map>
  </Attributes>
  <Description>Displays information about Weekly Employees Created </Description>
  <RequiredRights>
    <Reference class="sailpoint.object.SPRight" name="FullAccessApplicationActivityReport"/>
  </RequiredRights>
  <Signature>
    <Inputs>
      <Argument multi="true" name="EH_Employee_Type" type="String">
        <Description>rept_input_EH_Employee_Type</Description>
      </Argument>
    </Inputs>
  </Signature>
</TaskDefinition>