<?xml version='1.0' encoding='UTF-8'?>
<!DOCTYPE TaskDefinition PUBLIC "sailpoint.dtd" "sailpoint.dtd">
<TaskDefinition executor="sailpoint.reporting.LiveReportExecutor" name="EH - Vendors Created in IDM Report" progressMode="Percentage" resultAction="Rename" subType="EH Custom Reports" template="true" type="LiveReport">
  <Attributes>
    <Map>
      <entry key="report">
        <value>
          <LiveReport title="EH - Vendors Created in IDM Report">
            <DataSource objectType="sailpoint.object.Identity" type="Filter">
              <QueryParameters>
                <Parameter argument="EH_Vendor_Company">
                  <QueryScript>
                    <Source>
                      import sailpoint.object.QueryOptions;
                      import sailpoint.object.Filter;
                      import java.text.DateFormat;
                      import java.text.SimpleDateFormat;
                      import java.util.Calendar;
                      import java.util.*;

                      System.out.println("Company Values : " + value);
                      QueryOptions ops = new QueryOptions();
                      List companyList = new ArrayList();
                      for (String companyValue : value) {
                      companyList.add(Filter.eq("companyCode", companyValue));
                      }
                      Filter companyFilter = (Filter.or(companyList));


                      Filter employeeTypeFilter =Filter.ignoreCase(Filter.eq("employeeType","Vendor"));

                      //Filter inactiveFilter=Filter.ignoreCase(Filter.ne("inactive",true));

                      Calendar c = Calendar.getInstance();

                      //Start of day
                      c.set(Calendar.HOUR_OF_DAY, 0);
                      c.set(Calendar.MINUTE, 0);
                      c.set(Calendar.SECOND, 0);
                      c.set(Calendar.MILLISECOND, 0);
                      Date am = c.getTime();
                      System.out.println("AM : " + am);

                      //End of day
                      c.set(Calendar.HOUR_OF_DAY, 23);
                      c.set(Calendar.MINUTE, 59);
                      c.set(Calendar.SECOND, 59);
                      c.set(Calendar.MILLISECOND, 999);
                      Date pm = c.getTime();
                      System.out.println("PM : " + pm);

                      Filter todayAM = Filter.ge("created",am);
                      Filter todayPM = Filter.le("created",pm);
                      Filter createdFilter = Filter.and(todayAM,todayPM);

                      ops.addFilter(companyFilter);
                      ops.addFilter(employeeTypeFilter);
                      ops.addFilter(createdFilter);
                      //ops.addFilter(inactiveFilter);

                      return ops; 
                    </Source>
                  </QueryScript>
                </Parameter>
              </QueryParameters>
            </DataSource>
            <Columns>
              <ReportColumnConfig field="user_id" header="Employee ID" property="name" sortable="true" width="110"/>
              <ReportColumnConfig field="first_name" header="First Name" property="firstname" sortable="true" width="110"/>
              <ReportColumnConfig field="last_name" header="Last Name" property="lastname" sortable="true" width="110"/>
              <ReportColumnConfig field="display_name" header="Display Name" property="displayName" sortable="true" width="110"/>
              <ReportColumnConfig field="email" header="Email" property="email" sortable="true" width="110"/>
              <ReportColumnConfig field="start_date" header="Creation Date" property="created" sortable="true" width="110"/>
              <ReportColumnConfig field="end_date" header="Planned Termination Date" property="enddate" sortable="true" width="110"/>
            </Columns>
          </LiveReport>
        </value>
      </entry>
    </Map>
  </Attributes>
  <Description>Displays information about EH - Account Created in IDM</Description>
  <RequiredRights>
    <Reference class="sailpoint.object.SPRight" name="FullAccessApplicationActivityReport"/>
  </RequiredRights>
  <Signature>
    <Inputs>
      <Argument multi="true" name="EH_Vendor_Company" type="String">
        <Description>rept_input_EH_Company</Description>
      </Argument>
    </Inputs>
  </Signature>
</TaskDefinition>