<?xml version='1.0' encoding='UTF-8'?>
<!DOCTYPE TaskDefinition PUBLIC "sailpoint.dtd" "sailpoint.dtd">
<TaskDefinition executor="sailpoint.reporting.LiveReportExecutor" name="EH - Users Status Depending on User Type" progressMode="Percentage" resultAction="Rename" subType="EH Custom Reports" template="true" type="LiveReport">
  <Attributes>
    <Map>
      <entry key="report">
        <value>
          <LiveReport title="EH - Users Created in IDM Report">
            <DataSource objectType="sailpoint.object.Identity" type="Filter">
              <QueryParameters>
                <Parameter argument="EH_Employee_Type" property="employeeType"/>
                <Parameter argument="EH_Employee_Status" property="inactive"/>
              </QueryParameters>
            </DataSource>
            <ReportForm>
              <Reference class="sailpoint.object.Form" name="EH_UserStatus_Form"/>
            </ReportForm>
            <Columns>
              <ReportColumnConfig field="employee_id" header="Employee ID" property="name" sortable="true" width="110"/>
              <ReportColumnConfig field="status" header="Inactive" property="inactive" sortable="true" width="110"/>
              <ReportColumnConfig field="first_name" header="First Name" property="firstname" sortable="true" width="110"/>
              <ReportColumnConfig field="last_name" header="Last Name" property="lastname" sortable="true" width="110"/>
              <ReportColumnConfig field="email" header="Email" property="email" sortable="true" width="110"/>
              <ReportColumnConfig field="employee_status" header="User Status" property="employeeStatus" sortable="true" width="110"/>
              <ReportColumnConfig field="start_date" header="Planned Start Date" property="created" sortable="true" width="110"/>
              <ReportColumnConfig field="end_date" header="Planned Termination Date" property="enddate" sortable="true" width="110"/>
            </Columns>
          </LiveReport>
        </value>
      </entry>
    </Map>
  </Attributes>
  <Description>Displays information about users in IDM as per selected User Type and User Status.</Description>
  <RequiredRights>
    <Reference class="sailpoint.object.SPRight" name="FullAccessApplicationActivityReport"/>
  </RequiredRights>
  <Signature>
    <Inputs>
      <Argument multi="true" name="EH_Employee_Type" type="string"/>
      <Argument multi="true" name="EH_Employee_Status" type="boolean"/>
    </Inputs>
  </Signature>
</TaskDefinition>