<?xml version='1.0' encoding='UTF-8'?>
<!DOCTYPE TaskDefinition PUBLIC "sailpoint.dtd" "sailpoint.dtd">
<TaskDefinition executor="sailpoint.reporting.LiveReportExecutor" name="EH - Users terminated in IDM" progressMode="Percentage" resultAction="Rename" subType="EH Custom Reports" template="true" type="LiveReport">
  <Attributes>
    <Map>
      <entry key="report">
        <value>
          <LiveReport title="Users terminated in IDM">
            <DataSource objectType="sailpoint.object.Identity" type="Filter">
              <QueryParameters>
                <Parameter argument="EH_Employee_Type">
                  <QueryScript>
                    <Source>
                      import sailpoint.object.QueryOptions;
                      import sailpoint.object.Filter;
                      import java.text.DateFormat;
                      import java.text.SimpleDateFormat;
                      import java.util.Calendar;

                      System.out.println("Selected Type : " + value);

                      QueryOptions ops = new QueryOptions();
                      Filter employeeTypeFilter = Filter.like("employeeType",value,Filter.MatchMode.EXACT);

                      Calendar cal = Calendar.getInstance();
                      Date date = cal.getTime();             
                      SimpleDateFormat format1 = new SimpleDateFormat("MM/dd/yyyy");
                      String date1s = format1.format(date);  

                      Filter endDateFilter=Filter.eq("enddate",date1s);
                      Filter inactiveFilter=Filter.eq("inactive",true);

                      ops.addFilter(employeeTypeFilter);
                      ops.addFilter(endDateFilter);
                      ops.addFilter(inactiveFilter);

                      return ops; 
                    </Source>
                  </QueryScript>
                </Parameter>
              </QueryParameters>
            </DataSource>
            <ReportForm>
              <Reference class="sailpoint.object.Form" name="EH_AccountsCreatedinAD_Form"/>
            </ReportForm>
            <Columns>
              <ReportColumnConfig field="user_id" header="User ID" property="name" sortable="true" width="110"/>
              <ReportColumnConfig field="first_name" header="First Name" property="firstname" sortable="true" width="110"/>
              <ReportColumnConfig field="last_name" header="Last Name" property="lastname" sortable="true" width="110"/>
              <ReportColumnConfig field="email" header="Email" property="email" sortable="true" width="110"/>
              <ReportColumnConfig field="employee_type" header="Employee Type" property="employeeType" sortable="true" width="110"/>
              <ReportColumnConfig field="employee_status" header="Status" property="employeeStatus" sortable="true" width="110"/>
              <ReportColumnConfig field="start_date" header="Creation Date" property="created" sortable="true" width="110"/>
              <ReportColumnConfig field="end_date" header="Planned Termination Date" property="enddate" sortable="true" width="110"/>
            </Columns>
          </LiveReport>
        </value>
      </entry>
    </Map>
  </Attributes>
  <Description>Displays information about EH - Identity Terminated in IDM</Description>
  <RequiredRights>
    <Reference class="sailpoint.object.SPRight" name="FullAccessApplicationActivityReport"/>
  </RequiredRights>
  <Signature>
    <Inputs>
      <Argument multi="true" name="EH_Employee_Type" type="application">
        <Description>rept_input_EH_Employee_Type</Description>
      </Argument>
    </Inputs>
  </Signature>
</TaskDefinition>