<?xml version='1.0' encoding='UTF-8'?>
<!DOCTYPE TaskDefinition PUBLIC "sailpoint.dtd" "sailpoint.dtd">
<TaskDefinition executor="sailpoint.reporting.LiveReportExecutor" name="EH - Employees Terminated in AD" progressMode="Percentage" resultAction="Rename" subType="EH Custom Reports" template="true" type="LiveReport">
  <Attributes>
    <Map>
      <entry key="report">
        <value>
          <LiveReport title="Provisioning Transaction Object Report">
            <DataSource objectType="ProvisioningTransaction" type="Filter">
              <QueryParameters>
                <Parameter argument="EH_Employee_Type" property="identityName">
                  <QueryScript>
                    <Source>
                        import sailpoint.object.*;
                        import java.util.*; 
                        import java.util.Date;
                        import java.text.SimpleDateFormat;
                       import java.util.Calendar;
                     // For today's start time
                      Calendar calendar = Calendar.getInstance();
                      calendar.setTime(new Date());
                      calendar.set(Calendar.HOUR_OF_DAY, 0);
                      calendar.set(Calendar.MINUTE, 0);
                      calendar.set(Calendar.SECOND, 0);
                      calendar.set(Calendar.MILLISECOND, 0); 
                     // System.out.println("Date123333333: "+String.valueOf(calendar.getTimeInMillis()));
                      Date startDay = new Date(calendar.getTimeInMillis()); 
                      Filter startDayFilter= Filter.ge("created", startDay); 
                      queryOptions.add(startDayFilter);
                     // For today's end time
                      calendar.setTime(new Date());
                      calendar.set(Calendar.HOUR_OF_DAY, 23);
                      calendar.set(Calendar.MINUTE, 59);
                      calendar.set(Calendar.SECOND, 59);
                      calendar.set(Calendar.MILLISECOND, 999);
                      Date endDay = new Date(calendar.getTimeInMillis()); 
                      Filter endDayFilter = Filter.le("created", endDay);  
                      queryOptions.add(endDayFilter);
                     
                      List nameList = new ArrayList();
                      List nameList1 = new ArrayList();
                      QueryOptions qo = new QueryOptions();
                 
                      qo.addFilter(Filter.ignoreCase(Filter.eq("inactive",true)));
                     // System.out.print("links******** are not null"); 
                      if (value != null &amp;&amp; !value.isEmpty()){
                                         qo.addFilter(Filter.ignoreCase(Filter.eq("employeeType",value)));
                      
                      }
                      else   
                      {
                            Filter ctsemployeeTypeFilter = Filter.ignoreCase(Filter.eq("employeeType","Cognizant Associate"));
                            Filter ehemployeeTypeFilter = Filter.ignoreCase(Filter.eq("employeeType","Employee"));
                            qo.addFilter(Filter.or(ctsemployeeTypeFilter,ehemployeeTypeFilter));
                      }
                                                List property = new ArrayList();                      
                                                property.add("name");
                                                Iterator it = context.search(Identity.class, qo, property);
                                                if(null != it)
                                               {
                                                                while(it.hasNext()) {
                      
                                                                                Object[] nameArray = (Object[]) it.next();
              
                                                                
nameList.add((String)nameArray[0]);
                                            
                                                                }
                                                }
                      
                         
                      if(null != nameList &amp;&amp; nameList.size()&gt;0) {
                               
                      queryOptions.addFilter(Filter.in("identityName",nameList));  
                      
                      //System.out.println("namerList is"+nameList);
                      }
                      return queryOptions;

                      </Source>
                  </QueryScript>
                </Parameter>
                <Parameter argument="applications" property="applicationName"/>
                <Parameter argument="accountDisplayName" property="accountDisplayName">
                  <QueryScript>
                    <Source>
                        
                        import sailpoint.object.*;
                        import java.util.*;

                        if (value != null &amp;&amp; !value.isEmpty()){
                          queryOptions.addFilter(Filter.ignoreCase(Filter.like("accountDisplayName", value, Filter.MatchMode.START)));
                        }

                        return queryOptions;
                        
                      </Source>
                  </QueryScript>
                </Parameter>
                <Parameter argument="status" property="status"/>
                <Parameter argument="type" property="type"/>
                <Parameter argument="source" property="source"/>
                <Parameter argument="creationDate" property="created" valueClass="daterange"/>
                <Parameter argument="forced" property="forced">
                  <QueryScript>
                    <Source>
                        
                        import sailpoint.object.*;
                        import java.util.*;

                        if (value == true){
                          queryOptions.addFilter(Filter.eq("forced", true));
                        }

                        return queryOptions;
                        
                      </Source>
                  </QueryScript>
                </Parameter>
                <Parameter argument="operation" property="operation"/>
              </QueryParameters>
            </DataSource>
            <ReportForm>
              <Reference class="sailpoint.object.Form" name="EH - Accounts Created and Terminated in AD"/>
            </ReportForm>
            <Columns>
              <ReportColumnConfig field="identityName" header="Employee ID" property="identityName" sortable="true" width="110"/>
              <ReportColumnConfig field="firstName" header="First Name" property="identityName" sortable="true" width="110">
                <RenderScript>
                  <Source>
                        import sailpoint.object.*;
                        import java.util.*;
                      
                     String firstName="";
     
    if (value != null &amp;&amp; !value.isEmpty()){
                          Identity id=context.getObjectByName(Identity.class,value);
                      if(id!=null &amp;&amp;id.getStringAttribute("firstname")!=null)
                         firstName=id.getStringAttribute("firstname");
                    //System.out.println("First nameis"+firstName);
                        }
   
                      return firstName;
                    </Source>
                </RenderScript>
              </ReportColumnConfig>
              <ReportColumnConfig field="lastName" header="Last Name" property="identityName" sortable="true" width="110">
                <RenderScript>
                  <Source>
                        import sailpoint.object.*;
                        import java.util.*;
                      
                     String lastName="";
     
    if (value != null &amp;&amp; !value.isEmpty()){
                          Identity id=context.getObjectByName(Identity.class,value);
                      if(id!=null &amp;&amp;id.getStringAttribute("lastname")!=null)
                         lastName=id.getStringAttribute("lastname");
                        }
   
                      return lastName;
                    </Source>
                </RenderScript>
              </ReportColumnConfig>
              <ReportColumnConfig field="identityDisplayName" header="Display Name" property="identityDisplayName" sortable="true" width="110"/>
              <ReportColumnConfig field="networkId" header="Network ID" property="accountDisplayName" sortable="true" width="110">
                <RenderScript>
                  <Source>
                        import sailpoint.object.*;
                        import java.util.*;
                      
                     String networkId="";
        if (value != null &amp;&amp; !value.isEmpty()){
   
     
         QueryOptions qo=new QueryOptions();
    qo.addFilter(Filter.eq("application.name","AD"));
                   
                    qo.addFilter(Filter.eq("displayName",value));
      List links1 = context.getObjects(Link.class,qo);
if(links1!=null &amp;&amp; links1.size()&gt;0 ){
                
                    
                networkId=links1.get(0).getAttribute("sAMAccountName");     
   //  System.out.println("sam account name is"+networkId) ;   
                    
                    }
                    }
                    

                   return networkId;
                      
                    </Source>
                </RenderScript>
              </ReportColumnConfig>
              <ReportColumnConfig field="emailId" header="Email" property="accountDisplayName" sortable="true" width="110">
                <RenderScript>
                  <Source>
                       
                   import sailpoint.object.*;
                        import java.util.*;
                      
                     String emailId="";
        if (value != null &amp;&amp; !value.isEmpty()){
   
      QueryOptions qo=new QueryOptions();
    qo.addFilter(Filter.eq("application.name","AD"));
                     qo.addFilter(Filter.eq("displayName",value));
      List links1 = context.getObjects(Link.class,qo);
if(links1!=null &amp;&amp; links1.size()&gt;0){
                
                emailId=links1.get(0).getAttribute("mail");          
                    
                }
                }

                   return emailId;
                      
                    </Source>
                </RenderScript>
              </ReportColumnConfig>
              <ReportColumnConfig field="employeeStatus" header="Employee Status" property="accountDisplayName" sortable="true" width="110">
                <RenderScript>
                  <Source>
                        import sailpoint.object.*;
                        import java.util.*;
                     import java.util.Date;
                  import java.text.SimpleDateFormat;
                      
                     String employeeStatus="";
                    
        if (value != null &amp;&amp; !value.isEmpty()){
   
   QueryOptions qo=new QueryOptions();
    qo.addFilter(Filter.eq("application.name","AD"));
                   
                    qo.addFilter(Filter.eq("displayName",value));
      List links1 = context.getObjects(Link.class,qo);
if(links1!=null &amp;&amp; links1.size()&gt;0 ){
                
                    if(links1.get(0).isDisabled()) {
                    employeeStatus="Disabled";
                    }
                    else
                    {
                    employeeStatus="Active";
                    }
    // System.out.println("sam account name is"+employeeStatus) ;   
                    
                    }       
                }
                

                   return employeeStatus;
                      
                    </Source>
                </RenderScript>
              </ReportColumnConfig>
              <ReportColumnConfig field="expirationdate" header="Termination Date" property="accountDisplayName" sortable="true" width="110">
                <RenderScript>
                  <Source>
                         /*  import sailpoint.object.*;
                        import java.util.*;
                  import java.util.Date;
                  import java.text.SimpleDateFormat;
                      
                     String expirationdate="";
                    SimpleDateFormat df=new SimpleDateFormat("MM/dd/yyyy");
        if (value != null &amp;&amp; !value.isEmpty()){
   
            QueryOptions qo=new QueryOptions();
    qo.addFilter(Filter.eq("application.name","AD"));
                    qo.addFilter(Filter.eq("displayName",value));
      List links1 = context.getObjects(Link.class,qo);
if(links1!=null &amp;&amp; links1.size()&gt;0){
                
if("never".equals(links1.get(0).getAttribute("accountExpires")))
expirationdate=links1.get(0).getAttribute("accountExpires");
else
{
         Date date1=df.parse(links1.get(0).getAttribute("accountExpires"));
         expirationdate =df.format(date1);
                  //  System.out.println("Expiration date is "+expirationdate);
                    
  }
                    
                }
                }

                   return expirationdate;*/
                    
                      import sailpoint.object.*;
                  import java.util.*;
                  import java.util.Date;
                  import java.text.SimpleDateFormat;
                      
                     String expirationdate="";
                    SimpleDateFormat formatter=new SimpleDateFormat("MM/dd/yyyy");
                    
        if (value != null &amp;&amp; !value.isEmpty()){
  // System.out.println("End date in  expiration date");
            QueryOptions qo=new QueryOptions();
            qo.addFilter(Filter.eq("application.name","AD"));
            qo.addFilter(Filter.eq("displayName",value));
      List links1 = context.getObjects(Link.class,qo);
if(links1!=null &amp;&amp; links1.size()&gt;0){
                
if("never".equals(links1.get(0).getAttribute("accountExpires")))
expirationdate=links1.get(0).getAttribute("accountExpires");
else
{
       try {
                                      

                    expirationdate=links1.get(0).getAttribute("accountExpires");
                    Date currentEndDate = new Date();
        				if(expirationdate.contains("/")) {
        					currentEndDate = formatter.parse(expirationdate); 
                    expirationdate=formatter.format(currentEndDate);
        					//System.out.println(expirationdate + "End Date in EDT format in report");
        				} else {
        					//System.out.println(currentEndDate+ "Before parsing report");
                    long accountExpTime = (Long.parseLong(expirationdate) / 10000L) - + 11644473600000L;
             			currentEndDate = new Date(accountExpTime);
        					//System.out.println(currentEndDate+ "End Date in long format in report");
                   
                    expirationdate=formatter.format(currentEndDate);
                   // System.out.println("Expiration date after long format "+expirationdate);
                    }
           }
                    catch (Exception e1) {
                                               System.out.println("IN EXCEPTIONs of expirationdate"+expirationdate);      
                                                //e1.printStackTrace();
                                }
                    
                 
                }
                }
                    }

                   return expirationdate;
                    
                    
                      
                    </Source>
                </RenderScript>
              </ReportColumnConfig>
            </Columns>
          </LiveReport>
        </value>
      </entry>
    </Map>
  </Attributes>
  <Description>Displays accounts terminated in AD on daily basis</Description>
  <RequiredRights>
    <Reference class="sailpoint.object.SPRight" name="FullAccessProvisioningTransactionReport"/>
  </RequiredRights>
  <Signature>
    <Inputs>
      <Argument multi="true" name="applications" type="Application">
        <Description>help_report_provisioning_application</Description>
      </Argument>
      <Argument multi="true" name="identities" type="Identity">
        <Description>help_report_provisioning_identity</Description>
      </Argument>
      <Argument name="integration" type="string">
        <Description>help_report_provisioning_integration</Description>
      </Argument>
      <Argument name="accountDisplayName" type="string">
        <Description>help_report_provisioning_account_display_name</Description>
      </Argument>
      <Argument name="operation" type="string">
        <Description>help_report_provisioning_operation</Description>
      </Argument>
      <Argument name="source" type="string">
        <Description>help_report_provisioning_source</Description>
      </Argument>
      <Argument name="status" type="string">
        <Description>help_report_provisioning_status</Description>
      </Argument>
      <Argument name="type" type="string">
        <Description>help_report_provisioning_type</Description>
      </Argument>
      <Argument name="creationDate" type="date">
        <Description>help_report_provisioning_date</Description>
      </Argument>
      <Argument name="forced" type="boolean">
        <Description>help_report_provisioning_forced</Description>
      </Argument>
      <Argument name="EH_Employee_Type" type="string">
        <Description>rept_input_EH_Employee_Type</Description>
      </Argument>
    </Inputs>
  </Signature>
</TaskDefinition>