<?xml version='1.0' encoding='UTF-8'?>
<!DOCTYPE TaskDefinition PUBLIC "sailpoint.dtd" "sailpoint.dtd">
<TaskDefinition executor="sailpoint.reporting.LiveReportExecutor" name="EH - Vendors Accounts Created in AD Report" progressMode="Percentage" resultAction="Rename" subType="EH Custom Reports" template="true" type="LiveReport">
  <Attributes>
    <Map>
      <entry key="report">
        <value>
          <LiveReport title="EH - Vendors Accounts Created in AD Report">
            <DataSource objectType="sailpoint.object.Link" type="Filter">
              <QueryParameters>
                <Parameter argument="EH_Vendor_Company">
                  <QueryScript>
                    <Source>
                      import sailpoint.object.QueryOptions;
                      import sailpoint.object.Filter;
                      import java.text.DateFormat;
                      import java.text.SimpleDateFormat;
                      import java.util.Calendar;
                      import java.util.*;
                      import sailpoint.object.Custom;
                      import sailpoint.object.Application;

                      System.out.println("Company Values : " + value);
                      QueryOptions ops = new QueryOptions();
                      List companyList = new ArrayList();
                      for (String companyValue : value) {
                      companyList.add(Filter.eq("identity.companyCode", companyValue));
                      }
                      Filter companyFilter = (Filter.or(companyList));

                      SimpleDateFormat dateFormat = new SimpleDateFormat("yyyy-MM-dd HH-mm-ss");
                      Calendar cal = Calendar.getInstance();
                      //cal.add(Calendar.DATE, 1);
                      Date date = cal.getTime();             
                      SimpleDateFormat format1 = new SimpleDateFormat("MM/dd/yyyy");
                      String date1s = format1.format(date);  
                      //Date date1d=format1.parse(date1s.toString());

                      System.out.println("Current date from task defination---------------------"+date1s);

                      Date currdate= new Date();
                      Custom applicationObj=context.getObjectByName(Custom.class,"EH_Application_Names");
                      String appName =  applicationObj.get("ad");

                      Application ADApplication = context.getObjectByName(Application.class, appName);

                      Filter employeeTypeFilter=Filter.ignoreCase(Filter.eq("identity.employeeType","vendor"));

                      Filter inactiveFilter=Filter.ignoreCase(Filter.ne("identity.inactive",true));
                      Filter whenCreatedFilter=Filter.ignoreCase(Filter.eq("whenCreated",date1s));

                      Filter accountTypeFilter=Filter.ignoreCase(Filter.eq("EHaccountType","primary"));

                      Filter applicationFilter=Filter.ignoreCase(Filter.eq("application.name",appName));



                      ops.addFilter(companyFilter);
                      ops.addFilter(employeeTypeFilter);
                      ops.addFilter(inactiveFilter);
                      ops.addFilter(whenCreatedFilter);
                      ops.addFilter(accountTypeFilter);
                      ops.addFilter(applicationFilter);


                      return ops; 
                    </Source>
                  </QueryScript>
                </Parameter>
              </QueryParameters>
            </DataSource>
            <Columns>
              <ReportColumnConfig field="user_id" header="Employee ID" property="identity.name" sortable="true" width="110"/>
              <ReportColumnConfig field="created_by" header="Created By" property="identity.name" sortable="true" width="110">
                <RenderScript>
                  <Source>   
                    import sailpoint.object.*;
                    import java.util.*;
                    import java.util.Date;
                    import java.text.SimpleDateFormat;
                    import sailpoint.object.AuditEvent;
                    import sailpoint.object.QueryOptions;
                    import sailpoint.object.Filter;
                    String createdBy="";
                    System.out.println("Start of Audit Rule--------------------------------------------------");
                    String action="joiner";
                    //String target="v789525";
                    String target=value;
                    String application="IIQ";

                    QueryOptions ops =  new QueryOptions();

                    Filter actionFilter=Filter.eq("action",action);
                    Filter applicationFilter=Filter.eq("application",application);
                    Filter targetFilter=Filter.eq("target",target);

                    ops.addFilter(actionFilter);
                    ops.addFilter(applicationFilter);
                    ops.addFilter(targetFilter);

                    List aeList=context.getObjects(AuditEvent.class,ops);

                    if(aeList!=null &amp;&amp; aeList.size()&gt;0)
                    {
                    System.out.println("Size of list"+aeList.size());

                    for(AuditEvent ae:aeList)
                    {
                    if(ae.getString1().equalsIgnoreCase("Onboarding Type: Vendor Onboarding"))
                    {
                    System.out.println(ae.getString1());
                    if(ae.getString2()!=null)
                    {
                    System.out.println(ae.getString2());
                    createdBy=ae.getString2();
                    }
                    }
                    }
                    }
                    return createdBy;
                  </Source>
                </RenderScript>
              </ReportColumnConfig>
              <ReportColumnConfig field="first_name" header="First Name" property="identity.firstname" sortable="true" width="110"/>
              <ReportColumnConfig field="last_name" header="Last Name" property="identity.lastname" sortable="true" width="110"/>
              <ReportColumnConfig field="display_name" header="Display Name" property="identity.displayName" sortable="true" width="110"/>
              <ReportColumnConfig field="network_id" header="Network ID" property="identity.networkID" sortable="true" width="110"/>
              <ReportColumnConfig field="email" header="Email" property="identity.email" sortable="true" width="110"/>
              <ReportColumnConfig field="start_date" header="Creation Date" property="whenCreated" sortable="true" width="110"/>
              <ReportColumnConfig field="end_date" header="Planned Termination Date" property="identity.enddate" sortable="true" width="110"/>
            </Columns>
          </LiveReport>
        </value>
      </entry>
    </Map>
  </Attributes>
  <Description>Displays information about accounts created in AD</Description>
  <RequiredRights>
    <Reference class="sailpoint.object.SPRight" name="FullAccessApplicationActivityReport"/>
  </RequiredRights>
  <Signature>
    <Inputs>
      <Argument multi="true" name="EH_Vendor_Company" type="String">
        <Description>rept_input_EH_Company</Description>
      </Argument>
    </Inputs>
  </Signature>
</TaskDefinition>