<?xml version='1.0' encoding='UTF-8'?>
<!DOCTYPE TaskDefinition PUBLIC "sailpoint.dtd" "sailpoint.dtd">
<TaskDefinition formPath="/monitor/tasks/accountGroupAggregationTask.xhtml" name="EH Account Group Aggregation Task" resultAction="Rename" subType="task_item_type_acct_grp_aggregation" type="AccountGroupAggregation">
  <Attributes>
    <Map>
      <entry key="accountGroupRefreshRule" value="8aa098be5d2b6347015d2bf2dcda0076"/>
      <entry key="aggregationType" value="group"/>
      <entry key="applications" value="AD"/>
      <entry key="checkDeleted" value="false"/>
      <entry key="deltaAggregation" value="false"/>
      <entry key="groupSchema"/>
      <entry key="taskCompletionEmailNotify" value="Disabled"/>
      <entry key="taskCompletionEmailRecipients"/>
      <entry key="taskCompletionEmailTemplate"/>
    </Map>
  </Attributes>
  <Description>Task template for application group scanning.</Description>
  <Owner>
    <Reference class="sailpoint.object.Identity" name="spadmin"/>
  </Owner>
  <Parent>
    <Reference class="sailpoint.object.TaskDefinition" name="Account Group Aggregation"/>
  </Parent>
</TaskDefinition>