<?xml version='1.0' encoding='UTF-8'?>
<!DOCTYPE TaskDefinition PUBLIC "sailpoint.dtd" "sailpoint.dtd">
<TaskDefinition name="EH Custom Rehire" resultAction="Delete" subType="task_item_type_generic" type="Generic">
  <Attributes>
    <Map>
      <entry key="ruleConfig" value="name,v010480;"/>
      <entry key="ruleName" value="8aa098c95d8952e2015dcbeb39e101a5"/>
      <entry key="taskCompletionEmailNotify" value="Disabled"/>
      <entry key="taskCompletionEmailRecipients"/>
      <entry key="taskCompletionEmailTemplate"/>
    </Map>
  </Attributes>
  <Description>A task that can be run for custom Rehire</Description>
  <Owner>
    <Reference class="sailpoint.object.Identity" name="spadmin"/>
  </Owner>
  <Parent>
    <Reference class="sailpoint.object.TaskDefinition" name="Run Rule"/>
  </Parent>
</TaskDefinition>