<?xml version='1.0' encoding='UTF-8'?>
<!DOCTYPE TaskDefinition PUBLIC "sailpoint.dtd" "sailpoint.dtd">
<TaskDefinition name="EH Daily Cognizant Associates Terminated in AD" resultAction="Rename" subType="EH Custom Reports" type="LiveReport">
  <Attributes>
    <Map>
      <entry key="EH_Employee_Type" value="Cognizant Associate"/>
      <entry key="applications">
        <value>
          <List>
            <String>AD</String>
          </List>
        </value>
      </entry>
      <entry key="disableDetail" value="false"/>
      <entry key="disableSummary" value="false"/>
      <entry key="emailFileFormat">
        <value>
          <List>
            <String>CSV</String>
          </List>
        </value>
      </entry>
      <entry key="emailIdentities">
        <value>
          <List>
            <String>8aa098be5d326e60015d3cbc83a713db</String>
            <String>8aa098be5d326e60015d3cbd5def1841</String>
            <String>8aa098be5d326e60015d3cbdcfad1a8d</String>
            <String>8aa098be5d326e60015d3cbe66961d9b</String>
          </List>
        </value>
      </entry>
      <entry key="emailTemplateId" value="EH_Email_CTSAssociateTerminatedInAD_Report"/>
      <entry key="operation">
        <value>
          <List>
            <String>Disable</String>
          </List>
        </value>
      </entry>
      <entry key="reportColumnOrder" value="identityName, firstName, lastName, identityDisplayName, networkId, emailId, employeeStatus, expirationdate"/>
      <entry key="status">
        <value>
          <List>
            <String>Success</String>
          </List>
        </value>
      </entry>
    </Map>
  </Attributes>
  <Description>Displays accounts terminated in AD on daily basis</Description>
  <Owner>
    <Reference class="sailpoint.object.Identity" name="spadmin"/>
  </Owner>
  <Parent>
    <Reference class="sailpoint.object.TaskDefinition" name="EH - Cognizant Associates Terminated in AD"/>
  </Parent>
</TaskDefinition>