<?xml version='1.0' encoding='UTF-8'?>
<!DOCTYPE TaskDefinition PUBLIC "sailpoint.dtd" "sailpoint.dtd">
<TaskDefinition name="EH Daily Employee Created in IDM Report" resultAction="Rename" subType="EH Custom Reports" type="LiveReport">
  <Attributes>
    <Map>
      <entry key="EH_Employee_Type">
        <value>
          <List>
            <String>Employee</String>
          </List>
        </value>
      </entry>
      <entry key="disableDetail" value="false"/>
      <entry key="disableSummary" value="false"/>
      <entry key="emailFileFormat">
        <value>
          <List>
            <String>CSV</String>
          </List>
        </value>
      </entry>
      <entry key="emailIdentities">
        <value>
          <List>
            <String>EH_HR</String>
          </List>
        </value>
      </entry>
      <entry key="emailTemplateId" value="EH_Email_EmployeeCreatedInIDM_Report"/>
      <entry key="reportColumnOrder" value="user_id, first_name, last_name, email, employee_type, employee_status, start_date, end_date"/>
    </Map>
  </Attributes>
  <Description>Displays information about EH - Account Created in IDM</Description>
  <Owner>
    <Reference class="sailpoint.object.Identity" name="spadmin"/>
  </Owner>
  <Parent>
    <Reference class="sailpoint.object.TaskDefinition" name="EH - Users Created in IDM Report"/>
  </Parent>
</TaskDefinition>