<?xml version='1.0' encoding='UTF-8'?>
<!DOCTYPE TaskDefinition PUBLIC "sailpoint.dtd" "sailpoint.dtd">
<TaskDefinition name="EH Daily Employees Terminated in AD" resultAction="Rename" subType="EH Custom Reports" type="LiveReport">
  <Attributes>
    <Map>
      <entry key="EH_Employee_Type" value="Employee"/>
      <entry key="applications">
        <value>
          <List>
            <String>AD</String>
          </List>
        </value>
      </entry>
      <entry key="disableDetail" value="false"/>
      <entry key="disableSummary" value="false"/>
      <entry key="emailFileFormat">
        <value>
          <List>
            <String>CSV</String>
          </List>
        </value>
      </entry>
      <entry key="emailIdentities">
        <value>
          <List>
            <String>EH_HR</String>
          </List>
        </value>
      </entry>
      <entry key="emailTemplateId" value="EH_Email_EmployeesTerminatedInAD_Report"/>
      <entry key="forced">
        <value>
          <Boolean/>
        </value>
      </entry>
      <entry key="operation">
        <value>
          <List>
            <String>Disable</String>
          </List>
        </value>
      </entry>
      <entry key="reportColumnOrder" value="identityName, firstName, lastName, identityDisplayName, networkId, emailId, employeeStatus, expirationdate"/>
      <entry key="status">
        <value>
          <List>
            <String>Success</String>
          </List>
        </value>
      </entry>
    </Map>
  </Attributes>
  <Description>Displays accounts terminated in AD on daily basis</Description>
  <Owner>
    <Reference class="sailpoint.object.Identity" name="spadmin"/>
  </Owner>
  <Parent>
    <Reference class="sailpoint.object.TaskDefinition" name="EH - Employees Terminated in AD"/>
  </Parent>
</TaskDefinition>