<?xml version='1.0' encoding='UTF-8'?>
<!DOCTYPE TaskDefinition PUBLIC "sailpoint.dtd" "sailpoint.dtd">
<TaskDefinition executor="sailpoint.reporting.LiveReportExecutor" name="EH_Everify_Reset_Password_Report_Monthly" progressMode="Percentage" resultAction="Rename" subType="EH Custom Reports" template="true" type="LiveReport">
  <Attributes>
    <Map>
      <entry key="report">
        <value>
          <LiveReport title="Audit Configuration Object Report">
            <DataSource objectType="AuditEvent" type="Filter">
              <QueryParameters>
                <Parameter property="created">
                  <QueryScript>
                    <Source>
                      import sailpoint.object.*;
                      import java.util.*; 
                      import java.util.Date;
                      import java.text.SimpleDateFormat;
                      import java.util.Calendar;

                      List identitylist = new ArrayList();  
                      Calendar calendar = Calendar.getInstance();
                      calendar.add(Calendar.DATE, -30);
                      calendar.set(Calendar.HOUR_OF_DAY,0);
                      calendar.set(Calendar.MINUTE,0);
                      calendar.set(Calendar.SECOND,0);
                      calendar.set(Calendar.MILLISECOND,0);
                      Date startDate = calendar.getTime();
                      System.out.println("Start date before 30 days "+startDate);

                      calendar.setTime(new Date());
                      calendar.set(Calendar.HOUR_OF_DAY,23);
                      calendar.set(Calendar.MINUTE,59);
                      calendar.set(Calendar.SECOND,59);
                      calendar.set(Calendar.MILLISECOND,999);
                      Date endDate = calendar.getTime();                       
                      System.out.println("End date  "+endDate);

                      queryOptions.addFilter(Filter.ge("created",startDate));
                      queryOptions.addFilter(Filter.lt("created",endDate));
                      System.out.println("Created value is "+startDate);
                      return queryOptions;
                    </Source>
                  </QueryScript>
                </Parameter>
                <Parameter property="action">
                  <QueryScript>
                    <Source>
                      import sailpoint.object.Filter;
                      queryOptions.addFilter(Filter.eq("action","EverifyPasswordReset"));
                      System.out.println("Action is for Everify Password Reset");
                      return queryOptions;
                    </Source>
                  </QueryScript>
                </Parameter>
                <Parameter defaultValue="AD" property="application" valueClass="string"/>
                <Parameter property="string2">
                  <QueryScript>
                    <Source>
                      import sailpoint.object.Filter;
                      queryOptions.addFilter(Filter.like("string2","Success", Filter.MatchMode.ANYWHERE));
                      System.out.println("1");
                      return queryOptions;
                    </Source>
                  </QueryScript>
                </Parameter>
              </QueryParameters>
            </DataSource>
            <Columns>
              <ReportColumnConfig field="operationName" header="Requested Operation" property="action" sortable="true" width="110">
                <RenderScript>
                  <Source>
                    import java.io.*;
                    String operationName=value;
                   
                    System.out.println("2");
                    if(null!=operationName)
                    return operationName;
                    else
                    return " ";
                  </Source>
                </RenderScript>
              </ReportColumnConfig>
              <ReportColumnConfig field="requestor" header="Requestor Display Name" property="source" sortable="true" width="110">
                <RenderScript>
                  <Source>
                    import java.io.*;
                    import sailpoint.object.*;
                    import sailpoint.api.*;
                    
                    String requestor_report=value;
                    System.out.println("Source name  ::"+requestor);
                    Identity identity_report=context.getObjectByName(Identity.class,requestor_report);
                    String requestor=identity_report.getAttribute("displayName");
                    System.out.println("requestor display name  ::"+requestor);
                    System.out.println("3");
                    if(null!=requestor)
                    return requestor;
                    else
                    return " ";
                  </Source>
                </RenderScript>
              </ReportColumnConfig>
              <ReportColumnConfig field="displayName" header=" Requestee Diplay Name" property="target" sortable="true" width="110">
                <RenderScript>
                  <Source>
                    import java.io.*;
                    import sailpoint.object.*;
                    import sailpoint.api.*;
                    String displayNameReport=value;
                    Identity identity_report=context.getObjectByName(Identity.class,displayNameReport);
                    System.out.println("Identity from the report is   :::"+identity_report);
                    String displayName=identity_report.getAttribute("displayName");
                    System.out.println("4");
                    if(null!=displayName)
                    return displayName;
                    else
                    return " ";
                  </Source>
                </RenderScript>
              </ReportColumnConfig>
              <ReportColumnConfig field="requestedOn" header=" Requested on" property="created" sortable="true" width="110">
                <RenderScript>
                  <Source>
                    import java.io.*;
                    Date requestedOn=value;
                    System.out.println("5");
                    if(null!=requestedOn)
                    return requestedOn;
                    else
                    return " ";
                  </Source>
                </RenderScript>
              </ReportColumnConfig>
              <ReportColumnConfig field="requesteeEmail" header=" Requestee email" property="target" sortable="true" width="110">
                <RenderScript>
                  <Source>
                    import java.io.*;
                    import sailpoint.object.*;
                    import sailpoint.api.*;
                    
                    String requesteeEmail_report=value;
                    Identity identity_report=context.getObjectByName(Identity.class,requesteeEmail_report);
                    System.out.println("Identity from the report is   :::"+identity_report);
                    String requesteeEmail=identity_report.getAttribute("email");

                    System.out.println("6");
                    if(null!=requesteeEmail)
                    return requesteeEmail;
                    else
                    return " ";
                  </Source>
                </RenderScript>
              </ReportColumnConfig>
              <ReportColumnConfig field="requesteenetworkID" header=" Requestee's Network ID" property="accountName" sortable="true" width="110">
                <RenderScript>
                  <Source>
                    import java.io.*;
                    String requesteenetworkID=value;

                    System.out.println("7");
                    if(null!=requesteenetworkID)
                    return requesteenetworkID;
                    else
                    return " ";
                  </Source>
                </RenderScript>
              </ReportColumnConfig>
            </Columns>
          </LiveReport>
        </value>
      </entry>
    </Map>
  </Attributes>
  <Description>Displays Reset Password in Monthly basis</Description>
</TaskDefinition>