<?xml version='1.0' encoding='UTF-8'?>
<!DOCTYPE TaskDefinition PUBLIC "sailpoint.dtd" "sailpoint.dtd">
<TaskDefinition name="EH Generate EHPMO Feed" resultAction="Rename" subType="task_item_type_generic" type="Generic">
  <Attributes>
    <Map>
      <entry key="ruleName" value="8aa098be5d2b6347015d2bf2cdf2005f"/>
      <entry key="taskCompletionEmailNotify" value="Failure"/>
      <entry key="taskCompletionEmailRecipients" value="v006479"/>
      <entry key="taskCompletionEmailTemplate" value="Task Status"/>
    </Map>
  </Attributes>
  <Description>A task that can be used to run an arbitrary rule.</Description>
  <Owner>
    <Reference class="sailpoint.object.Identity" name="spadmin"/>
  </Owner>
  <Parent>
    <Reference class="sailpoint.object.TaskDefinition" name="Run Rule"/>
  </Parent>
</TaskDefinition>