<?xml version='1.0' encoding='UTF-8'?>
<!DOCTYPE TaskDefinition PUBLIC "sailpoint.dtd" "sailpoint.dtd">
<TaskDefinition name="EH Medicare Update Email Task" resultAction="Delete" subType="task_item_type_generic" type="Generic">
  <Attributes>
    <Map>
      <entry key="ruleName" value="8aa0b4205c1b2e98015c44fedc4a200a"/>
      <entry key="taskCompletionEmailNotify" value="Disabled"/>
      <entry key="taskCompletionEmailRecipients"/>
      <entry key="taskCompletionEmailTemplate"/>
    </Map>
  </Attributes>
  <Description>Email update for Medicare Employees</Description>
  <Owner>
    <Reference class="sailpoint.object.Identity" name="spadmin"/>
  </Owner>
  <Parent>
    <Reference class="sailpoint.object.TaskDefinition" name="Run Rule"/>
  </Parent>
  <Signature>
    <Returns>
      <Argument name="IdentitiesUpdated" type="int">
        <Prompt>Identities Updated</Prompt>
      </Argument>
      <Argument name="IdentitiesIgnored" type="int">
        <Prompt>Identities Ignored</Prompt>
      </Argument>
    </Returns>
  </Signature>
</TaskDefinition>