<?xml version='1.0' encoding='UTF-8'?>
<!DOCTYPE TaskDefinition PUBLIC "sailpoint.dtd" "sailpoint.dtd">
<TaskDefinition name="EH Set CCI MEDICARE Employee ID" resultAction="Delete" subType="task_item_type_generic" type="Generic">
  <Attributes>
    <Map>
      <entry key="ruleName" value="EH_Set_EmpID_AD"/>
      <entry key="taskCompletionEmailNotify" value="Failure"/>
      <entry key="taskCompletionEmailRecipients" value="Administrator"/>
      <entry key="taskCompletionEmailTemplate" value="Task Status"/>
    </Map>
  </Attributes>
  <Description>A task that can be used to run an arbitrary rule.</Description>
  <Owner>
    <Reference class="sailpoint.object.Identity" name="spadmin"/>
  </Owner>
  <Parent>
    <Reference class="sailpoint.object.TaskDefinition" name="Run Rule"/>
  </Parent>
  <Signature>
    <Returns>
      <Argument name="IdentitiesUpdated" type="int">
        <Prompt>Identities Updated</Prompt>
      </Argument>
    </Returns>
  </Signature>
</TaskDefinition>