<?xml version='1.0' encoding='UTF-8'?>
<!DOCTYPE TaskDefinition PUBLIC "sailpoint.dtd" "sailpoint.dtd">
<TaskDefinition executor="com.cts.eh.UpdateUserEmail" name="EH_UpdateUserTask" subType="task_item_type_generic" template="true" type="Generic">
  <Description>A task to update user email</Description>
  <Signature>
    <Inputs>
      <Argument helpKey="csv file path " name="csvLocation" type="string">
        <Prompt>Please provide the CSV File Path </Prompt>
      </Argument>
    </Inputs>
  </Signature>
</TaskDefinition>