<?xml version='1.0' encoding='UTF-8'?>
<!DOCTYPE TaskDefinition PUBLIC "sailpoint.dtd" "sailpoint.dtd">
<TaskDefinition name="EH Vendor One Time Dataload" resultAction="Delete" subType="task_item_type_generic" type="Generic">
  <Attributes>
    <Map>
      <entry key="ruleConfig" value="filePath,/apphome/sailpoint/CSVFILES/INPUT/VENDOR/Vendor_Feed_03212018.csv"/>
      <entry key="ruleName" value="8aa098bd5d895335015de0bd6ebc07f3"/>
      <entry key="taskCompletionEmailNotify" value="Disabled"/>
      <entry key="taskCompletionEmailRecipients"/>
      <entry key="taskCompletionEmailTemplate"/>
    </Map>
  </Attributes>
  <Description>A task that can be used to run an arbitrary rule.</Description>
  <Owner>
    <Reference class="sailpoint.object.Identity" name="v008953"/>
  </Owner>
  <Parent>
    <Reference class="sailpoint.object.TaskDefinition" name="Run Rule"/>
  </Parent>
</TaskDefinition>