<?xml version='1.0' encoding='UTF-8'?>
<!DOCTYPE TaskDefinition PUBLIC "sailpoint.dtd" "sailpoint.dtd">
<TaskDefinition name="Employee Facilities Offboarded Monthly Report" resultAction="Rename" subType="EH Custom Reports" type="LiveReport">
  <Attributes>
    <Map>
      <entry key="EH_Employee_Type" value="Employee"/>
      <entry key="applications">
        <value>
          <List>
            <String>AD</String>
          </List>
        </value>
      </entry>
      <entry key="disableDetail" value="false"/>
      <entry key="disableSummary" value="false"/>
      <entry key="emailFileFormat">
        <value>
          <List>
            <String>CSV</String>
          </List>
        </value>
      </entry>
      <entry key="emailIdentities">
        <value>
          <List>
            <String>8aa098be5d326e60015d35fc3bb400bc</String>
            <String>8aa098be5d326e60015d35d644390090</String>
            <String>8aa098be5d326e60015d369d24f109dc</String>
            <String>8aa098be5d326e60015d369a0d690378</String>
            <String>8aa098be5d326e60015d369a3d5303b6</String>
            <String>8aa098be5d326e60015d36997c9f02cc</String>
            <String>8aa098be5d326e60015d4198abab3bfb</String>
          </List>
        </value>
      </entry>
      <entry key="emailTemplateId" value="EH_Email_Monthly_EmployeeOffboarded_Report"/>
      <entry key="forced">
        <value>
          <Boolean/>
        </value>
      </entry>
      <entry key="operation">
        <value>
          <List>
            <String>Disable</String>
          </List>
        </value>
      </entry>
      <entry key="reportColumnOrder" value="identityDisplayName, identityName, network ID, title, location, costcenter, startDate, grade, endDate, terminationDateTimeStamp, employeestatus"/>
      <entry key="status">
        <value>
          <List>
            <String>Success</String>
          </List>
        </value>
      </entry>
    </Map>
  </Attributes>
  <Description>Displays accounts terminated in AD on monthly basis</Description>
  <Owner>
    <Reference class="sailpoint.object.Identity" name="spadmin"/>
  </Owner>
  <Parent>
    <Reference class="sailpoint.object.TaskDefinition" name="EH-Employee Facilities offboarded Monthly"/>
  </Parent>
</TaskDefinition>