<?xml version='1.0' encoding='UTF-8'?>
<!DOCTYPE TaskDefinition PUBLIC "sailpoint.dtd" "sailpoint.dtd">
<TaskDefinition formPath="/monitor/tasks/sequentialTask.xhtml" name="PeopleSoft HR Sequential Task" resultAction="Rename" subType="task_item_type_generic" type="Generic">
  <Attributes>
    <Map>
      <entry key="exitOnError" value="true"/>
      <entry key="taskCompletionEmailNotify" value="Disabled"/>
      <entry key="taskCompletionEmailRecipients"/>
      <entry key="taskCompletionEmailTemplate"/>
      <entry key="taskList" value="PeopleSoft HR Aggregation Task, AD task, Refresh Identity Cube - Provisioning HR, Perform MaintenanceLCM"/>
      <entry key="trace" value="false"/>
    </Map>
  </Attributes>
  <Description>PeopleSoft HR Sequential Task</Description>
  <Owner>
    <Reference class="sailpoint.object.Identity" name="spadmin"/>
  </Owner>
  <Parent>
    <Reference class="sailpoint.object.TaskDefinition" name="Sequential Task Launcher"/>
  </Parent>
</TaskDefinition>