<?xml version='1.0' encoding='UTF-8'?>
<!DOCTYPE TaskDefinition PUBLIC "sailpoint.dtd" "sailpoint.dtd">
<TaskDefinition name="QCare QPNY Certification Report" resultAction="Rename" subType="EH Certification Report" type="LiveReport">
  <Attributes>
    <Map>
      <entry key="Application" value="8aa0b6595c53ef57015c586b6fca019e"/>
      <entry key="End Date">
        <value>
          <Date>1518523200000</Date>
        </value>
      </entry>
      <entry key="Start Date">
        <value>
          <Date>1518523200000</Date>
        </value>
      </entry>
      <entry key="disableDetail" value="false"/>
      <entry key="disableSummary" value="false"/>
      <entry key="emailFileFormat">
        <value>
          <List>
            <String>PDF</String>
            <String>CSV</String>
          </List>
        </value>
      </entry>
      <entry key="emailIdentities">
        <value>
          <List>
            <String>8aa0b6595c53ef57015c883033ec33d6</String>
          </List>
        </value>
      </entry>
      <entry key="emailTemplateId" value="EH_Email_QCare_QPNY_Certification_Report_Email"/>
      <entry key="reportColumnOrder" value="name, networkID, firstname, lastname, AccountName, certifier, Group, decision, Comments, decision date"/>
      <entry key="reportCreateTimeZone" value="Asia/Calcutta"/>
      <entry key="reportTitle" value="rept_lcm_entitlement_request_status_title"/>
    </Map>
  </Attributes>
  <Description>Displays information about sox application certification Details.</Description>
  <Owner>
    <Reference class="sailpoint.object.Identity" name="spadmin"/>
  </Owner>
  <Parent>
    <Reference class="sailpoint.object.TaskDefinition" name="SOX Application Access Request Status Report Entitlement Owner"/>
  </Parent>
</TaskDefinition>