<?xml version='1.0' encoding='UTF-8'?>
<!DOCTYPE TaskDefinition PUBLIC "sailpoint.dtd" "sailpoint.dtd">
<TaskDefinition name="RACF HMO Certficaion Report" resultAction="Rename" subType="EH Certification Report" type="LiveReport">
  <Attributes>
    <Map>
      <entry key="Application" value="8aa0b41e5bc8d924015bcdd564e50009"/>
      <entry key="End Date">
        <value>
          <Date>1513425600000</Date>
        </value>
      </entry>
      <entry key="Start Date">
        <value>
          <Date>1513425600000</Date>
        </value>
      </entry>
      <entry key="disableDetail" value="false"/>
      <entry key="disableSummary" value="false"/>
      <entry key="emailFileFormat">
        <value>
          <List>
            <String>PDF</String>
            <String>CSV</String>
          </List>
        </value>
      </entry>
      <entry key="emailIdentities">
        <value>
          <List>
            <String>8aa0b4205dc79238015e7fbaeb672817</String>
          </List>
        </value>
      </entry>
      <entry key="emailTemplateId" value="EH_Email_RACF_HMO_Certification_Report_Email"/>
      <entry key="reportColumnOrder" value="name, networkID, firstname, lastname, AccountName, Group, certifier, decision, decision date, Comments"/>
      <entry key="reportCreateTimeZone" value="Asia/Calcutta"/>
      <entry key="reportTitle" value="rept_lcm_entitlement_request_status_title"/>
    </Map>
  </Attributes>
  <Description>Displays information about sox application certification Details.</Description>
  <Owner>
    <Reference class="sailpoint.object.Identity" name="spadmin"/>
  </Owner>
  <Parent>
    <Reference class="sailpoint.object.TaskDefinition" name="SOX Application Access Request Status Report Manager Application Owner"/>
  </Parent>
</TaskDefinition>