<?xml version='1.0' encoding='UTF-8'?>
<!DOCTYPE TaskDefinition PUBLIC "sailpoint.dtd" "sailpoint.dtd">
<TaskDefinition executor="sailpoint.reporting.LiveReportExecutor" name="SLA Weekly Termination Report" progressMode="Percentage" resultAction="Rename" subType="EH Custom Reports" template="true" type="LiveReport">
  <Attributes>
    <Map>
      <entry key="report">
        <value>
          <LiveReport title="SLA Report">
            <DataSource objectType="TaskResult" type="Filter">
              <QueryParameters>
                <Parameter property="created">
                  <QueryScript>
                    <Source>

                      import sailpoint.object.Filter;
                      import sailpoint.object.Identity;
                      import sailpoint.object.AuditEvent;                        
                      import sailpoint.object.QueryOptions;

                      List identitylist = new ArrayList();  
                      Calendar calendar = Calendar.getInstance();

                      calendar.add(Calendar.DATE, -7);
                      //calendar.set(Calendar.YEAR, 2017);
                      //calendar.set(Calendar.MONTH, 11);
                      //calendar.set(Calendar.DAY_OF_MONTH, 11);
                      calendar.set(Calendar.HOUR_OF_DAY,0);
                      calendar.set(Calendar.MINUTE,0);
                      calendar.set(Calendar.SECOND,0);
                      calendar.set(Calendar.MILLISECOND,0);
                      Date startDate = calendar.getTime();
                      System.out.println("Start date before 7 days "+startDate);
                      calendar.setTime(new Date());
                      // calendar.set(2017,11,18);
                      calendar.set(Calendar.HOUR_OF_DAY,23);
                      calendar.set(Calendar.MINUTE,59);
                      calendar.set(Calendar.SECOND,59);
                      calendar.set(Calendar.MILLISECOND,999);
                      Date endDate = calendar.getTime();                       
                      System.out.println("End date  "+endDate);
                      // System.out.println("Target Name is "+targetName);
                      queryOptions.addFilter(Filter.ge("created",startDate));
                      queryOptions.addFilter(Filter.lt("created",endDate));
                      return queryOptions;
                    </Source>
                  </QueryScript>
                </Parameter>
                <Parameter defaultValue="Success" property="completionStatus" valueClass="string"/>
                <Parameter property="name">
                  <QueryScript>
                    <Source>

                      import sailpoint.object.Filter;
                      import sailpoint.object.Identity;
                      import sailpoint.object.Attributes;
                      import sailpoint.object.IdentityRequest;
                      import sailpoint.object.TaskResult;
                      import sailpoint.object.QueryOptions;
                      import sailpoint.object.QueryOptions.Ordering;
                      QueryOptions qo1=new QueryOptions();
                      Filter leaverFilter = Filter.like("name","Scheduled Leaver",Filter.MatchMode.ANYWHERE);
                      Filter empLeaverFilter = Filter.like("name","EH_Leaver",Filter.MatchMode.ANYWHERE);
                      // Filter empLeaverFilter = Filter.like("name","Lifecycle_Event_Leaver",Filter.MatchMode.ANYWHERE);
                      Filter orFilter=Filter.or(leaverFilter,empLeaverFilter);
                      Filter immTermLeaverFilter = Filter.like("name","Immediate Termination",Filter.MatchMode.ANYWHERE);
                      Filter finalFilter= Filter.or(orFilter,immTermLeaverFilter);
                      qo1.addFilter(finalFilter);
                      List orderList=new ArrayList();

                      Ordering o1=new Ordering("name",false); 
                      Ordering o2=new Ordering("created",false); 

                      orderList.add(o1);
                      orderList.add(o2);
                      qo1.setOrderings(orderList);
                      Map nameMap = new TreeMap();
                      String employeeID="";
                      List property = new ArrayList();

                      property.add("name");
                      property.add("attributes");
                      Iterator it =context.search(TaskResult.class,qo1,property);

                      List nameList = new ArrayList();        

                      if(null != it) {
                      // String username = "";
                      while(it.hasNext()) {
                      Object[] provisioningDataArray = (Object[]) it.next();
                      String name=provisioningDataArray[0];
                      String[] empId=name.split(" ");
                      // System.out.println("Target Name Req is "+name);
                      if(name.contains("Scheduled Leaver"))
                      {
                      employeeID=empId[2];

                      }
                      else
                      {
                      if(name.contains("Immediate Termination"))
                      employeeID=empId[3];

                      else
                      {

                      IdentityRequest ir=context.getObjectByName(IdentityRequest.class,(String)provisioningDataArray[1].get("identityRequestId"));
                      if(ir!=null)
                      {
                      Identity id=context.getObjectById(Identity.class,ir.getTargetId());
                      if(id!=null)

                      employeeID=id.getName();

                      //  System.out.println("users in EH_ Leaver are "+employeeID);
                      }
                      }
                      }
                      // System.out.println("Employee ID is"+employeeID);
                      Identity ids=context.getObjectByName(Identity.class,employeeID);

                      if(ids!=null &amp;&amp;ids.isInactive()&amp;&amp;ids.getAttribute("networkID")!=null)
                      {

                      String temp=ids.getName();

                      if(!nameMap.containsKey(temp)) {
                      nameMap.put(temp,name);
                      nameList.add(name);
                      }

                      }
                      }
                      }
                      // System.out.println("nameList: "+nameList);
                      if(null!=nameList &amp;&amp; nameList.size()&gt;0)
                      queryOptions.addFilter(Filter.in("name", nameList));
                      else
                      queryOptions.addFilter(Filter.eq("name", ""));

                      return queryOptions;
                    </Source>
                  </QueryScript>
                </Parameter>
              </QueryParameters>
            </DataSource>
            <Columns>
              <ReportColumnConfig field="displayName" header="Display Name" property="attributes" scriptArguments="name" sortable="true" width="110">
                <RenderScript>
                  <Source>
                    import sailpoint.object.Identity;
                    import sailpoint.object.Attributes;
                    import sailpoint.object.IdentityRequest;


                    String displayName="";
                    Identity id=null;

                    String employeeID="";
                    String name=scriptArgs.get("name");
                    String[] empId=name.split(" ");
                    // System.out.println("Target Name Req is "+name);
                    if(name.contains("Scheduled Leaver"))
                    {
                    employeeID=empId[2];

                    }
                    else
                    {
                    if(name.contains("Immediate Termination"))
                    employeeID=empId[3];
                    else
                    {

                    IdentityRequest ir=context.getObjectByName(IdentityRequest.class,(String)value.get("identityRequestId"));
                    if(ir!=null)
                    {
                    Identity id=context.getObjectById(Identity.class,ir.getTargetId());

                    employeeID=id.getName();
                    // System.out.println("users in EH_ Leaver are "+employeeID);
                    }
                    }
                    }
                    // System.out.println("Employee ID is"+employeeID);
                    Identity ids=context.getObjectByName(Identity.class,employeeID);
                    context.setProperty("identityObject",ids);

                    if(null!=ids){                    
                    displayName=ids.getDisplayName();
                    }
                    if(displayName.startsWith("zz")||displayName.startsWith("ZZ"))
                    displayName=displayName.substring(2);

                    return displayName;
                  </Source>
                </RenderScript>
              </ReportColumnConfig>
              <ReportColumnConfig field="identityname" header="Employee ID" property="name" sortable="true" width="110">
                <RenderScript>
                  <Source>

                    import sailpoint.object.Identity;

                    String employeeID="";
                    if(null!=context.getProperty("identityObject")){
                    Identity id=context.getProperty("identityObject");
                    employeeID=id.getName();
                    }
                    return employeeID;
                  </Source>
                </RenderScript>
              </ReportColumnConfig>
              <ReportColumnConfig field="networkId" header="Network ID" property="name" sortable="true" width="110">
                <RenderScript>
                  <Source>
                    import sailpoint.object.Identity;
                    String displayName="";
                    Identity id=null;

                    if(null!=context.getProperty("identityObject")){

                    //  System.out.println("The new Id is "+context.getProperty("identityObject"));
                    id=context.getProperty("identityObject");
                    displayName=id.getAttribute("networkID");
                    //  System.out.println( "displayName througj context"+displayName);
                    }
                    context.setProperty("identityObject",null);
                    return displayName;
                  </Source>
                </RenderScript>
              </ReportColumnConfig>
              <ReportColumnConfig field="submissionDate" header="Task Start Date" property="created" sortable="true" width="110">
                <RenderScript>
                  <Source>
                    import java.text.SimpleDateFormat;
                    import java.util.Calendar;
                    String submissionDate="";

                    if (value != null){
                    SimpleDateFormat formatter = new SimpleDateFormat("MM/dd/yyyy hh:mm:ss a z");
                    Calendar c = Calendar.getInstance();
                    c.setTime(value);
                    submissionDate = formatter.format(c.getTime());
                    }

                    return submissionDate;
                  </Source>
                </RenderScript>
              </ReportColumnConfig>
              <ReportColumnConfig field="responseDate" header="Task End Date" property="completed" sortable="true" width="110">
                <RenderScript>
                  <Source>
                    import java.text.SimpleDateFormat;
                    import java.util.Calendar;
                    String responseDate="";

                    if (value != null){
                    SimpleDateFormat formatter = new SimpleDateFormat("MM/dd/yyyy hh:mm:ss a z");
                    Calendar c = Calendar.getInstance();
                    c.setTime(value);
                    responseDate = formatter.format(c.getTime());
                    }
                    return responseDate;
                  </Source>
                </RenderScript>
              </ReportColumnConfig>
            </Columns>
          </LiveReport>
        </value>
      </entry>
    </Map>
  </Attributes>
  <Description>Displays all accounts terminated on Weekly basis</Description>
</TaskDefinition>