<?xml version='1.0' encoding='UTF-8'?>
<!DOCTYPE TaskDefinition PUBLIC "sailpoint.dtd" "sailpoint.dtd">
<TaskDefinition executor="sailpoint.reporting.LiveReportExecutor" name="SOX Application Access Request Status Report Entitlement Owner" progressMode="Percentage" resultAction="Rename" subType="EH Certification Report" template="true" type="LiveReport">
  <Attributes>
    <Map>
      <entry key="report">
        <value>
          <LiveReport title="SOX Application Access Request Status Report">
            <DataSource objectType="sailpoint.object.CertificationItem" type="Filter">
              <QueryParameters>
                <Parameter argument="Application" property="exceptionApplication">
                  <ValueScript>
                    <Source>
                      import sailpoint.object.*;
                      import sailpoint.api.ObjectUtil;
                      if (value != null){
                      Application app=context.getObject(Application.class, value);
                      if(app!=null)
                      {
                      return app.getName();
                      }
                      }
                      return null;
                    </Source>
                  </ValueScript>
                </Parameter>
                <Parameter argument="Start Date">
                  <QueryScript>
                    <Source>
                      import sailpoint.object.*;
                      import sailpoint.api.*;
                      import java.text.*;
                      import java.util.*;

                      Calendar cal=Calendar.getInstance();
                      long timeinMili=cal.getTimeInMillis();
                      System.out.println("Time......."+timeinMili);
                      System.out.println("Date......."+value);
                      cal.setTime(value);
                      long timevalueinMili=cal.getTimeInMillis();
                      Date setDate=cal.getTime();
                      SimpleDateFormat dateformat=new SimpleDateFormat("MM-dd-yyyy");
                      String dateStr=dateformat.format(setDate);
                      System.out.println("Date......."+dateStr);
                      System.out.println("Selected value in mili......."+timevalueinMili);
                      QueryOptions qo=new QueryOptions();
                      List filterList=new ArrayList();
                      filterList.add(Filter.ge("created",setDate));
                      Filter finalFilter=Filter.and(filterList);
                      qo.addFilter(finalFilter);

                      List certList=context.getObjects(Certification.class,qo);
                      System.out.println("Certification List....."+certList);
                      Iterator itr=certList.iterator();
                      List certid=new ArrayList();
                      while(itr.hasNext())
                      {
                      Certification certificate=(Certification)itr.next();

                      System.out.println("Certification IDs...."+certificate.getId());

                      List entities=certificate.getEntities();
                      Iterator itre=entities.iterator();
                      while(itre.hasNext())
                      {
                      CertificationEntity entity=(CertificationEntity) itre.next();
                      List certitems=entity.getItems();
                      Iterator itemitr=certitems.iterator();
                      while(itemitr.hasNext())
                      {
                      CertificationItem certitem=(CertificationItem) itemitr.next();
                      String id=certitem.getId();
                      certid.add(id);
                      }
                      }

                      }
                      if(null != certid &amp;&amp; certid.size()&gt;0) {
                      queryOptions.addFilter(Filter.in("id",certid));    

                      } else 
                      queryOptions.addFilter(Filter.eq("id",""));
                      return queryOptions;
                    </Source>
                  </QueryScript>
                </Parameter>
                <Parameter argument="End Date" operation="LE" property="parent.certification.finished">
                  <ValueScript>
                    <Source>
                      import sailpoint.object.*;
                      import sailpoint.api.*;
                      import java.text.*;
                      import java.util.*;

                      Calendar cal=Calendar.getInstance();
                      long timeinMili=cal.getTimeInMillis();
                      System.out.println("Time......."+timeinMili);
                      System.out.println("Date......."+value);
                      cal.setTime(value);
                      cal.add(Calendar.DAY_OF_YEAR, 1);

                      long timevalueinMili=cal.getTimeInMillis();
                      Date setDate=cal.getTime();
                      
                      return setDate;
                     
                    </Source>
                  </ValueScript>
                </Parameter>
              </QueryParameters>
            </DataSource>
            <Columns>
              <ReportColumnConfig field="name" header="Employee ID" property="targetName" sortable="true" width="110"/>
              <ReportColumnConfig field="networkID" header="Network ID" property="targetName" sortable="true" width="110">
                <RenderScript>
                  <Source>
                  import sailpoint.object.*;
                  Identity id = context.getObject(Identity.class,value);
                  if(id != null)
                  { 
                  return id.getAttribute("networkID");
                  }
                </Source>
                </RenderScript>
              </ReportColumnConfig>
              <ReportColumnConfig field="firstname" header="First Name" property="targetName" sortable="true" width="110">
                <RenderScript>
                  <Source>
                    import sailpoint.object.*;
                    Identity id = context.getObject(Identity.class,value);
                    if(id != null)
                    { 
                    return id.getAttribute("firstname");
                    }
                  </Source>
                </RenderScript>
              </ReportColumnConfig>
              <ReportColumnConfig field="lastname" header="Last Name" property="targetName" sortable="true" width="110">
                <RenderScript>
                  <Source>
                  import sailpoint.object.*;
                  Identity id = context.getObject(Identity.class,value);
                  if(id != null)
                  { 
                  return id.getAttribute("lastname");
                  }
                </Source>
                </RenderScript>
              </ReportColumnConfig>
              <ReportColumnConfig field="AccountName" header="Application ID" property="exceptionEntitlements.nativeIdentity" sortable="true" width="110"/>
              <ReportColumnConfig field="certifier" header="Certifier Name" property="parent.certification.id" sortable="true" width="110">
                <RenderScript>
                  <Source>
                    import sailpoint.object.*;
                    Certification certification = context.getObject(Certification.class,value);
                    if(certification!=null)
                    {
                    List signOffHistories=certification.getSignOffHistory(); 
                    Iterator historyItr=signOffHistories.iterator();
                    boolean hasEarly=false;
                    String signers="";
                    while(historyItr.hasNext())
                    {
                    SignOffHistory signOffHistory=historyItr.next();
                    String signerName=signOffHistory.getSignerDisplayableName();
                    if(signers.equals(""))
                    {
                    signers=signerName;
                    }
                    else
                    {
                    signers=signers+", "+signerName;
                    }

                    }
                    return signers;
                    }
                    else
                    {
                    return null;
                    }
                  </Source>
                </RenderScript>
              </ReportColumnConfig>
              <ReportColumnConfig field="Group" header="Group Name" property="exceptionAttributeValue" sortable="true" width="110"/>
              <ReportColumnConfig field="decision" header="Decision" property="action.status" sortable="true" width="110"/>
              <ReportColumnConfig field="Comments" header="Comments" property="id" sortable="true" width="110">
                <RenderScript>
                  <Source>
                    import java.util.*;
                    import java.io.*;
                    import sailpoint.object.*;
                    import sailpoint.api.SailPointContext;
                    import java.text.SimpleDateFormat;  
                    import java.util.Date; 
                    
                    import java.io.*;
                    import java.net.*;
                    CertificationItem certitem=context.getObjectById(CertificationItem.class,value);
                    String certcomment=certitem.getAction().getComments();
                    if(certcomment==null || certcomment.length()==0)
                    {
                    Certification certification=certitem.getCertification();
                    String certId=certification.getId();
                    String nativeIdentity=certitem.getExceptionEntitlements().getNativeIdentity();
                    System.out.println("Native ID..."+nativeIdentity);
                    QueryOptions ops = new QueryOptions();
                    
                    //ops.addFilter(Filter.eq("certificationLink.id", value));
                    ops.addFilter(Filter.eq("type", "Comment"));
                    System.out.println("Testing1....");
                    List idHistory = context.getObjects(IdentityHistoryItem.class, ops);
                    System.out.println("Testing2...."+idHistory);
                    String comment="";

                    for(IdentityHistoryItem identityHistory:idHistory)
                    {

                    //System.out.println("Identity : " + identity);
                    if(identityHistory.getCertificationLink().getId().equals(certId) &amp;&amp; identityHistory.getNativeIdentity().equals(nativeIdentity))
                    {
                    comment = identityHistory.getComments();
                    System.out.println("Comments...."+comment);
                    }
                    }

                    return comment;
                    }
                    else
                    {
                    return certcomment;
                    }
                  </Source>
                </RenderScript>
              </ReportColumnConfig>
              <ReportColumnConfig field="decision date" header="Decision Date" property="action.decisionDate" sortable="true" width="110"/>
            </Columns>
          </LiveReport>
        </value>
      </entry>
      <entry key="reportTitle" value="rept_lcm_entitlement_request_status_title"/>
    </Map>
  </Attributes>
  <Description>Displays information about sox application certification Details.</Description>
  <RequiredRights>
    <Reference class="sailpoint.object.SPRight" name="FullAccessEntitlementRequestStatusReport"/>
  </RequiredRights>
  <Signature>
    <Inputs>
      <Argument name="Application" required="true" type="Application">
        <Description>rept_input_lcm_request_status_report_apps</Description>
      </Argument>
      <Argument name="Start Date" required="true" type="date">
        <Description>rept_input_lcm_request_status_report_apps</Description>
      </Argument>
      <Argument name="End Date" required="true" type="date">
        <Description>rept_input_lcm_request_status_report_apps</Description>
      </Argument>
    </Inputs>
  </Signature>
</TaskDefinition>