<?xml version='1.0' encoding='UTF-8'?>
<!DOCTYPE TaskDefinition PUBLIC "sailpoint.dtd" "sailpoint.dtd">
<TaskDefinition name="User Onboarded Weekly Report" resultAction="Rename" subType="EH Custom Reports" type="LiveReport">
  <Attributes>
    <Map>
      <entry key="disableDetail" value="false"/>
      <entry key="disableSummary" value="false"/>
      <entry key="emailFileFormat">
        <value>
          <List>
            <String>CSV</String>
          </List>
        </value>
      </entry>
      <entry key="emailIdentities">
        <value>
          <List>
            <String>8aa098be5d326e60015d3cbdd4f51aa9</String>
            <String>8aa098be5d326e60015d3cbe66961d9b</String>
            <String>8aa098be5d326e60015d3cbdcfad1a8d</String>
            <String>8aa098be5d326e60015d3cbd5def1841</String>
          </List>
        </value>
      </entry>
      <entry key="emailTemplateId" value="EH_Email_Weekly_User_Onboarded_Report"/>
      <entry key="reportColumnOrder" value="identityName, displayName, networkId, emailId, startDate, expirationdate, userStatus, employeetype"/>
    </Map>
  </Attributes>
  <Description>Displays accounts created in AD on weekly basis</Description>
  <Owner>
    <Reference class="sailpoint.object.Identity" name="spadmin"/>
  </Owner>
  <Parent>
    <Reference class="sailpoint.object.TaskDefinition" name="EH-User Onboarded Weekly"/>
  </Parent>
</TaskDefinition>