<?xml version='1.0' encoding='UTF-8'?>
<!DOCTYPE TaskDefinition PUBLIC "sailpoint.dtd" "sailpoint.dtd">
<TaskDefinition name="Vendor Offboarded Weekly Report" resultAction="Rename" subType="EH Custom Reports" type="LiveReport">
  <Attributes>
    <Map>
      <entry key="applications">
        <value>
          <List>
            <String>AD</String>
          </List>
        </value>
      </entry>
      <entry key="disableDetail" value="false"/>
      <entry key="disableSummary" value="false"/>
      <entry key="emailFileFormat">
        <value>
          <List>
            <String>CSV</String>
          </List>
        </value>
      </entry>
      <entry key="emailIdentities">
        <value>
          <List>
            <String>8aa098be5d326e60015d3cc222423119</String>
            <String>8aa098be5d326e60015d36997c9f02cc</String>
            <String>8aa098be5d326e60015d3cbf0b642103</String>
            <String>8aa098be5d326e60015d3cbddad11ac7</String>
            <String>8aa098be5d326e60015d4198abab3bfb</String>
            <String>8aa098be5d326e60015d3698795f01ef</String>
            <String>8aa098be5e1b6f26015e56ff7d095405</String>
          </List>
        </value>
      </entry>
      <entry key="emailTemplateId" value="EH_Email_Weekly_Vendor_Offboarded_Report"/>
      <entry key="forced">
        <value>
          <Boolean/>
        </value>
      </entry>
      <entry key="operation">
        <value>
          <List>
            <String>Disable</String>
          </List>
        </value>
      </entry>
      <entry key="reportColumnOrder" value="identityName, identityDisplayName, network ID, email, startDate, endDate, employeestatus, company"/>
      <entry key="status">
        <value>
          <List>
            <String>Success</String>
          </List>
        </value>
      </entry>
    </Map>
  </Attributes>
  <Description>Displays accounts terminated in AD on daily basis</Description>
  <Owner>
    <Reference class="sailpoint.object.Identity" name="spadmin"/>
  </Owner>
  <Parent>
    <Reference class="sailpoint.object.TaskDefinition" name="EH-Vendor offboarded weekly"/>
  </Parent>
</TaskDefinition>