<?xml version='1.0' encoding='UTF-8'?>
<!DOCTYPE TaskDefinition PUBLIC "sailpoint.dtd" "sailpoint.dtd">
<TaskDefinition name="Weekly Active Cognizant Associate Report" resultAction="Rename" subType="EH Custom Reports" type="LiveReport">
  <Attributes>
    <Map>
      <entry key="EH_Employee_Status">
        <value>
          <List>
            <Boolean/>
          </List>
        </value>
      </entry>
      <entry key="EH_Employee_Type">
        <value>
          <List>
            <String>Cognizant Associate</String>
          </List>
        </value>
      </entry>
      <entry key="disableDetail" value="false"/>
      <entry key="disableSummary" value="false"/>
      <entry key="emailFileFormat">
        <value>
          <List>
            <String>CSV</String>
          </List>
        </value>
      </entry>
      <entry key="emailIdentities">
        <value>
          <List>
            <String>EHPMO TEAM</String>
          </List>
        </value>
      </entry>
      <entry key="emailTemplateId" value="EH_Email_WeeklyActiveCTS_Report"/>
      <entry key="reportColumnOrder" value="employee_id, first_name, last_name, email, employee_status, start_date, end_date"/>
    </Map>
  </Attributes>
  <Description>Displays information about users in IDM as per selected User Type and User Status.</Description>
  <Owner>
    <Reference class="sailpoint.object.Identity" name="spadmin"/>
  </Owner>
  <Parent>
    <Reference class="sailpoint.object.TaskDefinition" name="EH - Users Status Depending on User Type"/>
  </Parent>
</TaskDefinition>