<?xml version='1.0' encoding='UTF-8'?>
<!DOCTYPE TaskDefinition PUBLIC "sailpoint.dtd" "sailpoint.dtd">
<TaskDefinition name="Weekly Employee Created" resultAction="Rename" subType="EH Custom Reports" type="LiveReport">
  <Attributes>
    <Map>
      <entry key="disableDetail" value="false"/>
      <entry key="disableSummary" value="false"/>
      <entry key="emailFileFormat">
        <value>
          <List>
            <String>CSV</String>
          </List>
        </value>
      </entry>
      <entry key="emailIdentities">
        <value>
          <List>
            <String>8aa098be5d326e60015d369a3d5303b6</String>
            <String>8aa098be5d326e60015d369a0d690378</String>
            <String>8aa098be5d326e60015d369d24f109dc</String>
            <String>8aa098be5d326e60015d35d644390090</String>
            <String>8aa098be5d326e60015d35fc3bb400bc</String>
            <String>8aa098be5d326e60015d4198abab3bfb</String>
          </List>
        </value>
      </entry>
      <entry key="emailTemplateId" value="EH_Email_Weekly_EmployeeCreated_Report"/>
      <entry key="reportColumnOrder" value="identityDisplayName, identityName, network ID, title, location, costcenter, startDate, grade"/>
    </Map>
  </Attributes>
  <Description>Displays information about Weekly Employees Created (Facilities)</Description>
  <Owner>
    <Reference class="sailpoint.object.Identity" name="spadmin"/>
  </Owner>
  <Parent>
    <Reference class="sailpoint.object.TaskDefinition" name="EH - Weekly Employee Created Report"/>
  </Parent>
</TaskDefinition>