<?xml version='1.0' encoding='UTF-8'?>
<!DOCTYPE GroupDefinition PUBLIC "sailpoint.dtd" "sailpoint.dtd">
<GroupDefinition indexed="true" name="Service Accounts Population" private="true">
  <Description>Service Accounts Population</Description>
  <GroupFilter>
    <CompositeFilter operation="AND">
      <Filter operation="EQ" property="employeeStatus" value="Active"/>
      <Filter operation="EQ" property="employeeType" value="ServiceIQ"/>
      <Filter operation="EQ" property="inactive">
        <Value>
          <Boolean/>
        </Value>
      </Filter>
    </CompositeFilter>
  </GroupFilter>
  <Owner>
    <Reference class="sailpoint.object.Identity" name="spadmin"/>
  </Owner>
</GroupDefinition>