<?xml version='1.0' encoding='UTF-8'?>
<!DOCTYPE GroupDefinition PUBLIC "sailpoint.dtd" "sailpoint.dtd">
<GroupDefinition indexed="true" name="Vendors" private="true">
  <Description>Population to filter out accounts of employee type 'Vendor'</Description>
  <GroupFilter>
    <CompositeFilter operation="AND">
      <Filter matchMode="START" operation="LIKE" property="employeeType" value="Vendor"/>
    </CompositeFilter>
  </GroupFilter>
  <Owner>
    <Reference class="sailpoint.object.Identity" name="v008953"/>
  </Owner>
</GroupDefinition>