<?xml version='1.0' encoding='UTF-8'?>
<!DOCTYPE Custom PUBLIC "sailpoint.dtd" "sailpoint.dtd">
<Custom name="EH - Service Account Custom Object">
  <Attributes>
    <Map>
      <entry key="basicADGroups">
        <value>
          <Map>
            <entry key="Password Never Expires" value="CN=Password Never Expires,OU=Dynamic,OU=Groups,OU=Accounts,OU=CORP,DC=EMBLEM,DC=EMBLEMHEALTH,DC=COM"/>
          </Map>
        </value>
      </entry>
      <entry key="domainADGroup" value="CN=Domain Users,CN=Users,DC=EMBLEM,DC=EMBLEMHEALTH,DC=COM"/>
      <entry key="infosecApprovalSLA" value="3"/>
      <entry key="managerApprovalSLA" value="5"/>
      <entry key="maxAccountSelections" value="25"/>
      <entry key="serviceActiveOU" value="OU=Service,OU=Accounts,OU=CORP,DC=EMBLEM,DC=EMBLEMHEALTH,DC=COM"/>
      <entry key="serviceDisabledOU" value="OU=Termed,OU=Disabled,OU=Accounts,OU=CORP,DC=EMBLEM,DC=EMBLEMHEALTH,DC=COM"/>
      <entry key="terminatedADGroups">
        <value>
          <Map>
            <entry key="Vault Emblem Term Employees" value="CN=Vault_Emblem_Term_Employees,OU=NYC,OU=Security,OU=Groups,OU=Accounts,OU=CORP,DC=EMBLEM,DC=EMBLEMHEALTH,DC=COM"/>
          </Map>
        </value>
      </entry>
      <entry key="terminationTaskDay" value="15"/>
    </Map>
  </Attributes>
</Custom>