<?xml version='1.0' encoding='UTF-8'?>
<!DOCTYPE Custom PUBLIC "sailpoint.dtd" "sailpoint.dtd">
<Custom name="EH_AD_Dynamic_Groups">
  <Attributes>
    <Map>
      <entry key="Citrix_Corp_BTG_CTS_SP" value="CN=Citrix_Corp_BTG_CTS_SP,OU=Citrix,OU=Application,OU=Groups,OU=Accounts,OU=CORP,DC=EMBLEM,DC=EMBLEMHEALTH,DC=COM"/>
      <entry key="Citrix_Corp_FRED_SP" value="CN=Citrix_Corp_FRED_SP,OU=Citrix,OU=Application,OU=Groups,OU=Accounts,OU=CORP,DC=EMBLEM,DC=EMBLEMHEALTH,DC=COM"/>
      <entry key="Citrix_Corp_UFT_Desktop" value="CN=Citrix_Corp_UFT_Desktop,OU=Citrix,OU=Application,OU=Groups,OU=Accounts,OU=CORP,DC=EMBLEM,DC=EMBLEMHEALTH,DC=COM"/>
      <entry key="Citrix_EH_CitrixAccess_RD" value="CN=Citrix_EH_CitrixAccess_RD,OU=Citrix,OU=Application,OU=Groups,OU=Accounts,OU=CORP,DC=EMBLEM,DC=EMBLEMHEALTH,DC=COM"/>
      <entry key="Citrix_OnShore_Cognizant_Desktop" value="CN=Citrix_OnShore_Cognizant_Desktop,OU=Citrix,OU=Application,OU=Groups,OU=Accounts,OU=CORP,DC=EMBLEM,DC=EMBLEMHEALTH,DC=COM"/>
      <entry key="Citrix_eh_citrixuserprofileenabled_xa65" value="CN=Citrix_EH_CitrixUserProfileEnabled_XA65,OU=Citrix,OU=Application,OU=Groups,OU=Accounts,OU=CORP,DC=EMBLEM,DC=EMBLEMHEALTH,DC=COM"/>
      <entry key="Cognizant OWA restricted users" value="CN=Cognizant OWA restricted users,OU=Exchange,OU=Messaging,OU=Application,OU=Groups,OU=Accounts,OU=CORP,DC=EMBLEM,DC=EMBLEMHEALTH,DC=COM"/>
      <entry key="Corp Outlook Policy" value="CN=Corp Outlook Policy,OU=NYC,OU=Security,OU=Groups,OU=Accounts,OU=CORP,DC=EMBLEM,DC=EMBLEMHEALTH,DC=COM"/>
      <entry key="OWA" value="CN=OWA,OU=NYC,OU=Security,OU=Groups,OU=Accounts,OU=CORP,DC=EMBLEM,DC=EMBLEMHEALTH,DC=COM"/>
      <entry key="Office2010CacheModeDisabled" value="CN=Office2010CacheModeDisabled,OU=Office2010CacheModeDisabled,OU=Security,OU=Groups,OU=Accounts,OU=CORP,DC=EMBLEM,DC=EMBLEMHEALTH,DC=COM"/>
      <entry key="Office_2010_Policy" value="CN=Office_2010_Policy,OU=Windows 7,OU=Test,OU=Privileged Enterprise Users,DC=EMBLEM,DC=EMBLEMHEALTH,DC=COM"/>
      <entry key="Palo Bronze Filtering" value="CN=Palo Bronze Filtering,OU=Palo Bronze,OU=Palo Alto,OU=Application,OU=Groups,OU=Accounts,OU=CORP,DC=EMBLEM,DC=EMBLEMHEALTH,DC=COM"/>
      <entry key="Vault_Emblem" value="CN=Vault_Emblem,OU=eVault,OU=Messaging,OU=Application,OU=Groups,OU=Accounts,OU=CORP,DC=EMBLEM,DC=EMBLEMHEALTH,DC=COM"/>
      <entry key="Vault_Emblem_Term_Employees" value="CN=Vault_Emblem_Term_Employees,OU=NYC,OU=Security,OU=Groups,OU=Accounts,OU=CORP,DC=EMBLEM,DC=EMBLEMHEALTH,DC=COM"/>
    </Map>
  </Attributes>
</Custom>