<?xml version='1.0' encoding='UTF-8'?>
<!DOCTYPE Custom PUBLIC "sailpoint.dtd" "sailpoint.dtd">
<Custom name="EH_Application_Names">
  <Attributes>
    <Map>
      <entry key="ad" value="AD"/>
      <entry key="cpf" value="CPF"/>
      <entry key="ehpmo" value="EHPMO_HR"/>
      <entry key="fastrak" value="Fastrak Production"/>
      <entry key="hcs" value="HCS Production"/>
      <entry key="imgNow" value="ImageNow"/>
      <entry key="mcs" value="MCS Production"/>
      <entry key="peoplesoft" value="PeopleSoft_HR"/>
      <entry key="psftFinance" value="PeopleSoft_Finance"/>
      <entry key="qcare" value="QCare"/>
      <entry key="racf" value="RACF PPO"/>
      <entry key="soxApplications">
        <value>
          <List>
            <String>PeopleSoft_Finance</String>
            <String>ImageNow</String>
            <String>RACF HMO</String>
            <String>RACF PPO</String>
            <String>MCS Production</String>
            <String>HCS Production</String>
            <String>Fastrak Production</String>
            <String>QCare Production QPLI</String>
            <String>QCare Production QPNY</String>
          </List>
        </value>
      </entry>
      <entry key="vendorFeed" value="Vendor_ADFeed"/>
    </Map>
  </Attributes>
</Custom>