<?xml version='1.0' encoding='UTF-8'?>
<!DOCTYPE Custom PUBLIC "sailpoint.dtd" "sailpoint.dtd">
<Custom name="EH_Custom_Fastrak_Profile_Code">
  <Attributes>
    <Map>
      <entry key="Account Service">
        <value>
          <Map>
            <entry key="ADJUSTMENTS" value="4"/>
            <entry key="ADJUSTMENTS LIMIT" value="0005000"/>
            <entry key="BATCH ADJUDICATION" value="0"/>
            <entry key="BATCH CONTROL NUMBERS" value="0"/>
            <entry key="BATCH SEQUENCING" value="0"/>
            <entry key="CLAIMS ADDRESS ONLY" value="3"/>
            <entry key="CLAIMS CLAIMANT ADD" value="0"/>
            <entry key="CLAIMS HISTORY INQUIRY" value="1"/>
            <entry key="CLAIMS HISTORY ONLY" value="1"/>
            <entry key="CLAIMS INITIATION" value="1"/>
            <entry key="CLAIMS MANUAL CALCULATION" value="1"/>
            <entry key="CLAIMS PROVIDER" value="0"/>
            <entry key="CLAIMS QUALITY CONTROL" value="0"/>
            <entry key="CLAIMS U C OVERRIDE" value="1"/>
            <entry key="DENTAL DENIAL" value="1"/>
            <entry key="DENTAL DENIAL LIMIT" value="9999999"/>
            <entry key="DENTAL PAYMENT" value="1"/>
            <entry key="DENTAL PAYMENT LIMIT" value="0005000"/>
            <entry key="DIARY" value="0"/>
            <entry key="EMPLOYEE DEPENDENT" value="1"/>
            <entry key="EMPLOYEE DEPENDENT ADDRESS" value="0"/>
            <entry key="EMPLOYEE DEPENDENT CLMT ALTERNATE PAY" value="0"/>
            <entry key="GROUP ADMIN" value="1"/>
            <entry key="JOB CLASSIFICATION" value="09"/>
            <entry key="LETTERS" value="0"/>
            <entry key="PROVIDER PROCESSING" value="1"/>
            <entry key="REGISTRATION ADD" value="2"/>
            <entry key="REGISTRATION CHANGE" value="1"/>
            <entry key="REGISTRATION INQUIRY" value="1"/>
            <entry key="REGISTRATION SPLIT" value="2"/>
            <entry key="REMARKS" value="1"/>
            <entry key="REPORT HEADINGS" value="0"/>
            <entry key="SCHEDULES" value="1"/>
            <entry key="SPECIAL HANDLING GROUP I" value="EMP"/>
            <entry key="SPECIAL HANDLING GROUP II" value="DC37"/>
            <entry key="SPECIAL HANDLING GROUP III" value="MAPD"/>
            <entry key="SPECIAL HANDLING GROUP IV" value="UNI"/>
            <entry key="SPECIAL HANDLING GROUP V" value="HERU"/>
            <entry key="SPECIAL HANDLING IND I" value="0"/>
            <entry key="SPECIAL HANDLING IND II" value="2"/>
            <entry key="SPECIAL HANDLING IND III" value="2"/>
            <entry key="SPECIAL HANDLING IND IV" value="2"/>
            <entry key="SPECIAL HANDLING IND V" value="2"/>
            <entry key="SYSTEM CONTROL" value="3"/>
            <entry key="TERMINAL OPERATOR" value="0"/>
            <entry key="UNIT NUMBER" value="09"/>
          </Map>
        </value>
      </entry>
      <entry key="Basic Inquiry">
        <value>
          <Map>
            <entry key="ADJUSTMENTS" value="0"/>
            <entry key="ADJUSTMENTS LIMIT" value="0000000"/>
            <entry key="BATCH ADJUDICATION" value="0"/>
            <entry key="BATCH CONTROL NUMBERS" value="0"/>
            <entry key="BATCH SEQUENCING" value="0"/>
            <entry key="CLAIMS ADDRESS ONLY" value="0"/>
            <entry key="CLAIMS CLAIMANT ADD" value="0"/>
            <entry key="CLAIMS HISTORY INQUIRY" value="1"/>
            <entry key="CLAIMS HISTORY ONLY" value="0"/>
            <entry key="CLAIMS INITIATION" value="0"/>
            <entry key="CLAIMS MANUAL CALCULATION" value="0"/>
            <entry key="CLAIMS PROVIDER" value="0"/>
            <entry key="CLAIMS QUALITY CONTROL" value="0"/>
            <entry key="CLAIMS U C OVERRIDE" value="0"/>
            <entry key="DENTAL DENIAL" value="0"/>
            <entry key="DENTAL DENIAL LIMIT" value="0000000"/>
            <entry key="DENTAL PAYMENT" value="0"/>
            <entry key="DENTAL PAYMENT LIMIT" value="0000000"/>
            <entry key="DIARY" value="0"/>
            <entry key="EMPLOYEE DEPENDENT" value="1"/>
            <entry key="EMPLOYEE DEPENDENT ADDRESS" value="0"/>
            <entry key="EMPLOYEE DEPENDENT CLMT ALTERNATE PAY" value="0"/>
            <entry key="GROUP ADMIN" value="1"/>
            <entry key="JOB CLASSIFICATION" value="00"/>
            <entry key="LETTERS" value="0"/>
            <entry key="PROVIDER PROCESSING" value="1"/>
            <entry key="REGISTRATION ADD" value="0"/>
            <entry key="REGISTRATION CHANGE" value="0"/>
            <entry key="REGISTRATION INQUIRY" value="1"/>
            <entry key="REGISTRATION SPLIT" value="0"/>
            <entry key="REMARKS" value="1"/>
            <entry key="REPORT HEADINGS" value="0"/>
            <entry key="SCHEDULES" value="1"/>
            <entry key="SPECIAL HANDLING GROUP I" value="EMP"/>
            <entry key="SPECIAL HANDLING GROUP II" value="DC37"/>
            <entry key="SPECIAL HANDLING GROUP III" value="MAPD"/>
            <entry key="SPECIAL HANDLING GROUP IV" value="UNI"/>
            <entry key="SPECIAL HANDLING GROUP V" value="HERU"/>
            <entry key="SPECIAL HANDLING IND I" value="0"/>
            <entry key="SPECIAL HANDLING IND II" value="1"/>
            <entry key="SPECIAL HANDLING IND III" value="1"/>
            <entry key="SPECIAL HANDLING IND IV" value="1"/>
            <entry key="SPECIAL HANDLING IND V" value="1"/>
            <entry key="SYSTEM CONTROL" value="1"/>
            <entry key="TERMINAL OPERATOR" value="0"/>
            <entry key="UNIT NUMBER" value="00"/>
          </Map>
        </value>
      </entry>
      <entry key="COB Analyst">
        <value>
          <Map>
            <entry key="ADJUSTMENTS" value="0"/>
            <entry key="ADJUSTMENTS LIMIT" value="0000000"/>
            <entry key="BATCH ADJUDICATION" value="0"/>
            <entry key="BATCH CONTROL NUMBERS" value="0"/>
            <entry key="BATCH SEQUENCING" value="0"/>
            <entry key="CLAIMS ADDRESS ONLY" value="0"/>
            <entry key="CLAIMS CLAIMANT ADD" value="0"/>
            <entry key="CLAIMS HISTORY INQUIRY" value="1"/>
            <entry key="CLAIMS HISTORY ONLY" value="0"/>
            <entry key="CLAIMS INITIATION" value="0"/>
            <entry key="CLAIMS MANUAL CALCULATION" value="0"/>
            <entry key="CLAIMS PROVIDER" value="0"/>
            <entry key="CLAIMS QUALITY CONTROL" value="0"/>
            <entry key="CLAIMS U C OVERRIDE" value="0"/>
            <entry key="DENTAL DENIAL" value="0"/>
            <entry key="DENTAL DENIAL LIMIT" value="0000000"/>
            <entry key="DENTAL PAYMENT" value="0"/>
            <entry key="DENTAL PAYMENT LIMIT" value="0000000"/>
            <entry key="DIARY" value="0"/>
            <entry key="EMPLOYEE DEPENDENT" value="2"/>
            <entry key="EMPLOYEE DEPENDENT ADDRESS" value="1"/>
            <entry key="EMPLOYEE DEPENDENT CLMT ALTERNATE PAY" value="0"/>
            <entry key="GROUP ADMIN" value="1"/>
            <entry key="JOB CLASSIFICATION" value="11"/>
            <entry key="LETTERS" value="0"/>
            <entry key="PROVIDER PROCESSING" value="1"/>
            <entry key="REGISTRATION ADD" value="0"/>
            <entry key="REGISTRATION CHANGE" value="0"/>
            <entry key="REGISTRATION INQUIRY" value="1"/>
            <entry key="REGISTRATION SPLIT" value="0"/>
            <entry key="REMARKS" value="1"/>
            <entry key="REPORT HEADINGS" value="0"/>
            <entry key="SCHEDULES" value="1"/>
            <entry key="SPECIAL HANDLING GROUP I" value="EMP"/>
            <entry key="SPECIAL HANDLING GROUP II" value="DC37"/>
            <entry key="SPECIAL HANDLING GROUP III" value="MAPD"/>
            <entry key="SPECIAL HANDLING GROUP IV" value="UNI"/>
            <entry key="SPECIAL HANDLING GROUP V" value="HERU"/>
            <entry key="SPECIAL HANDLING IND I" value="0"/>
            <entry key="SPECIAL HANDLING IND II" value="2"/>
            <entry key="SPECIAL HANDLING IND III" value="2"/>
            <entry key="SPECIAL HANDLING IND IV" value="2"/>
            <entry key="SPECIAL HANDLING IND V" value="2"/>
            <entry key="SYSTEM CONTROL" value="3"/>
            <entry key="TERMINAL OPERATOR" value="0"/>
            <entry key="UNIT NUMBER" value="07"/>
          </Map>
        </value>
      </entry>
      <entry key="Customer Service">
        <value>
          <Map>
            <entry key="ADJUSTMENTS" value="4"/>
            <entry key="ADJUSTMENTS LIMIT" value="0005000"/>
            <entry key="BATCH ADJUDICATION" value="0"/>
            <entry key="BATCH CONTROL NUMBERS" value="0"/>
            <entry key="BATCH SEQUENCING" value="0"/>
            <entry key="CLAIMS ADDRESS ONLY" value="3"/>
            <entry key="CLAIMS CLAIMANT ADD" value="0"/>
            <entry key="CLAIMS HISTORY INQUIRY" value="1"/>
            <entry key="CLAIMS HISTORY ONLY" value="1"/>
            <entry key="CLAIMS INITIATION" value="1"/>
            <entry key="CLAIMS MANUAL CALCULATION" value="1"/>
            <entry key="CLAIMS PROVIDER" value="0"/>
            <entry key="CLAIMS QUALITY CONTROL" value="0"/>
            <entry key="CLAIMS U C OVERRIDE" value="1"/>
            <entry key="DENTAL DENIAL" value="1"/>
            <entry key="DENTAL DENIAL LIMIT" value="9999999"/>
            <entry key="DENTAL PAYMENT" value="1"/>
            <entry key="DENTAL PAYMENT LIMIT" value="0005000"/>
            <entry key="DIARY" value="0"/>
            <entry key="EMPLOYEE DEPENDENT" value="1"/>
            <entry key="EMPLOYEE DEPENDENT ADDRESS" value="0"/>
            <entry key="EMPLOYEE DEPENDENT CLMT ALTERNATE PAY" value="0"/>
            <entry key="GROUP ADMIN" value="1"/>
            <entry key="JOB CLASSIFICATION" value="07"/>
            <entry key="LETTERS" value="0"/>
            <entry key="PROVIDER PROCESSING" value="1"/>
            <entry key="REGISTRATION ADD" value="2"/>
            <entry key="REGISTRATION CHANGE" value="1"/>
            <entry key="REGISTRATION INQUIRY" value="1"/>
            <entry key="REGISTRATION SPLIT" value="2"/>
            <entry key="REMARKS" value="1"/>
            <entry key="REPORT HEADINGS" value="0"/>
            <entry key="SCHEDULES" value="1"/>
            <entry key="SPECIAL HANDLING GROUP I" value="EMP"/>
            <entry key="SPECIAL HANDLING GROUP II" value="DC37"/>
            <entry key="SPECIAL HANDLING GROUP III" value="MAPD"/>
            <entry key="SPECIAL HANDLING GROUP IV" value="UNI"/>
            <entry key="SPECIAL HANDLING GROUP V" value="HERU"/>
            <entry key="SPECIAL HANDLING IND I" value="0"/>
            <entry key="SPECIAL HANDLING IND II" value="2"/>
            <entry key="SPECIAL HANDLING IND III" value="2"/>
            <entry key="SPECIAL HANDLING IND IV" value="2"/>
            <entry key="SPECIAL HANDLING IND V" value="2"/>
            <entry key="SYSTEM CONTROL" value="3"/>
            <entry key="TERMINAL OPERATOR" value="0"/>
            <entry key="UNIT NUMBER" value="05"/>
          </Map>
        </value>
      </entry>
      <entry key="Dental Approver">
        <value>
          <Map>
            <entry key="ADJUSTMENTS" value="2"/>
            <entry key="ADJUSTMENTS LIMIT" value="0005000"/>
            <entry key="BATCH ADJUDICATION" value="0"/>
            <entry key="BATCH CONTROL NUMBERS" value="0"/>
            <entry key="BATCH SEQUENCING" value="0"/>
            <entry key="CLAIMS ADDRESS ONLY" value="3"/>
            <entry key="CLAIMS CLAIMANT ADD" value="0"/>
            <entry key="CLAIMS HISTORY INQUIRY" value="1"/>
            <entry key="CLAIMS HISTORY ONLY" value="1"/>
            <entry key="CLAIMS INITIATION" value="1"/>
            <entry key="CLAIMS MANUAL CALCULATION" value="1"/>
            <entry key="CLAIMS PROVIDER" value="0"/>
            <entry key="CLAIMS QUALITY CONTROL" value="0"/>
            <entry key="CLAIMS U C OVERRIDE" value="1"/>
            <entry key="DENTAL DENIAL" value="1"/>
            <entry key="DENTAL DENIAL LIMIT" value="9999999"/>
            <entry key="DENTAL PAYMENT" value="1"/>
            <entry key="DENTAL PAYMENT LIMIT" value="0005000"/>
            <entry key="DIARY" value="0"/>
            <entry key="EMPLOYEE DEPENDENT" value="1"/>
            <entry key="EMPLOYEE DEPENDENT ADDRESS" value="0"/>
            <entry key="EMPLOYEE DEPENDENT CLMT ALTERNATE PAY" value="0"/>
            <entry key="GROUP ADMIN" value="1"/>
            <entry key="JOB CLASSIFICATION" value="07"/>
            <entry key="LETTERS" value="0"/>
            <entry key="PROVIDER PROCESSING" value="1"/>
            <entry key="REGISTRATION ADD" value="2"/>
            <entry key="REGISTRATION CHANGE" value="1"/>
            <entry key="REGISTRATION INQUIRY" value="1"/>
            <entry key="REGISTRATION SPLIT" value="2"/>
            <entry key="REMARKS" value="1"/>
            <entry key="REPORT HEADINGS" value="0"/>
            <entry key="SCHEDULES" value="1"/>
            <entry key="SPECIAL HANDLING GROUP I" value="EMP"/>
            <entry key="SPECIAL HANDLING GROUP II" value="DC37"/>
            <entry key="SPECIAL HANDLING GROUP III" value="MAPD"/>
            <entry key="SPECIAL HANDLING GROUP IV" value="UNI"/>
            <entry key="SPECIAL HANDLING GROUP V" value="HERU"/>
            <entry key="SPECIAL HANDLING IND I" value="0"/>
            <entry key="SPECIAL HANDLING IND II" value="2"/>
            <entry key="SPECIAL HANDLING IND III" value="2"/>
            <entry key="SPECIAL HANDLING IND IV" value="2"/>
            <entry key="SPECIAL HANDLING IND V" value="2"/>
            <entry key="SYSTEM CONTROL" value="3"/>
            <entry key="TERMINAL OPERATOR" value="0"/>
            <entry key="UNIT NUMBER" value="07"/>
          </Map>
        </value>
      </entry>
      <entry key="Dental Claims Adjuster">
        <value>
          <Map>
            <entry key="ADJUSTMENTS" value="4"/>
            <entry key="ADJUSTMENTS LIMIT" value="0005000"/>
            <entry key="BATCH ADJUDICATION" value="0"/>
            <entry key="BATCH CONTROL NUMBERS" value="3"/>
            <entry key="BATCH SEQUENCING" value="0"/>
            <entry key="CLAIMS ADDRESS ONLY" value="3"/>
            <entry key="CLAIMS CLAIMANT ADD" value="0"/>
            <entry key="CLAIMS HISTORY INQUIRY" value="1"/>
            <entry key="CLAIMS HISTORY ONLY" value="1"/>
            <entry key="CLAIMS INITIATION" value="2"/>
            <entry key="CLAIMS MANUAL CALCULATION" value="1"/>
            <entry key="CLAIMS PROVIDER" value="0"/>
            <entry key="CLAIMS QUALITY CONTROL" value="0"/>
            <entry key="CLAIMS U C OVERRIDE" value="1"/>
            <entry key="DENTAL DENIAL" value="1"/>
            <entry key="DENTAL DENIAL LIMIT" value="9999999"/>
            <entry key="DENTAL PAYMENT" value="1"/>
            <entry key="DENTAL PAYMENT LIMIT" value="0005000"/>
            <entry key="DIARY" value="0"/>
            <entry key="EMPLOYEE DEPENDENT" value="2"/>
            <entry key="EMPLOYEE DEPENDENT ADDRESS" value="1"/>
            <entry key="EMPLOYEE DEPENDENT CLMT ALTERNATE PAY" value="1"/>
            <entry key="GROUP ADMIN" value="1"/>
            <entry key="JOB CLASSIFICATION" value="11"/>
            <entry key="LETTERS" value="0"/>
            <entry key="PROVIDER PROCESSING" value="1"/>
            <entry key="REGISTRATION ADD" value="2"/>
            <entry key="REGISTRATION CHANGE" value="1"/>
            <entry key="REGISTRATION INQUIRY" value="1"/>
            <entry key="REGISTRATION SPLIT" value="2"/>
            <entry key="REMARKS" value="1"/>
            <entry key="REPORT HEADINGS" value="0"/>
            <entry key="SCHEDULES" value="1"/>
            <entry key="SPECIAL HANDLING GROUP I" value="EMP"/>
            <entry key="SPECIAL HANDLING GROUP II" value="DC37"/>
            <entry key="SPECIAL HANDLING GROUP III" value="MAPD"/>
            <entry key="SPECIAL HANDLING GROUP IV" value="UNI"/>
            <entry key="SPECIAL HANDLING GROUP V" value="HERU"/>
            <entry key="SPECIAL HANDLING IND I" value="0"/>
            <entry key="SPECIAL HANDLING IND II" value="2"/>
            <entry key="SPECIAL HANDLING IND III" value="2"/>
            <entry key="SPECIAL HANDLING IND IV" value="2"/>
            <entry key="SPECIAL HANDLING IND V" value="2"/>
            <entry key="SYSTEM CONTROL" value="3"/>
            <entry key="TERMINAL OPERATOR" value="0"/>
            <entry key="UNIT NUMBER" value="07"/>
          </Map>
        </value>
      </entry>
      <entry key="Dental Claims Analyst">
        <value>
          <Map>
            <entry key="ADJUSTMENTS" value="4"/>
            <entry key="ADJUSTMENTS LIMIT" value="0005000"/>
            <entry key="BATCH ADJUDICATION" value="0"/>
            <entry key="BATCH CONTROL NUMBERS" value="4"/>
            <entry key="BATCH SEQUENCING" value="0"/>
            <entry key="CLAIMS ADDRESS ONLY" value="2"/>
            <entry key="CLAIMS CLAIMANT ADD" value="1"/>
            <entry key="CLAIMS HISTORY INQUIRY" value="1"/>
            <entry key="CLAIMS HISTORY ONLY" value="1"/>
            <entry key="CLAIMS INITIATION" value="1"/>
            <entry key="CLAIMS MANUAL CALCULATION" value="1"/>
            <entry key="CLAIMS PROVIDER" value="0"/>
            <entry key="CLAIMS QUALITY CONTROL" value="1"/>
            <entry key="CLAIMS U C OVERRIDE" value="1"/>
            <entry key="DENTAL DENIAL" value="1"/>
            <entry key="DENTAL DENIAL LIMIT" value="9999999"/>
            <entry key="DENTAL PAYMENT" value="1"/>
            <entry key="DENTAL PAYMENT LIMIT" value="0005000"/>
            <entry key="DIARY" value="0"/>
            <entry key="EMPLOYEE DEPENDENT" value="3"/>
            <entry key="EMPLOYEE DEPENDENT ADDRESS" value="1"/>
            <entry key="EMPLOYEE DEPENDENT CLMT ALTERNATE PAY" value="1"/>
            <entry key="GROUP ADMIN" value="1"/>
            <entry key="JOB CLASSIFICATION" value="09"/>
            <entry key="LETTERS" value="1"/>
            <entry key="PROVIDER PROCESSING" value="1"/>
            <entry key="REGISTRATION ADD" value="2"/>
            <entry key="REGISTRATION CHANGE" value="1"/>
            <entry key="REGISTRATION INQUIRY" value="1"/>
            <entry key="REGISTRATION SPLIT" value="2"/>
            <entry key="REMARKS" value="1"/>
            <entry key="REPORT HEADINGS" value="0"/>
            <entry key="SCHEDULES" value="1"/>
            <entry key="SPECIAL HANDLING GROUP I" value="EMP"/>
            <entry key="SPECIAL HANDLING GROUP II" value="DC37"/>
            <entry key="SPECIAL HANDLING GROUP III" value="MAPD"/>
            <entry key="SPECIAL HANDLING GROUP IV" value="UNI"/>
            <entry key="SPECIAL HANDLING GROUP V" value="HERU"/>
            <entry key="SPECIAL HANDLING IND I" value="0"/>
            <entry key="SPECIAL HANDLING IND II" value="2"/>
            <entry key="SPECIAL HANDLING IND III" value="2"/>
            <entry key="SPECIAL HANDLING IND IV" value="2"/>
            <entry key="SPECIAL HANDLING IND V" value="2"/>
            <entry key="SYSTEM CONTROL" value="3"/>
            <entry key="TERMINAL OPERATOR" value="1"/>
            <entry key="UNIT NUMBER" value="11"/>
          </Map>
        </value>
      </entry>
      <entry key="Dental Director">
        <value>
          <Map>
            <entry key="ADJUSTMENTS" value="4"/>
            <entry key="ADJUSTMENTS LIMIT" value="0025000"/>
            <entry key="BATCH ADJUDICATION" value="0"/>
            <entry key="BATCH CONTROL NUMBERS" value="0"/>
            <entry key="BATCH SEQUENCING" value="0"/>
            <entry key="CLAIMS ADDRESS ONLY" value="1"/>
            <entry key="CLAIMS CLAIMANT ADD" value="1"/>
            <entry key="CLAIMS HISTORY INQUIRY" value="1"/>
            <entry key="CLAIMS HISTORY ONLY" value="1"/>
            <entry key="CLAIMS INITIATION" value="1"/>
            <entry key="CLAIMS MANUAL CALCULATION" value="1"/>
            <entry key="CLAIMS PROVIDER" value="0"/>
            <entry key="CLAIMS QUALITY CONTROL" value="1"/>
            <entry key="CLAIMS U C OVERRIDE" value="1"/>
            <entry key="DENTAL DENIAL" value="1"/>
            <entry key="DENTAL DENIAL LIMIT" value="9999999"/>
            <entry key="DENTAL PAYMENT" value="1"/>
            <entry key="DENTAL PAYMENT LIMIT" value="0025000"/>
            <entry key="DIARY" value="0"/>
            <entry key="EMPLOYEE DEPENDENT" value="2"/>
            <entry key="EMPLOYEE DEPENDENT ADDRESS" value="1"/>
            <entry key="EMPLOYEE DEPENDENT CLMT ALTERNATE PAY" value="1"/>
            <entry key="GROUP ADMIN" value="1"/>
            <entry key="JOB CLASSIFICATION" value="11"/>
            <entry key="LETTERS" value="0"/>
            <entry key="PROVIDER PROCESSING" value="1"/>
            <entry key="REGISTRATION ADD" value="2"/>
            <entry key="REGISTRATION CHANGE" value="1"/>
            <entry key="REGISTRATION INQUIRY" value="1"/>
            <entry key="REGISTRATION SPLIT" value="2"/>
            <entry key="REMARKS" value="1"/>
            <entry key="REPORT HEADINGS" value="1"/>
            <entry key="SCHEDULES" value="1"/>
            <entry key="SPECIAL HANDLING GROUP I" value="EMP"/>
            <entry key="SPECIAL HANDLING GROUP II" value="DC37"/>
            <entry key="SPECIAL HANDLING GROUP III" value="MAPD"/>
            <entry key="SPECIAL HANDLING GROUP IV" value="UNI"/>
            <entry key="SPECIAL HANDLING GROUP V" value="HERU"/>
            <entry key="SPECIAL HANDLING IND I" value="2"/>
            <entry key="SPECIAL HANDLING IND II" value="2"/>
            <entry key="SPECIAL HANDLING IND III" value="2"/>
            <entry key="SPECIAL HANDLING IND IV" value="2"/>
            <entry key="SPECIAL HANDLING IND V" value="2"/>
            <entry key="SYSTEM CONTROL" value="3"/>
            <entry key="TERMINAL OPERATOR" value="2"/>
            <entry key="UNIT NUMBER" value="11"/>
          </Map>
        </value>
      </entry>
      <entry key="Dental Team Lead">
        <value>
          <Map>
            <entry key="ADJUSTMENTS" value="4"/>
            <entry key="ADJUSTMENTS LIMIT" value="0020000"/>
            <entry key="BATCH ADJUDICATION" value="0"/>
            <entry key="BATCH CONTROL NUMBERS" value="4"/>
            <entry key="BATCH SEQUENCING" value="0"/>
            <entry key="CLAIMS ADDRESS ONLY" value="1"/>
            <entry key="CLAIMS CLAIMANT ADD" value="1"/>
            <entry key="CLAIMS HISTORY INQUIRY" value="1"/>
            <entry key="CLAIMS HISTORY ONLY" value="1"/>
            <entry key="CLAIMS INITIATION" value="1"/>
            <entry key="CLAIMS MANUAL CALCULATION" value="1"/>
            <entry key="CLAIMS PROVIDER" value="0"/>
            <entry key="CLAIMS QUALITY CONTROL" value="1"/>
            <entry key="CLAIMS U C OVERRIDE" value="1"/>
            <entry key="DENTAL DENIAL" value="1"/>
            <entry key="DENTAL DENIAL LIMIT" value="9999999"/>
            <entry key="DENTAL PAYMENT" value="1"/>
            <entry key="DENTAL PAYMENT LIMIT" value="0020000"/>
            <entry key="DIARY" value="0"/>
            <entry key="EMPLOYEE DEPENDENT" value="3"/>
            <entry key="EMPLOYEE DEPENDENT ADDRESS" value="1"/>
            <entry key="EMPLOYEE DEPENDENT CLMT ALTERNATE PAY" value="1"/>
            <entry key="GROUP ADMIN" value="1"/>
            <entry key="JOB CLASSIFICATION" value="11"/>
            <entry key="LETTERS" value="2"/>
            <entry key="PROVIDER PROCESSING" value="1"/>
            <entry key="REGISTRATION ADD" value="2"/>
            <entry key="REGISTRATION CHANGE" value="1"/>
            <entry key="REGISTRATION INQUIRY" value="1"/>
            <entry key="REGISTRATION SPLIT" value="2"/>
            <entry key="REMARKS" value="1"/>
            <entry key="REPORT HEADINGS" value="0"/>
            <entry key="SCHEDULES" value="1"/>
            <entry key="SPECIAL HANDLING GROUP I" value="EMP"/>
            <entry key="SPECIAL HANDLING GROUP II" value="DC37"/>
            <entry key="SPECIAL HANDLING GROUP III" value="MAPD"/>
            <entry key="SPECIAL HANDLING GROUP IV" value="UNI"/>
            <entry key="SPECIAL HANDLING GROUP V" value="HERU"/>
            <entry key="SPECIAL HANDLING IND I" value="0"/>
            <entry key="SPECIAL HANDLING IND II" value="2"/>
            <entry key="SPECIAL HANDLING IND III" value="2"/>
            <entry key="SPECIAL HANDLING IND IV" value="2"/>
            <entry key="SPECIAL HANDLING IND V" value="2"/>
            <entry key="SYSTEM CONTROL" value="3"/>
            <entry key="TERMINAL OPERATOR" value="2"/>
            <entry key="UNIT NUMBER" value="11"/>
          </Map>
        </value>
      </entry>
      <entry key="EMC Staff">
        <value>
          <Map>
            <entry key="ADJUSTMENTS" value="0"/>
            <entry key="ADJUSTMENTS LIMIT" value="0000000"/>
            <entry key="BATCH ADJUDICATION" value="0"/>
            <entry key="BATCH CONTROL NUMBERS" value="0"/>
            <entry key="BATCH SEQUENCING" value="0"/>
            <entry key="CLAIMS ADDRESS ONLY" value="0"/>
            <entry key="CLAIMS CLAIMANT ADD" value="0"/>
            <entry key="CLAIMS HISTORY INQUIRY" value="0"/>
            <entry key="CLAIMS HISTORY ONLY" value="0"/>
            <entry key="CLAIMS INITIATION" value="0"/>
            <entry key="CLAIMS MANUAL CALCULATION" value="0"/>
            <entry key="CLAIMS PROVIDER" value="0"/>
            <entry key="CLAIMS QUALITY CONTROL" value="0"/>
            <entry key="CLAIMS U C OVERRIDE" value="0"/>
            <entry key="DENTAL DENIAL" value="0"/>
            <entry key="DENTAL DENIAL LIMIT" value="0000000"/>
            <entry key="DENTAL PAYMENT" value="0"/>
            <entry key="DENTAL PAYMENT LIMIT" value="0000000"/>
            <entry key="DIARY" value="0"/>
            <entry key="EMPLOYEE DEPENDENT" value="1"/>
            <entry key="EMPLOYEE DEPENDENT ADDRESS" value="0"/>
            <entry key="EMPLOYEE DEPENDENT CLMT ALTERNATE PAY" value="0"/>
            <entry key="GROUP ADMIN" value="0"/>
            <entry key="JOB CLASSIFICATION" value="11"/>
            <entry key="LETTERS" value="0"/>
            <entry key="PROVIDER PROCESSING" value="0"/>
            <entry key="REGISTRATION ADD" value="0"/>
            <entry key="REGISTRATION CHANGE" value="0"/>
            <entry key="REGISTRATION INQUIRY" value="1"/>
            <entry key="REGISTRATION SPLIT" value="0"/>
            <entry key="REMARKS" value="0"/>
            <entry key="REPORT HEADINGS" value="0"/>
            <entry key="SCHEDULES" value="1"/>
            <entry key="SPECIAL HANDLING GROUP I" value="EMP"/>
            <entry key="SPECIAL HANDLING GROUP II" value="DC37"/>
            <entry key="SPECIAL HANDLING GROUP III" value="MAPD"/>
            <entry key="SPECIAL HANDLING GROUP IV" value="UNI"/>
            <entry key="SPECIAL HANDLING GROUP V" value="HERU"/>
            <entry key="SPECIAL HANDLING IND I" value="0"/>
            <entry key="SPECIAL HANDLING IND II" value="2"/>
            <entry key="SPECIAL HANDLING IND III" value="2"/>
            <entry key="SPECIAL HANDLING IND IV" value="2"/>
            <entry key="SPECIAL HANDLING IND V" value="2"/>
            <entry key="SYSTEM CONTROL" value="3"/>
            <entry key="TERMINAL OPERATOR" value="0"/>
            <entry key="UNIT NUMBER" value="03"/>
          </Map>
        </value>
      </entry>
      <entry key="Electronic Claims">
        <value>
          <Map>
            <entry key="ADJUSTMENTS" value="0"/>
            <entry key="ADJUSTMENTS LIMIT" value="0000000"/>
            <entry key="BATCH ADJUDICATION" value="0"/>
            <entry key="BATCH CONTROL NUMBERS" value="0"/>
            <entry key="BATCH SEQUENCING" value="0"/>
            <entry key="CLAIMS ADDRESS ONLY" value="0"/>
            <entry key="CLAIMS CLAIMANT ADD" value="0"/>
            <entry key="CLAIMS HISTORY INQUIRY" value="0"/>
            <entry key="CLAIMS HISTORY ONLY" value="0"/>
            <entry key="CLAIMS INITIATION" value="1"/>
            <entry key="CLAIMS MANUAL CALCULATION" value="0"/>
            <entry key="CLAIMS PROVIDER" value="0"/>
            <entry key="CLAIMS QUALITY CONTROL" value="0"/>
            <entry key="CLAIMS U C OVERRIDE" value="1"/>
            <entry key="DENTAL DENIAL" value="1"/>
            <entry key="DENTAL DENIAL LIMIT" value="9999999"/>
            <entry key="DENTAL PAYMENT" value="1"/>
            <entry key="DENTAL PAYMENT LIMIT" value="0005000"/>
            <entry key="DIARY" value="0"/>
            <entry key="EMPLOYEE DEPENDENT" value="1"/>
            <entry key="EMPLOYEE DEPENDENT ADDRESS" value="0"/>
            <entry key="EMPLOYEE DEPENDENT CLMT ALTERNATE PAY" value="0"/>
            <entry key="GROUP ADMIN" value="0"/>
            <entry key="JOB CLASSIFICATION" value="11"/>
            <entry key="LETTERS" value="0"/>
            <entry key="PROVIDER PROCESSING" value="0"/>
            <entry key="REGISTRATION ADD" value="2"/>
            <entry key="REGISTRATION CHANGE" value="0"/>
            <entry key="REGISTRATION INQUIRY" value="0"/>
            <entry key="REGISTRATION SPLIT" value="0"/>
            <entry key="REMARKS" value="0"/>
            <entry key="REPORT HEADINGS" value="0"/>
            <entry key="SCHEDULES" value="0"/>
            <entry key="SPECIAL HANDLING GROUP I" value="EMP"/>
            <entry key="SPECIAL HANDLING GROUP II" value="DC37"/>
            <entry key="SPECIAL HANDLING GROUP III" value="MAPD"/>
            <entry key="SPECIAL HANDLING GROUP IV" value="UNI"/>
            <entry key="SPECIAL HANDLING GROUP V" value="HERU"/>
            <entry key="SPECIAL HANDLING IND I" value="2"/>
            <entry key="SPECIAL HANDLING IND II" value="2"/>
            <entry key="SPECIAL HANDLING IND III" value="2"/>
            <entry key="SPECIAL HANDLING IND IV" value="2"/>
            <entry key="SPECIAL HANDLING IND V" value="2"/>
            <entry key="SYSTEM CONTROL" value="0"/>
            <entry key="TERMINAL OPERATOR" value="0"/>
            <entry key="UNIT NUMBER" value="03"/>
          </Map>
        </value>
      </entry>
      <entry key="MIS/BTS">
        <value>
          <Map>
            <entry key="ADJUSTMENTS" value="0"/>
            <entry key="ADJUSTMENTS LIMIT" value="0000000"/>
            <entry key="BATCH ADJUDICATION" value="0"/>
            <entry key="BATCH CONTROL NUMBERS" value="0"/>
            <entry key="BATCH SEQUENCING" value="0"/>
            <entry key="CLAIMS ADDRESS ONLY" value="0"/>
            <entry key="CLAIMS CLAIMANT ADD" value="0"/>
            <entry key="CLAIMS HISTORY INQUIRY" value="1"/>
            <entry key="CLAIMS HISTORY ONLY" value="0"/>
            <entry key="CLAIMS INITIATION" value="0"/>
            <entry key="CLAIMS MANUAL CALCULATION" value="0"/>
            <entry key="CLAIMS PROVIDER" value="0"/>
            <entry key="CLAIMS QUALITY CONTROL" value="0"/>
            <entry key="CLAIMS U C OVERRIDE" value="0"/>
            <entry key="DENTAL DENIAL" value="0"/>
            <entry key="DENTAL DENIAL LIMIT" value="0000000"/>
            <entry key="DENTAL PAYMENT" value="0"/>
            <entry key="DENTAL PAYMENT LIMIT" value="0000000"/>
            <entry key="DIARY" value="0"/>
            <entry key="EMPLOYEE DEPENDENT" value="1"/>
            <entry key="EMPLOYEE DEPENDENT ADDRESS" value="0"/>
            <entry key="EMPLOYEE DEPENDENT CLMT ALTERNATE PAY" value="0"/>
            <entry key="GROUP ADMIN" value="2"/>
            <entry key="JOB CLASSIFICATION" value="11"/>
            <entry key="LETTERS" value="0"/>
            <entry key="PROVIDER PROCESSING" value="1"/>
            <entry key="REGISTRATION ADD" value="0"/>
            <entry key="REGISTRATION CHANGE" value="0"/>
            <entry key="REGISTRATION INQUIRY" value="1"/>
            <entry key="REGISTRATION SPLIT" value="0"/>
            <entry key="REMARKS" value="2"/>
            <entry key="REPORT HEADINGS" value="0"/>
            <entry key="SCHEDULES" value="2"/>
            <entry key="SPECIAL HANDLING GROUP I" value="EMP"/>
            <entry key="SPECIAL HANDLING GROUP II" value="DC37"/>
            <entry key="SPECIAL HANDLING GROUP III" value="MAPD"/>
            <entry key="SPECIAL HANDLING GROUP IV" value="UNI"/>
            <entry key="SPECIAL HANDLING GROUP V" value="HERU"/>
            <entry key="SPECIAL HANDLING IND I" value="0"/>
            <entry key="SPECIAL HANDLING IND II" value="2"/>
            <entry key="SPECIAL HANDLING IND III" value="2"/>
            <entry key="SPECIAL HANDLING IND IV" value="2"/>
            <entry key="SPECIAL HANDLING IND V" value="2"/>
            <entry key="SYSTEM CONTROL" value="3"/>
            <entry key="TERMINAL OPERATOR" value="1"/>
            <entry key="UNIT NUMBER" value="02"/>
          </Map>
        </value>
      </entry>
      <entry key="Membership">
        <value>
          <Map>
            <entry key="ADJUSTMENTS" value="0"/>
            <entry key="ADJUSTMENTS LIMIT" value="0000000"/>
            <entry key="BATCH ADJUDICATION" value="0"/>
            <entry key="BATCH CONTROL NUMBERS" value="0"/>
            <entry key="BATCH SEQUENCING" value="0"/>
            <entry key="CLAIMS ADDRESS ONLY" value="0"/>
            <entry key="CLAIMS CLAIMANT ADD" value="0"/>
            <entry key="CLAIMS HISTORY INQUIRY" value="0"/>
            <entry key="CLAIMS HISTORY ONLY" value="0"/>
            <entry key="CLAIMS INITIATION" value="0"/>
            <entry key="CLAIMS MANUAL CALCULATION" value="0"/>
            <entry key="CLAIMS PROVIDER" value="0"/>
            <entry key="CLAIMS QUALITY CONTROL" value="0"/>
            <entry key="CLAIMS U C OVERRIDE" value="0"/>
            <entry key="DENTAL DENIAL" value="0"/>
            <entry key="DENTAL DENIAL LIMIT" value="0000000"/>
            <entry key="DENTAL PAYMENT" value="0"/>
            <entry key="DENTAL PAYMENT LIMIT" value="0000000"/>
            <entry key="DIARY" value="0"/>
            <entry key="EMPLOYEE DEPENDENT" value="4"/>
            <entry key="EMPLOYEE DEPENDENT ADDRESS" value="1"/>
            <entry key="EMPLOYEE DEPENDENT CLMT ALTERNATE PAY" value="0"/>
            <entry key="GROUP ADMIN" value="1"/>
            <entry key="JOB CLASSIFICATION" value="09"/>
            <entry key="LETTERS" value="0"/>
            <entry key="PROVIDER PROCESSING" value="1"/>
            <entry key="REGISTRATION ADD" value="0"/>
            <entry key="REGISTRATION CHANGE" value="0"/>
            <entry key="REGISTRATION INQUIRY" value="1"/>
            <entry key="REGISTRATION SPLIT" value="0"/>
            <entry key="REMARKS" value="1"/>
            <entry key="REPORT HEADINGS" value="0"/>
            <entry key="SCHEDULES" value="1"/>
            <entry key="SPECIAL HANDLING GROUP I" value="EMP"/>
            <entry key="SPECIAL HANDLING GROUP II" value="DC37"/>
            <entry key="SPECIAL HANDLING GROUP III" value="MAPD"/>
            <entry key="SPECIAL HANDLING GROUP IV" value="UNI"/>
            <entry key="SPECIAL HANDLING GROUP V" value="HERU"/>
            <entry key="SPECIAL HANDLING IND I" value="0"/>
            <entry key="SPECIAL HANDLING IND II" value="2"/>
            <entry key="SPECIAL HANDLING IND III" value="2"/>
            <entry key="SPECIAL HANDLING IND IV" value="2"/>
            <entry key="SPECIAL HANDLING IND V" value="2"/>
            <entry key="SYSTEM CONTROL" value="3"/>
            <entry key="TERMINAL OPERATOR" value="0"/>
            <entry key="UNIT NUMBER" value="10"/>
          </Map>
        </value>
      </entry>
      <entry key="PR Analyst">
        <value>
          <Map>
            <entry key="ADJUSTMENTS" value="4"/>
            <entry key="ADJUSTMENTS LIMIT" value="0005000"/>
            <entry key="BATCH ADJUDICATION" value="0"/>
            <entry key="BATCH CONTROL NUMBERS" value="0"/>
            <entry key="BATCH SEQUENCING" value="0"/>
            <entry key="CLAIMS ADDRESS ONLY" value="2"/>
            <entry key="CLAIMS CLAIMANT ADD" value="0"/>
            <entry key="CLAIMS HISTORY INQUIRY" value="1"/>
            <entry key="CLAIMS HISTORY ONLY" value="1"/>
            <entry key="CLAIMS INITIATION" value="1"/>
            <entry key="CLAIMS MANUAL CALCULATION" value="1"/>
            <entry key="CLAIMS PROVIDER" value="0"/>
            <entry key="CLAIMS QUALITY CONTROL" value="1"/>
            <entry key="CLAIMS U C OVERRIDE" value="1"/>
            <entry key="DENTAL DENIAL" value="1"/>
            <entry key="DENTAL DENIAL LIMIT" value="9999999"/>
            <entry key="DENTAL PAYMENT" value="1"/>
            <entry key="DENTAL PAYMENT LIMIT" value="0005000"/>
            <entry key="DIARY" value="0"/>
            <entry key="EMPLOYEE DEPENDENT" value="3"/>
            <entry key="EMPLOYEE DEPENDENT ADDRESS" value="1"/>
            <entry key="EMPLOYEE DEPENDENT CLMT ALTERNATE PAY" value="1"/>
            <entry key="GROUP ADMIN" value="1"/>
            <entry key="JOB CLASSIFICATION" value="11"/>
            <entry key="LETTERS" value="0"/>
            <entry key="PROVIDER PROCESSING" value="1"/>
            <entry key="REGISTRATION ADD" value="2"/>
            <entry key="REGISTRATION CHANGE" value="1"/>
            <entry key="REGISTRATION INQUIRY" value="1"/>
            <entry key="REGISTRATION SPLIT" value="2"/>
            <entry key="REMARKS" value="1"/>
            <entry key="REPORT HEADINGS" value="0"/>
            <entry key="SCHEDULES" value="1"/>
            <entry key="SPECIAL HANDLING GROUP I" value="EMP"/>
            <entry key="SPECIAL HANDLING GROUP II" value="DC37"/>
            <entry key="SPECIAL HANDLING GROUP III" value="MAPD"/>
            <entry key="SPECIAL HANDLING GROUP IV" value="UNI"/>
            <entry key="SPECIAL HANDLING GROUP V" value="HERU"/>
            <entry key="SPECIAL HANDLING IND I" value="0"/>
            <entry key="SPECIAL HANDLING IND II" value="2"/>
            <entry key="SPECIAL HANDLING IND III" value="2"/>
            <entry key="SPECIAL HANDLING IND IV" value="2"/>
            <entry key="SPECIAL HANDLING IND V" value="2"/>
            <entry key="SYSTEM CONTROL" value="3"/>
            <entry key="TERMINAL OPERATOR" value="0"/>
            <entry key="UNIT NUMBER" value="37"/>
          </Map>
        </value>
      </entry>
      <entry key="PR Consultant">
        <value>
          <Map>
            <entry key="ADJUSTMENTS" value="4"/>
            <entry key="ADJUSTMENTS LIMIT" value="0005000"/>
            <entry key="BATCH ADJUDICATION" value="0"/>
            <entry key="BATCH CONTROL NUMBERS" value="0"/>
            <entry key="BATCH SEQUENCING" value="0"/>
            <entry key="CLAIMS ADDRESS ONLY" value="2"/>
            <entry key="CLAIMS CLAIMANT ADD" value="0"/>
            <entry key="CLAIMS HISTORY INQUIRY" value="1"/>
            <entry key="CLAIMS HISTORY ONLY" value="1"/>
            <entry key="CLAIMS INITIATION" value="1"/>
            <entry key="CLAIMS MANUAL CALCULATION" value="1"/>
            <entry key="CLAIMS PROVIDER" value="0"/>
            <entry key="CLAIMS QUALITY CONTROL" value="1"/>
            <entry key="CLAIMS U C OVERRIDE" value="1"/>
            <entry key="DENTAL DENIAL" value="1"/>
            <entry key="DENTAL DENIAL LIMIT" value="9999999"/>
            <entry key="DENTAL PAYMENT" value="1"/>
            <entry key="DENTAL PAYMENT LIMIT" value="0005000"/>
            <entry key="DIARY" value="0"/>
            <entry key="EMPLOYEE DEPENDENT" value="3"/>
            <entry key="EMPLOYEE DEPENDENT ADDRESS" value="1"/>
            <entry key="EMPLOYEE DEPENDENT CLMT ALTERNATE PAY" value="1"/>
            <entry key="GROUP ADMIN" value="1"/>
            <entry key="JOB CLASSIFICATION" value="11"/>
            <entry key="LETTERS" value="0"/>
            <entry key="PROVIDER PROCESSING" value="1"/>
            <entry key="REGISTRATION ADD" value="2"/>
            <entry key="REGISTRATION CHANGE" value="1"/>
            <entry key="REGISTRATION INQUIRY" value="1"/>
            <entry key="REGISTRATION SPLIT" value="2"/>
            <entry key="REMARKS" value="1"/>
            <entry key="REPORT HEADINGS" value="0"/>
            <entry key="SCHEDULES" value="1"/>
            <entry key="SPECIAL HANDLING GROUP I" value="EMP"/>
            <entry key="SPECIAL HANDLING GROUP II" value="DC37"/>
            <entry key="SPECIAL HANDLING GROUP III" value="MAPD"/>
            <entry key="SPECIAL HANDLING GROUP IV" value="UNI"/>
            <entry key="SPECIAL HANDLING GROUP V" value="HERU"/>
            <entry key="SPECIAL HANDLING IND I" value="0"/>
            <entry key="SPECIAL HANDLING IND II" value="2"/>
            <entry key="SPECIAL HANDLING IND III" value="2"/>
            <entry key="SPECIAL HANDLING IND IV" value="2"/>
            <entry key="SPECIAL HANDLING IND V" value="2"/>
            <entry key="SYSTEM CONTROL" value="3"/>
            <entry key="TERMINAL OPERATOR" value="0"/>
            <entry key="UNIT NUMBER" value="38"/>
          </Map>
        </value>
      </entry>
      <entry key="Provider Operations">
        <value>
          <Map>
            <entry key="ADJUSTMENTS" value="0"/>
            <entry key="ADJUSTMENTS LIMIT" value="0000000"/>
            <entry key="BATCH ADJUDICATION" value="0"/>
            <entry key="BATCH CONTROL NUMBERS" value="0"/>
            <entry key="BATCH SEQUENCING" value="0"/>
            <entry key="CLAIMS ADDRESS ONLY" value="0"/>
            <entry key="CLAIMS CLAIMANT ADD" value="0"/>
            <entry key="CLAIMS HISTORY INQUIRY" value="1"/>
            <entry key="CLAIMS HISTORY ONLY" value="0"/>
            <entry key="CLAIMS INITIATION" value="0"/>
            <entry key="CLAIMS MANUAL CALCULATION" value="0"/>
            <entry key="CLAIMS PROVIDER" value="0"/>
            <entry key="CLAIMS QUALITY CONTROL" value="0"/>
            <entry key="CLAIMS U C OVERRIDE" value="0"/>
            <entry key="DENTAL DENIAL" value="0"/>
            <entry key="DENTAL DENIAL LIMIT" value="0000000"/>
            <entry key="DENTAL PAYMENT" value="0"/>
            <entry key="DENTAL PAYMENT LIMIT" value="0000000"/>
            <entry key="DIARY" value="0"/>
            <entry key="EMPLOYEE DEPENDENT" value="0"/>
            <entry key="EMPLOYEE DEPENDENT ADDRESS" value="0"/>
            <entry key="EMPLOYEE DEPENDENT CLMT ALTERNATE PAY" value="0"/>
            <entry key="GROUP ADMIN" value="1"/>
            <entry key="JOB CLASSIFICATION" value="07"/>
            <entry key="LETTERS" value="0"/>
            <entry key="PROVIDER PROCESSING" value="3"/>
            <entry key="REGISTRATION ADD" value="0"/>
            <entry key="REGISTRATION CHANGE" value="0"/>
            <entry key="REGISTRATION INQUIRY" value="0"/>
            <entry key="REGISTRATION SPLIT" value="0"/>
            <entry key="REMARKS" value="1"/>
            <entry key="REPORT HEADINGS" value="0"/>
            <entry key="SCHEDULES" value="1"/>
            <entry key="SPECIAL HANDLING GROUP I" value="EMP"/>
            <entry key="SPECIAL HANDLING GROUP II" value="DC37"/>
            <entry key="SPECIAL HANDLING GROUP III" value="MAPD"/>
            <entry key="SPECIAL HANDLING GROUP IV" value="UNI"/>
            <entry key="SPECIAL HANDLING GROUP V" value="HERU"/>
            <entry key="SPECIAL HANDLING IND I" value="0"/>
            <entry key="SPECIAL HANDLING IND II" value="1"/>
            <entry key="SPECIAL HANDLING IND III" value="1"/>
            <entry key="SPECIAL HANDLING IND IV" value="1"/>
            <entry key="SPECIAL HANDLING IND V" value="1"/>
            <entry key="SYSTEM CONTROL" value="3"/>
            <entry key="TERMINAL OPERATOR" value="0"/>
            <entry key="UNIT NUMBER" value="19"/>
          </Map>
        </value>
      </entry>
    </Map>
  </Attributes>
</Custom>