<?xml version='1.0' encoding='UTF-8'?>
<!DOCTYPE Custom PUBLIC "sailpoint.dtd" "sailpoint.dtd">
<Custom name="EH_Custom_FormAttributes">
  <Attributes>
    <Map>
      <entry key="computerType">
        <value>
          <List>
            <String>Desktop</String>
            <String>Laptop</String>
          </List>
        </value>
      </entry>
      <entry key="offShoreEmp">
        <value>
          <List>
            <String>Yes</String>
            <String>No</String>
          </List>
        </value>
      </entry>
    </Map>
  </Attributes>
</Custom>