<?xml version='1.0' encoding='UTF-8'?>
<!DOCTYPE Custom PUBLIC "sailpoint.dtd" "sailpoint.dtd">
<Custom name="EH_Custom_Everify_UserAccountControl">
  <Attributes>
    <Map>
      <entry key="2" value="Yes"/>
      <entry key="262658" value="Yes"/>
      <entry key="262690" value="Yes"/>
      <entry key="328194" value="Yes"/>
      <entry key="514" value="Yes"/>
      <entry key="546" value="Yes"/>
      <entry key="66050" value="Yes"/>
      <entry key="66082" value="Yes"/>
    </Map>
  </Attributes>
</Custom>