<?xml version='1.0' encoding='UTF-8'?>
<!DOCTYPE Custom PUBLIC "sailpoint.dtd" "sailpoint.dtd">
<Custom name="EH_Custom_SOX_SignOffCertifierNames">
  <Attributes>
    <Map>
      <entry key="Fastrak Production" value="v011041"/>
      <entry key="HCS Production" value="v011041"/>
      <entry key="Local Admin Groups" value="v011041"/>
      <entry key="MCS Production" value="v011827"/>
      <entry key="RACF HMO" value="RACF Owner"/>
      <entry key="RACF PPO" value="RACF Owner"/>
    </Map>
  </Attributes>
</Custom>