<?xml version='1.0' encoding='UTF-8'?>
<!DOCTYPE Custom PUBLIC "sailpoint.dtd" "sailpoint.dtd">
<Custom name="EH_Custom_Spellout">
  <Attributes>
    <Map>
      <entry key="pwd">
        <value>
          <Attributes>
            <Map>
              <entry key="!" value="Exclamation"/>
              <entry key="&quot;" value="Double quote"/>
              <entry key="#" value="Number sign (hash)"/>
              <entry key="$" value="Dollar sign"/>
              <entry key="%" value="Percent"/>
              <entry key="&amp;" value="Ampersand"/>
              <entry key="'" value="Single quote"/>
              <entry key="(" value="Left parenthesis"/>
              <entry key=")" value="Right parenthesis"/>
              <entry key="*" value="Asterisk"/>
              <entry key="+" value="Plus"/>
              <entry key="," value="Comma"/>
              <entry key="-" value="Minus"/>
              <entry key="." value="Full stop"/>
              <entry key="/" value="Slash"/>
              <entry key="0" value="Zero"/>
              <entry key="1" value="One"/>
              <entry key="2" value="Two"/>
              <entry key="3" value="Three"/>
              <entry key="4" value="Four"/>
              <entry key="5" value="Five"/>
              <entry key="6" value="Six"/>
              <entry key="7" value="Seven"/>
              <entry key="8" value="Eight"/>
              <entry key="9" value="Nine"/>
              <entry key=":" value="Colon"/>
              <entry key=";" value="Semicolon"/>
              <entry key="&lt;" value="Less than"/>
              <entry key="=" value="Equal sign"/>
              <entry key=">" value="Greater than"/>
              <entry key="?" value="Question mark"/>
              <entry key="@" value="At sign"/>
              <entry key="A" value="Alfa Uppercase"/>
              <entry key="B" value="Bravo Uppercase"/>
              <entry key="C" value="Charlie Uppercase"/>
              <entry key="D" value="Delta Uppercase"/>
              <entry key="E" value="Echo Uppercase"/>
              <entry key="F" value="Foxtrot Uppercase"/>
              <entry key="G" value="Golf Uppercase"/>
              <entry key="H" value="Hotel Uppercase"/>
              <entry key="I" value="India Uppercase"/>
              <entry key="J" value="Juliett Uppercase"/>
              <entry key="K" value="Kilo Uppercase"/>
              <entry key="L" value="Lima Uppercase"/>
              <entry key="M" value="Mike Uppercase"/>
              <entry key="N" value="November Uppercase"/>
              <entry key="O" value="Oscar Uppercase"/>
              <entry key="P" value="Papa Uppercase"/>
              <entry key="Q" value="Quebec Uppercase"/>
              <entry key="R" value="Romeo Uppercase"/>
              <entry key="S" value="Sierra Uppercase"/>
              <entry key="T" value="Tango Uppercase"/>
              <entry key="U" value="Uniform Uppercase"/>
              <entry key="V" value="Victor Uppercase"/>
              <entry key="W" value="Whiskey Uppercase"/>
              <entry key="X" value="X-ray Uppercase"/>
              <entry key="Y" value="Yankee Uppercase"/>
              <entry key="Z" value="Zulu Uppercase"/>
              <entry key="[" value="Left bracket"/>
              <entry key="\" value="Backslash"/>
              <entry key="]" value="Right bracket"/>
              <entry key="^" value="Caret"/>
              <entry key="_" value="Underscore"/>
              <entry key="`" value="Grave accent (backtick)"/>
              <entry key="a" value="Alfa"/>
              <entry key="b" value="Bravo"/>
              <entry key="c" value="Charlie"/>
              <entry key="d" value="Delta"/>
              <entry key="e" value="Echo"/>
              <entry key="f" value="Foxtrot"/>
              <entry key="g" value="Golf"/>
              <entry key="h" value="Hotel"/>
              <entry key="i" value="India"/>
              <entry key="j" value="Juliett"/>
              <entry key="k" value="Kilo"/>
              <entry key="l" value="Lima"/>
              <entry key="m" value="Mike"/>
              <entry key="n" value="November"/>
              <entry key="o" value="Oscar"/>
              <entry key="p" value="Papa"/>
              <entry key="q" value="Quebec"/>
              <entry key="r" value="Romeo"/>
              <entry key="s" value="Sierra"/>
              <entry key="t" value="Tango"/>
              <entry key="u" value="Uniform"/>
              <entry key="v" value="Victor"/>
              <entry key="w" value="Whiskey"/>
              <entry key="x" value="X-ray"/>
              <entry key="y" value="Yankee"/>
              <entry key="z" value="Zulu"/>
              <entry key="{" value="Left brace"/>
              <entry key="|" value="Vertical bar"/>
              <entry key="}" value="Right brace"/>
              <entry key="~" value="Tilde"/>
            </Map>
          </Attributes>
        </value>
      </entry>
    </Map>
  </Attributes>
</Custom>