<?xml version='1.0' encoding='UTF-8'?>
<!DOCTYPE Custom PUBLIC "sailpoint.dtd" "sailpoint.dtd">
<Custom name="EH_Custom_AD_Objects">
  <Attributes>
    <Map>
      <entry key="CCIMEDIInfo">
        <value>
          <Map>
            <entry key="CCIDN" value="OU=Contractors,OU=Accounts,OU=CCI,DC=EMBLEM,DC=EMBLEMHEALTH,DC=COM"/>
            <entry key="MEDICAREDISABLEDDN" value="OU=Disabled,OU=Accounts,OU=MEDICARE,DC=EMBLEM,DC=EMBLEMHEALTH,DC=COM"/>
            <entry key="MEDICAREDN" value="OU=Contractors,OU=Accounts,OU=MEDICARE,DC=EMBLEM,DC=EMBLEMHEALTH,DC=COM"/>
            <entry key="SearchFilter" value="(&amp;(objectClass=person)(ObjectClass=user)(|(sAMAccountName=V-*)(sAMAccountName=v-*))(!(employeeID=*))(useraccountcontrol=512))"/>
            <entry key="activeSearchFilter" value="(&amp;(objectClass=person)(ObjectClass=user)(|(sAMAccountName=V-*)(sAMAccountName=v-*))(useraccountcontrol=512)(employeeID=*))"/>
            <entry key="inactiveSearchFilter" value="(&amp;(objectClass=person)(ObjectClass=user)(|(sAMAccountName=V-*)(sAMAccountName=v-*))(useraccountcontrol=514)(employeeID=*))"/>
          </Map>
        </value>
      </entry>
      <entry key="CountryCodes_Names">
        <value>
          <Map>
            <entry key="IN" value="India"/>
            <entry key="PH" value="Republic of the Philippines"/>
            <entry key="US" value="United States"/>
          </Map>
        </value>
      </entry>
      <entry key="DCRoot" value="DC=EMBLEM,DC=EMBLEMHEALTH,DC=COM"/>
      <entry key="DNInfo">
        <value>
          <Map>
            <entry key="CORP_CONTRACTORS" value="OU=Contractors,OU=Accounts,OU=CORP,DC=EMBLEM,DC=EMBLEMHEALTH,DC=COM"/>
            <entry key="CORP_CONTRACTORS_ACP" value="OU=ACP,OU=Contractors,OU=Accounts,OU=CORP,DC=EMBLEM,DC=EMBLEMHEALTH,DC=COM"/>
            <entry key="CORP_CONTRACTORS_COGNIZANT" value="OU=Cognizant,OU=Contractors,OU=Accounts,OU=CORP,DC=EMBLEM,DC=EMBLEMHEALTH,DC=COM"/>
            <entry key="CORP_CONTRACTORS_TEMP" value="OU=CognizantTemporary,OU=Contractors,OU=Accounts,OU=CORP,DC=EMBLEM,DC=EMBLEMHEALTH,DC=COM"/>
            <entry key="CORP_EMPLOYEES">
              <value>
                <Map>
                  <entry key="Albany" value="OU=Albany,OU=Employees,OU=Accounts,OU=CORP,DC=EMBLEM,DC=EMBLEMHEALTH,DC=COM"/>
                  <entry key="East Syracuse" value="OU=Syracuse,OU=Employees,OU=Accounts,OU=CORP,DC=EMBLEM,DC=EMBLEMHEALTH,DC=COM"/>
                  <entry key="Lake Katrine" value="OU=LakeKatrine,OU=Employees,OU=Accounts,OU=CORP,DC=EMBLEM,DC=EMBLEMHEALTH,DC=COM"/>
                  <entry key="Melville" value="OU=Melville,OU=Employees,OU=Accounts,OU=CORP,DC=EMBLEM,DC=EMBLEMHEALTH,DC=COM"/>
                  <entry key="NYC" value="OU=NYC,OU=Employees,OU=Accounts,OU=CORP,DC=EMBLEM,DC=EMBLEMHEALTH,DC=COM"/>
                  <entry key="New York" value="OU=NYC,OU=Employees,OU=Accounts,OU=CORP,DC=EMBLEM,DC=EMBLEMHEALTH,DC=COM"/>
                </Map>
              </value>
            </entry>
            <entry key="CORP_LOA" value="OU=LOA,OU=Disabled,OU=Accounts,OU=CORP,DC=EMBLEM,DC=EMBLEMHEALTH,DC=COM"/>
            <entry key="CORP_TERMED" value="OU=Termed,OU=Disabled,OU=Accounts,OU=CORP,DC=EMBLEM,DC=EMBLEMHEALTH,DC=COM"/>
            <entry key="HIPA_CONTRACTORS" value="OU=Contractors,OU=Accounts,OU=HIPA,DC=EMBLEM,DC=EMBLEMHEALTH,DC=COM"/>
            <entry key="HIPA_EMPLOYEES" value="OU=Employees,OU=Accounts,OU=HIPA,DC=EMBLEM,DC=EMBLEMHEALTH,DC=COM"/>
            <entry key="HIPA_LOA" value="OU=LOA,OU=Disabled,OU=Accounts,OU=HIPA,DC=EMBLEM,DC=EMBLEMHEALTH,DC=COM"/>
            <entry key="HIPA_TERMED" value="OU=Termed,OU=Disabled,OU=Accounts,OU=HIPA,DC=EMBLEM,DC=EMBLEMHEALTH,DC=COM"/>
            <entry key="MEDICARE_CONTRACTORS" value="OU=Contractors,OU=Accounts,OU=MEDICARE,DC=EMBLEM,DC=EMBLEMHEALTH,DC=COM"/>
            <entry key="MEDICARE_EMPLOYEES">
              <value>
                <Map>
                  <entry key="East Syracuse" value="OU=Syracuse,OU=Employees,OU=Accounts,OU=MEDICARE,DC=EMBLEM,DC=EMBLEMHEALTH,DC=COM"/>
                  <entry key="Florida" value="OU=Florida,OU=Employees,OU=Accounts,OU=MEDICARE,DC=EMBLEM,DC=EMBLEMHEALTH,DC=COM"/>
                  <entry key="NYC" value="OU=NYC,OU=Employees,OU=Accounts,OU=MEDICARE,DC=EMBLEM,DC=EMBLEMHEALTH,DC=COM"/>
                </Map>
              </value>
            </entry>
            <entry key="MEDICARE_LOA" value="OU=LOA,OU=Disabled,OU=Accounts,OU=MEDICARE,DC=EMBLEM,DC=EMBLEMHEALTH,DC=COM"/>
            <entry key="MEDICARE_TERMED" value="OU=Disabled,OU=Accounts,OU=MEDICARE,DC=EMBLEM,DC=EMBLEMHEALTH,DC=COM"/>
          </Map>
        </value>
      </entry>
      <entry key="Default_groups">
        <value>
          <Map>
            <entry key="CORP_EMPLOYEES">
              <value>
                <List>
                  <String>Domain Users</String>
                  <String>Palo Bronze Filtering</String>
                  <String>OWA</String>
                  <String>Vault_Emblem</String>
                </List>
              </value>
            </entry>
            <entry key="CTS Employee">
              <value>
                <Map>
                  <entry key="BTG-CTS SharePoint" value="Citrix_Corp_BTG_CTS_SP"/>
                  <entry key="Basis AD access">
                    <value>
                      <List>
                        <String>Citrix_eh_citrixuserprofileenabled_xa65</String>
                        <String>Office2010CacheModeDisabled</String>
                        <String>Citrix_EH_CitrixAccess_RD</String>
                        <String>OWA</String>
                        <String>Palo Bronze Filtering</String>
                        <String>Vault_Emblem</String>
                        <String>Cognizant OWA restricted users</String>
                      </List>
                    </value>
                  </entry>
                  <entry key="FRED SharePoint" value="Citrix_Corp_FRED_SP"/>
                  <entry key="Offshore Remote Desktop" value="Citrix_Corp_UFT_Desktop"/>
                  <entry key="Onshore Remote Desktop" value="Citrix_OnShore_Cognizant_Desktop"/>
                  <entry key="QA Desktop" value="Citrix_Corp_UFT_Desktop"/>
                </Map>
              </value>
            </entry>
            <entry key="HIPA_CONTRACTORS">
              <value>
                <List>
                  <String>Domain Users</String>
                  <String>Palo Bronze Filtering</String>
                  <String>OWA</String>
                  <String>Vault_Emblem</String>
                </List>
              </value>
            </entry>
            <entry key="HIPA_EMPLOYEES">
              <value>
                <List>
                  <String>Domain Users</String>
                  <String>Palo Bronze Filtering</String>
                  <String>OWA</String>
                  <String>Vault_Emblem</String>
                </List>
              </value>
            </entry>
            <entry key="MEDICARE_EMPLOYEES">
              <value>
                <List>
                  <String>Domain Users</String>
                  <String>Palo Bronze Filtering</String>
                  <String>OWA</String>
                  <String>Office_2010_Policy</String>
                  <String>Corp Outlook Policy</String>
                </List>
              </value>
            </entry>
            <entry key="Vendor">
              <value>
                <List>
                  <String>Domain Users</String>
                  <String>Palo Bronze Filtering</String>
                  <String>OWA</String>
                  <String>Vault_Emblem</String>
                </List>
              </value>
            </entry>
          </Map>
        </value>
      </entry>
      <entry key="HomeMDB" value="CN=DB01,CN=Databases,CN=Exchange Administrative Group (FYDIBOHF23SPDLT),CN=Administrative Groups,CN=EMBLEM,CN=Microsoft Exchange,CN=Services,CN=Configuration,DC=EMBLEM,DC=EMBLEMHEALTH,DC=COM"/>
      <entry key="Shared_Drive">
        <value>
          <Map>
            <entry key="CTS Employee" value="x:\y\z"/>
            <entry key="EH FTE" value="p:\q\r"/>
          </Map>
        </value>
      </entry>
    </Map>
  </Attributes>
</Custom>