<?xml version='1.0' encoding='UTF-8'?>
<!DOCTYPE Custom PUBLIC "sailpoint.dtd" "sailpoint.dtd">
<Custom name="EH_Custom_GenericAttributes">
  <Attributes>
    <Map>
      <entry key="EHPMOfiletransfer">
        <value>
          <Map>
            <entry key="destHost" value="psts-la2.systems.emblemhealth.com"/>
            <entry key="everBridgeFileLoc" value="/apphome/sailpoint/CSVFILES/OUTPUT/EVERBRIDGE"/>
            <entry key="fileLoc" value="/apphome/sailpoint/CSVFILES/OUTPUT/EHPMO"/>
            <entry key="metricStreamFileLoc" value="/apphome/sailpoint/CSVFILES/OUTPUT/METRICSTREAM"/>
            <entry key="password" value="3H$p11qf3ed"/>
            <entry key="peoplesoftHRFileLoc" value="/apphome/sailpoint/CSVFILES/OUTPUT/PEOPLESOFTHR"/>
            <entry key="peoplesoftInternalFileLoc" value="/apphome/sailpoint/CSVFILES/OUTPUT/PEOPLESOFTINTERNAL"/>
            <entry key="samsFileLoc" value="/apphome/sailpoint/CSVFILES/OUTPUT/SAMS"/>
            <entry key="serviceDeskFileLoc" value="/apphome/sailpoint/CSVFILES/OUTPUT/SERVICEDESK"/>
            <entry key="username" value="sailptfeedsvc"/>
          </Map>
        </value>
      </entry>
      <entry key="country">
        <value>
          <Map>
            <entry key="ABW" value="ARUBA"/>
            <entry key="AFG" value="AFGHANISTAN"/>
            <entry key="AGO" value="ANGOLA"/>
            <entry key="AIA" value="ANGUILLA"/>
            <entry key="ALB" value="ALBANIA"/>
            <entry key="AND" value="ANDORRA"/>
            <entry key="ANT" value="NETHERLANDS ANTILLES"/>
            <entry key="ARE" value="UNITED ARAB EMIRATES"/>
            <entry key="ARG" value="ARGENTINA"/>
            <entry key="ARM" value="ARMENIA"/>
            <entry key="ASM" value="AMERICAN SAMOA"/>
            <entry key="ATA" value="ANTARCTICA"/>
            <entry key="ATF" value="FRENCH SOUTHERN TERRITORIES"/>
            <entry key="ATG" value="ANTIGUA AND BARBUDA"/>
            <entry key="AUS" value="AUSTRALIA"/>
            <entry key="AUT" value="AUSTRIA"/>
            <entry key="AZE" value="AZERBAIJAN"/>
            <entry key="BDI" value="BURUNDI"/>
            <entry key="BEL" value="BELGIUM"/>
            <entry key="BFA" value="BURKINA FASO"/>
            <entry key="BGD" value="BANGLADESH"/>
            <entry key="BGR" value="BULGARIA"/>
            <entry key="BHR" value="BAHRAIN"/>
            <entry key="BHS" value="BAHAMAS"/>
            <entry key="BIH" value="BOSNIA HERZEGOVINA"/>
            <entry key="BJN" value="BENIN"/>
            <entry key="BLR" value="BELARUS"/>
            <entry key="BLZ" value="BELIZE"/>
            <entry key="BMU" value="BERMUDA"/>
            <entry key="BOL" value="BOLIVIA"/>
            <entry key="BRA" value="BRAZIL"/>
            <entry key="BRB" value="BARBADOS"/>
            <entry key="BRN" value="BRUNEI DARUSSALAM"/>
            <entry key="BTN" value="BHUTAN"/>
            <entry key="BVT" value="BOUVET ISLAND"/>
            <entry key="BWA" value="BOTSWANA"/>
            <entry key="CAF" value="CENTRAL AFRICAN REPUBLIC"/>
            <entry key="CAN" value="CANADA"/>
            <entry key="CCK" value="COSOS (KEELING) ISLANDS"/>
            <entry key="CHE" value="SWITZERLAND"/>
            <entry key="CHL" value="CHILE"/>
            <entry key="CHN" value="CHINA"/>
            <entry key="CHN2" value="China (People's Republic)"/>
            <entry key="CIV" value="COTE D&quot;IVOIRE"/>
            <entry key="CMR" value="CAMEROON"/>
            <entry key="COD" value="CONGO, THE DEMOCRATIC REPUBLIC OF THE"/>
            <entry key="COG" value="CONGO"/>
            <entry key="COK" value="COOK ISLANDS"/>
            <entry key="COL" value="COLOMBIA"/>
            <entry key="COM" value="COMOROS"/>
            <entry key="CPV" value="CAPE VERDE"/>
            <entry key="CRI" value="COSTA RICA"/>
            <entry key="CUB" value="CUBA"/>
            <entry key="CYM" value="CAYMAN ISLANDS"/>
            <entry key="CYP" value="CYPRUS"/>
            <entry key="CZE" value="CZECH REPUBLIC"/>
            <entry key="DEU" value="GERMANY"/>
            <entry key="DJI" value="DJIBOUTI"/>
            <entry key="DMA" value="DOMINICA"/>
            <entry key="DNK" value="DENMARK"/>
            <entry key="DOM" value="DOMINICAN REPUBLIC"/>
            <entry key="DZA" value="ALGERIA"/>
            <entry key="ECU" value="ECUADOR"/>
            <entry key="EGY" value="EGYPT"/>
            <entry key="ERI" value="ERITREA"/>
            <entry key="ESH" value="WESTERN SAHARA"/>
            <entry key="ESP" value="SPAIN"/>
            <entry key="EST" value="ESTONIA"/>
            <entry key="ETH" value="ETHIOPIA"/>
            <entry key="FIN" value="FINLAND"/>
            <entry key="FJI" value="FIJI"/>
            <entry key="FLK" value="FALKLAND ISLANDS (MALVINAS)"/>
            <entry key="FRA" value="FRANCE"/>
            <entry key="FRO" value="FAROE ISLANDS"/>
            <entry key="FSM" value="MICRONESIA, FEDERATED STATES OF"/>
            <entry key="GAB" value="GABON"/>
            <entry key="GBR" value="UNITED KINGDOM"/>
            <entry key="GEO" value="GEORGIA"/>
            <entry key="GHA" value="GHANA"/>
            <entry key="GIB" value="GIBRALTAR"/>
            <entry key="GIN" value="GUINEA"/>
            <entry key="GLP" value="GUADELOUPE"/>
            <entry key="GMB" value="GAMBIA"/>
            <entry key="GNB" value="GUINEA-BISSAU"/>
            <entry key="GNQ" value="EQUATORIAL GUINEA"/>
            <entry key="GRC" value="GREECE"/>
            <entry key="GRD" value="GRENADA"/>
            <entry key="GRL" value="GREENLAND"/>
            <entry key="GTM" value="GUATEMALA"/>
            <entry key="GUF" value="FRENCH GUIANA"/>
            <entry key="GUM" value="GUAM"/>
            <entry key="GUY" value="GUYANA"/>
            <entry key="HKG" value="HONG KONG"/>
            <entry key="HMD" value="HEARD ISLAND AND MCDONALD ISLANDS"/>
            <entry key="HND" value="HONDURAS"/>
            <entry key="HRV" value="CROATIA"/>
            <entry key="HTI" value="HAITI"/>
            <entry key="HUN" value="HUNGARY"/>
            <entry key="IDN" value="INDONESIA"/>
            <entry key="IND" value="INDIA"/>
            <entry key="IOT" value="BRITISH INDIAN OCEAN TERRITORY"/>
            <entry key="IRL" value="IRELAND"/>
            <entry key="IRN" value="IRAN, ISLAMIC REPUBLIC OF"/>
            <entry key="IRQ" value="IRAQ"/>
            <entry key="ISL" value="ICELAND"/>
            <entry key="ISR" value="ISRAEL"/>
            <entry key="ITA" value="ITALY"/>
            <entry key="JAM" value="JAMAICA"/>
            <entry key="JOR" value="JORDAN"/>
            <entry key="JPN" value="JAPAN"/>
            <entry key="KAZ" value="KAZAKSTAN"/>
            <entry key="KEN" value="KENYA"/>
            <entry key="KGZ" value="KYRGYZSTAN"/>
            <entry key="KHM" value="CAMBODIA"/>
            <entry key="KIR" value="KIRIBATI"/>
            <entry key="KNA" value="SAINT KITTS AND NEVIS"/>
            <entry key="KOR" value="KOREA, REPUBLIC OF"/>
            <entry key="KWT" value="KUWAIT"/>
            <entry key="LAO" value="LAO PEOPLE&quot;S DEMOCRATIC REPUBLIC"/>
            <entry key="LBN" value="LEBANON"/>
            <entry key="LBR" value="LIBERIA"/>
            <entry key="LBY" value="LIBYAN ARAB JAMAHIRIYA"/>
            <entry key="LCA" value="SAINT LUCIA"/>
            <entry key="LIE" value="LIECHTENSTEIN"/>
            <entry key="LKA" value="SRI LANKA"/>
            <entry key="LSO" value="LESOTHO"/>
            <entry key="LTU" value="LITHUANIA"/>
            <entry key="LUX" value="LUXEMBOURG"/>
            <entry key="LVA" value="LATVIA"/>
            <entry key="MAC" value="MACAU"/>
            <entry key="MAR" value="MOROCCO"/>
            <entry key="MCO" value="MONACO"/>
            <entry key="MDA" value="MOLDOVA, REPUBLIC OF"/>
            <entry key="MDG" value="MADAGASCAR"/>
            <entry key="MDV" value="MALDIVES"/>
            <entry key="MEX" value="MEXICO"/>
            <entry key="MHL" value="MARSHALL ISLANDS"/>
            <entry key="MKD" value="MACEDONIA, THE FORMER YUGOSLAV REPUBLIC OF"/>
            <entry key="MLI" value="MALI"/>
            <entry key="MLT" value="MALTA"/>
            <entry key="MMR" value="MYANMAR"/>
            <entry key="MNG" value="MONGOLIA"/>
            <entry key="MNP" value="NORTHERN MARIANA ISLANDS"/>
            <entry key="MOZ" value="MOZAMBIQUE"/>
            <entry key="MRT" value="MAURITANIA"/>
            <entry key="MSR" value="MONTSERRAT"/>
            <entry key="MTQ" value="MARTINIQUE"/>
            <entry key="MUS" value="MAURITIUS"/>
            <entry key="MWI" value="MALAWI"/>
            <entry key="MYS" value="MALAYSIA"/>
            <entry key="MYT" value="MAYOTTE"/>
            <entry key="NAM" value="NAMIBIA"/>
            <entry key="NCL" value="NEW CALEDONIA"/>
            <entry key="NER" value="NIGER"/>
            <entry key="NFK" value="NORFOLK ISLAND"/>
            <entry key="NGA" value="NIGERIA"/>
            <entry key="NIC" value="NICARAGUA"/>
            <entry key="NIU" value="NIUE"/>
            <entry key="NLD" value="NETHERLANDS"/>
            <entry key="NOR" value="NORWAY"/>
            <entry key="NPL" value="NEPAL"/>
            <entry key="NRU" value="NAURU"/>
            <entry key="NZL" value="NEW ZEALAND"/>
            <entry key="OMN" value="OMAN"/>
            <entry key="PAK" value="PAKISTAN"/>
            <entry key="PAN" value="PANAMA"/>
            <entry key="PCN" value="PITCAIRN"/>
            <entry key="PER" value="PERU"/>
            <entry key="PHL" value="PHILIPPINES"/>
            <entry key="PLW" value="PALAU"/>
            <entry key="PNG" value="PAPUA NEW GUINEA"/>
            <entry key="POL" value="POLAND"/>
            <entry key="PRI" value="PUERTO RICO"/>
            <entry key="PRK" value="KOREA, DEMOCRATIC PEOPLE&quot;S REPUBLIC OF"/>
            <entry key="PRT" value="PORTUGAL"/>
            <entry key="PRY" value="PARAGUAY"/>
            <entry key="PSE" value="PALESTINIAN TERRITORY, OCCUPIED"/>
            <entry key="PYF" value="FRENCH POLYNESIA"/>
            <entry key="QAT" value="QATAR"/>
            <entry key="REU" value="R?NION"/>
            <entry key="ROU" value="ROMANIA"/>
            <entry key="RUS" value="RUSSIAN FEDERATION"/>
            <entry key="RWA" value="RWANDA"/>
            <entry key="SAU" value="SAUDI ARABIA"/>
            <entry key="SCG" value="SERBIA AND MONTENEGRO"/>
            <entry key="SDN" value="SUDAN"/>
            <entry key="SEN" value="SENEGAL"/>
            <entry key="SGP" value="SINGAPORE"/>
            <entry key="SGS" value="SOUTH GEORGIA AND THE SOUTH SANDWICH ISLANDS"/>
            <entry key="SHN" value="SAINT HELENA"/>
            <entry key="SJM" value="SVALBARD AND JAN MAYEN"/>
            <entry key="SLB" value="SOLOMON ISLANDS"/>
            <entry key="SLE" value="SIERRA LEONE"/>
            <entry key="SLV" value="EL SALVADOR"/>
            <entry key="SMR" value="SAN MARINO"/>
            <entry key="SOM" value="SOMALIA"/>
            <entry key="SRB" value="Serbia"/>
            <entry key="STP" value="SAO TOME AND PRINCIPE"/>
            <entry key="SUR" value="SURINAME"/>
            <entry key="SVK" value="SLOVAKIA"/>
            <entry key="SVN" value="SLOVENIA"/>
            <entry key="SWE" value="SWEDEN"/>
            <entry key="SWZ" value="SWAZILAND"/>
            <entry key="SYC" value="SEYCHELLES"/>
            <entry key="SYR" value="SYRIAN ARAB REPUBLIC"/>
            <entry key="TCA" value="TURKS AND CAICOS ISLANDS"/>
            <entry key="TCD" value="CHAD"/>
            <entry key="TGO" value="TOGO"/>
            <entry key="THA" value="THAILAND"/>
            <entry key="TJK" value="TAJIKISTAN"/>
            <entry key="TKL" value="TOKELAU"/>
            <entry key="TKM" value="TURKMENISTAN"/>
            <entry key="TLS" value="EAST TIMOR"/>
            <entry key="TON" value="TONGA"/>
            <entry key="TTO" value="TRINIDAD AND TOBAGO"/>
            <entry key="TUN" value="TUNISIA"/>
            <entry key="TUR" value="TURKEY"/>
            <entry key="TUV" value="TUVALU"/>
            <entry key="TWN" value="TAIWAN, PROVINCE OF CHINA"/>
            <entry key="TZA" value="TANZANIA, UNITED REPUBLIC OF"/>
            <entry key="UGA" value="UGANDA"/>
            <entry key="UKR" value="UKRAINE"/>
            <entry key="UMI" value="UNITED STATES MINOR OUTLYING ISLANDS"/>
            <entry key="URY" value="URUGUAY"/>
            <entry key="USA" value="UNITED STATES OF AMERICA"/>
            <entry key="UZB" value="UZBEKISTAN"/>
            <entry key="VAT" value="HOLY SEE (VATICAN CITY STATE)"/>
            <entry key="VCT" value="SAINT VINCENT AND THE GRENADINES"/>
            <entry key="VEN" value="VENEZUELA"/>
            <entry key="VGB" value="VIRGIN ISLANDS, BRITISH"/>
            <entry key="VIR" value="VIRGIN ISLANDS, U.S."/>
            <entry key="VNM" value="VIETNAM"/>
            <entry key="VUT" value="VANUATU"/>
            <entry key="WLF" value="WALLIS AND FUTUNA"/>
            <entry key="WSM" value="SAMOA"/>
            <entry key="XXX" value="Default Long Desc - Country"/>
            <entry key="YEM" value="YEMEN"/>
            <entry key="ZAF" value="SOUTH AFRICA"/>
            <entry key="ZMB" value="ZAMBIA"/>
            <entry key="ZWE" value="ZIMBABWE"/>
          </Map>
        </value>
      </entry>
      <entry key="environment">
        <value>
          <Map>
            <entry key="dev" value="EHdev.com"/>
            <entry key="prod" value="emblemhealth.com"/>
            <entry key="test" value="EHtest.com"/>
          </Map>
        </value>
      </entry>
      <entry key="location">
        <value>
          <Map>
            <entry key="ALBWESTERNAV" value="Albany Western Ave"/>
            <entry key="ALBWOLFROAD" value="Albany Wolf Road"/>
            <entry key="BUFFALO" value="Buffalo"/>
            <entry key="CARLSTADT" value="Primary Datacenter - New Jersey"/>
            <entry key="CONNECTICARE" value="ConnectiCare"/>
            <entry key="CORPPHARMA" value="Corporate Pharmacies"/>
            <entry key="EXTERNAL" value="Non-EmblemHealth Locations - ACP, Ameridial, Offshore, etc"/>
            <entry key="GLOBAL" value="Global / All Locations / Corporate Wide / All Datacenters"/>
            <entry key="MELVILLE" value="Melville Call Center"/>
            <entry key="NEIGHBORHOOD" value="Neighborhood Care"/>
            <entry key="OLD SLIP" value="Old Slip"/>
            <entry key="PHILADELPHIA" value="Disaster Recovery Datacenter - Philadelphia"/>
            <entry key="SYRACUSE" value="Syracuse Call Center"/>
            <entry key="TELECOMMUTER" value="Telecommuter"/>
            <entry key="WATER ST" value="Water Street"/>
          </Map>
        </value>
      </entry>
    </Map>
  </Attributes>
</Custom>