<?xml version='1.0' encoding='UTF-8'?>
<!DOCTYPE Custom PUBLIC "sailpoint.dtd" "sailpoint.dtd">
<Custom name="EH_Custom_MCS_Profile_Code">
  <Attributes>
    <Map>
      <entry key="1 - No Aceess">
        <value>
          <Map>
            <entry key="ADJ/SALVAGE" value="0"/>
            <entry key="ALGS ACCESS" value="0"/>
            <entry key="BANK RECON" value="0"/>
            <entry key="CAT/SVC CODE/PROC" value="0"/>
            <entry key="CLAIMS ENTRY" value="0"/>
            <entry key="CLAIMS SVC SYS" value="0"/>
            <entry key="GROUP CAT FILE" value="0"/>
            <entry key="GROUP MASTER BILL" value="Blank"/>
            <entry key="GROUP RESTRICT" value="0"/>
            <entry key="MAN PROC SYS" value="0"/>
            <entry key="PPO/FEE RATE" value="0"/>
            <entry key="PROV FILE" value="0"/>
            <entry key="SEC FILE" value="0"/>
            <entry key="SEC FUNCTIONS" value="0"/>
            <entry key="SUB/MEM FILE" value="0"/>
          </Map>
        </value>
      </entry>
      <entry key="10 - Employee Claims">
        <value>
          <Map>
            <entry key="ADJ/SALVAGE" value="2"/>
            <entry key="ALGS ACCESS" value="0"/>
            <entry key="BANK RECON" value="8"/>
            <entry key="CAT/SVC CODE/PROC" value="1"/>
            <entry key="CLAIMS ENTRY" value="2"/>
            <entry key="CLAIMS SVC SYS" value="1"/>
            <entry key="GROUP CAT FILE" value="1"/>
            <entry key="GROUP MASTER BILL" value="C"/>
            <entry key="GROUP RESTRICT" value="8"/>
            <entry key="MAN PROC SYS" value="6"/>
            <entry key="PPO/FEE RATE" value="1"/>
            <entry key="PROV FILE" value="1"/>
            <entry key="SEC FILE" value="0"/>
            <entry key="SEC FUNCTIONS" value="0"/>
            <entry key="SUB/MEM FILE" value="1"/>
          </Map>
        </value>
      </entry>
      <entry key="11 - Value Options">
        <value>
          <Map>
            <entry key="ADJ/SALVAGE" value="2"/>
            <entry key="ALGS ACCESS" value="0"/>
            <entry key="BANK RECON" value="0"/>
            <entry key="CAT/SVC CODE/PROC" value="1"/>
            <entry key="CLAIMS ENTRY" value="2"/>
            <entry key="CLAIMS SVC SYS" value="1"/>
            <entry key="GROUP CAT FILE" value="1"/>
            <entry key="GROUP MASTER BILL" value="Blank"/>
            <entry key="GROUP RESTRICT" value="0"/>
            <entry key="MAN PROC SYS" value="5"/>
            <entry key="PPO/FEE RATE" value="1"/>
            <entry key="PROV FILE" value="1"/>
            <entry key="SEC FILE" value="0"/>
            <entry key="SEC FUNCTIONS" value="0"/>
            <entry key="SUB/MEM FILE" value="1"/>
          </Map>
        </value>
      </entry>
      <entry key="11A - Value Options Supervisor">
        <value>
          <Map>
            <entry key="ADJ/SALVAGE" value="2"/>
            <entry key="ALGS ACCESS" value="0"/>
            <entry key="BANK RECON" value="0"/>
            <entry key="CAT/SVC CODE/PROC" value="1"/>
            <entry key="CLAIMS ENTRY" value="2"/>
            <entry key="CLAIMS SVC SYS" value="1"/>
            <entry key="GROUP CAT FILE" value="1"/>
            <entry key="GROUP MASTER BILL" value="Blank"/>
            <entry key="GROUP RESTRICT" value="0"/>
            <entry key="MAN PROC SYS" value="6"/>
            <entry key="PPO/FEE RATE" value="1"/>
            <entry key="PROV FILE" value="1"/>
            <entry key="SEC FILE" value="0"/>
            <entry key="SEC FUNCTIONS" value="0"/>
            <entry key="SUB/MEM FILE" value="1"/>
          </Map>
        </value>
      </entry>
      <entry key="12 - Recovery Unit">
        <value>
          <Map>
            <entry key="ADJ/SALVAGE" value="0"/>
            <entry key="ALGS ACCESS" value="0"/>
            <entry key="BANK RECON" value="1"/>
            <entry key="CAT/SVC CODE/PROC" value="1"/>
            <entry key="CLAIMS ENTRY" value="0"/>
            <entry key="CLAIMS SVC SYS" value="1"/>
            <entry key="GROUP CAT FILE" value="1"/>
            <entry key="GROUP MASTER BILL" value="Blank"/>
            <entry key="GROUP RESTRICT" value="0"/>
            <entry key="MAN PROC SYS" value="4"/>
            <entry key="PPO/FEE RATE" value="1"/>
            <entry key="PROV FILE" value="1"/>
            <entry key="SEC FILE" value="0"/>
            <entry key="SEC FUNCTIONS" value="0"/>
            <entry key="SUB/MEM FILE" value="1"/>
          </Map>
        </value>
      </entry>
      <entry key="13 - Membership">
        <value>
          <Map>
            <entry key="ADJ/SALVAGE" value="0"/>
            <entry key="ALGS ACCESS" value="1"/>
            <entry key="BANK RECON" value="0"/>
            <entry key="CAT/SVC CODE/PROC" value="1"/>
            <entry key="CLAIMS ENTRY" value="0"/>
            <entry key="CLAIMS SVC SYS" value="1"/>
            <entry key="GROUP CAT FILE" value="1"/>
            <entry key="GROUP MASTER BILL" value="C"/>
            <entry key="GROUP RESTRICT" value="0"/>
            <entry key="MAN PROC SYS" value="0"/>
            <entry key="PPO/FEE RATE" value="1"/>
            <entry key="PROV FILE" value="1"/>
            <entry key="SEC FILE" value="0"/>
            <entry key="SEC FUNCTIONS" value="0"/>
            <entry key="SUB/MEM FILE" value="1"/>
          </Map>
        </value>
      </entry>
      <entry key="14 - Membership (Group Admin)">
        <value>
          <Map>
            <entry key="ADJ/SALVAGE" value="0"/>
            <entry key="ALGS ACCESS" value="1"/>
            <entry key="BANK RECON" value="1"/>
            <entry key="CAT/SVC CODE/PROC" value="1"/>
            <entry key="CLAIMS ENTRY" value="0"/>
            <entry key="CLAIMS SVC SYS" value="1"/>
            <entry key="GROUP CAT FILE" value="1"/>
            <entry key="GROUP MASTER BILL" value="A"/>
            <entry key="GROUP RESTRICT" value="0"/>
            <entry key="MAN PROC SYS" value="0"/>
            <entry key="PPO/FEE RATE" value="0"/>
            <entry key="PROV FILE" value="1"/>
            <entry key="SEC FILE" value="0"/>
            <entry key="SEC FUNCTIONS" value="0"/>
            <entry key="SUB/MEM FILE" value="1"/>
          </Map>
        </value>
      </entry>
      <entry key="15 - Membership Employee Access">
        <value>
          <Map>
            <entry key="ADJ/SALVAGE" value="0"/>
            <entry key="ALGS ACCESS" value="1"/>
            <entry key="BANK RECON" value="1"/>
            <entry key="CAT/SVC CODE/PROC" value="1"/>
            <entry key="CLAIMS ENTRY" value="0"/>
            <entry key="CLAIMS SVC SYS" value="1"/>
            <entry key="GROUP CAT FILE" value="1"/>
            <entry key="GROUP MASTER BILL" value="C"/>
            <entry key="GROUP RESTRICT" value="8"/>
            <entry key="MAN PROC SYS" value="0"/>
            <entry key="PPO/FEE RATE" value="1"/>
            <entry key="PROV FILE" value="1"/>
            <entry key="SEC FILE" value="0"/>
            <entry key="SEC FUNCTIONS" value="0"/>
            <entry key="SUB/MEM FILE" value="1"/>
          </Map>
        </value>
      </entry>
      <entry key="16 - Internal Audit">
        <value>
          <Map>
            <entry key="ADJ/SALVAGE" value="0"/>
            <entry key="ALGS ACCESS" value="1"/>
            <entry key="BANK RECON" value="1"/>
            <entry key="CAT/SVC CODE/PROC" value="1"/>
            <entry key="CLAIMS ENTRY" value="0"/>
            <entry key="CLAIMS SVC SYS" value="1"/>
            <entry key="GROUP CAT FILE" value="1"/>
            <entry key="GROUP MASTER BILL" value="C"/>
            <entry key="GROUP RESTRICT" value="0"/>
            <entry key="MAN PROC SYS" value="1"/>
            <entry key="PPO/FEE RATE" value="1"/>
            <entry key="PROV FILE" value="1"/>
            <entry key="SEC FILE" value="0"/>
            <entry key="SEC FUNCTIONS" value="0"/>
            <entry key="SUB/MEM FILE" value="1"/>
          </Map>
        </value>
      </entry>
      <entry key="17 - EMC">
        <value>
          <Map>
            <entry key="ADJ/SALVAGE" value="0"/>
            <entry key="ALGS ACCESS" value="1"/>
            <entry key="BANK RECON" value="1"/>
            <entry key="CAT/SVC CODE/PROC" value="1"/>
            <entry key="CLAIMS ENTRY" value="0"/>
            <entry key="CLAIMS SVC SYS" value="1"/>
            <entry key="GROUP CAT FILE" value="1"/>
            <entry key="GROUP MASTER BILL" value="C"/>
            <entry key="GROUP RESTRICT" value="X"/>
            <entry key="MAN PROC SYS" value="1"/>
            <entry key="PPO/FEE RATE" value="1"/>
            <entry key="PROV FILE" value="1"/>
            <entry key="SEC FILE" value="0"/>
            <entry key="SEC FUNCTIONS" value="0"/>
            <entry key="SUB/MEM FILE" value="1"/>
          </Map>
        </value>
      </entry>
      <entry key="18 - Info Security Administrator">
        <value>
          <Map>
            <entry key="ADJ/SALVAGE" value="0"/>
            <entry key="ALGS ACCESS" value="0"/>
            <entry key="BANK RECON" value="0"/>
            <entry key="CAT/SVC CODE/PROC" value="0"/>
            <entry key="CLAIMS ENTRY" value="0"/>
            <entry key="CLAIMS SVC SYS" value="0"/>
            <entry key="GROUP CAT FILE" value="0"/>
            <entry key="GROUP MASTER BILL" value="0"/>
            <entry key="GROUP RESTRICT" value="0"/>
            <entry key="MAN PROC SYS" value="0"/>
            <entry key="PPO/FEE RATE" value="0"/>
            <entry key="PROV FILE" value="0"/>
            <entry key="SEC FILE" value="2"/>
            <entry key="SEC FUNCTIONS" value="0"/>
            <entry key="SUB/MEM FILE" value="0"/>
          </Map>
        </value>
      </entry>
      <entry key="19 - Provider Supervisor">
        <value>
          <Map>
            <entry key="ADJ/SALVAGE" value="0"/>
            <entry key="ALGS ACCESS" value="0"/>
            <entry key="BANK RECON" value="0"/>
            <entry key="CAT/SVC CODE/PROC" value="1"/>
            <entry key="CLAIMS ENTRY" value="0"/>
            <entry key="CLAIMS SVC SYS" value="1"/>
            <entry key="GROUP CAT FILE" value="0"/>
            <entry key="GROUP MASTER BILL" value="C"/>
            <entry key="GROUP RESTRICT" value="0"/>
            <entry key="MAN PROC SYS" value="0"/>
            <entry key="PPO/FEE RATE" value="1"/>
            <entry key="PROV FILE" value="2"/>
            <entry key="SEC FILE" value="0"/>
            <entry key="SEC FUNCTIONS" value="0"/>
            <entry key="SUB/MEM FILE" value="0"/>
          </Map>
        </value>
      </entry>
      <entry key="2 - View Only">
        <value>
          <Map>
            <entry key="ADJ/SALVAGE" value="0"/>
            <entry key="ALGS ACCESS" value="0"/>
            <entry key="BANK RECON" value="1"/>
            <entry key="CAT/SVC CODE/PROC" value="1"/>
            <entry key="CLAIMS ENTRY" value="0"/>
            <entry key="CLAIMS SVC SYS" value="1"/>
            <entry key="GROUP CAT FILE" value="1"/>
            <entry key="GROUP MASTER BILL" value="C"/>
            <entry key="GROUP RESTRICT" value="0"/>
            <entry key="MAN PROC SYS" value="0"/>
            <entry key="PPO/FEE RATE" value="1"/>
            <entry key="PROV FILE" value="1"/>
            <entry key="SEC FILE" value="0"/>
            <entry key="SEC FUNCTIONS" value="0"/>
            <entry key="SUB/MEM FILE" value="1"/>
          </Map>
        </value>
      </entry>
      <entry key="20 - Account Service">
        <value>
          <Map>
            <entry key="ADJ/SALVAGE" value="2"/>
            <entry key="ALGS ACCESS" value="1"/>
            <entry key="BANK RECON" value="0"/>
            <entry key="CAT/SVC CODE/PROC" value="1"/>
            <entry key="CLAIMS ENTRY" value="2"/>
            <entry key="CLAIMS SVC SYS" value="1"/>
            <entry key="GROUP CAT FILE" value="1"/>
            <entry key="GROUP MASTER BILL" value="C"/>
            <entry key="GROUP RESTRICT" value="0"/>
            <entry key="MAN PROC SYS" value="4"/>
            <entry key="PPO/FEE RATE" value="1"/>
            <entry key="PROV FILE" value="1"/>
            <entry key="SEC FILE" value="0"/>
            <entry key="SEC FUNCTIONS" value="0"/>
            <entry key="SUB/MEM FILE" value="1"/>
          </Map>
        </value>
      </entry>
      <entry key="21 - Provider Ops Clerk">
        <value>
          <Map>
            <entry key="ADJ/SALVAGE" value="0"/>
            <entry key="ALGS ACCESS" value="0"/>
            <entry key="BANK RECON" value="0"/>
            <entry key="CAT/SVC CODE/PROC" value="1"/>
            <entry key="CLAIMS ENTRY" value="0"/>
            <entry key="CLAIMS SVC SYS" value="1"/>
            <entry key="GROUP CAT FILE" value="1"/>
            <entry key="GROUP MASTER BILL" value="Blank"/>
            <entry key="GROUP RESTRICT" value="0"/>
            <entry key="MAN PROC SYS" value="1"/>
            <entry key="PPO/FEE RATE" value="1"/>
            <entry key="PROV FILE" value="1"/>
            <entry key="SEC FILE" value="0"/>
            <entry key="SEC FUNCTIONS" value="0"/>
            <entry key="SUB/MEM FILE" value="0"/>
          </Map>
        </value>
      </entry>
      <entry key="22 - COB Analyst">
        <value>
          <Map>
            <entry key="ADJ/SALVAGE" value="0"/>
            <entry key="ALGS ACCESS" value="1"/>
            <entry key="BANK RECON" value="1"/>
            <entry key="CAT/SVC CODE/PROC" value="1"/>
            <entry key="CLAIMS ENTRY" value="0"/>
            <entry key="CLAIMS SVC SYS" value="1"/>
            <entry key="GROUP CAT FILE" value="1"/>
            <entry key="GROUP MASTER BILL" value="C"/>
            <entry key="GROUP RESTRICT" value="0"/>
            <entry key="MAN PROC SYS" value="0"/>
            <entry key="PPO/FEE RATE" value="1"/>
            <entry key="PROV FILE" value="1"/>
            <entry key="SEC FILE" value="0"/>
            <entry key="SEC FUNCTIONS" value="0"/>
            <entry key="SUB/MEM FILE" value="1"/>
          </Map>
        </value>
      </entry>
      <entry key="23 - Business Transformation">
        <value>
          <Map>
            <entry key="ADJ/SALVAGE" value="0"/>
            <entry key="ALGS ACCESS" value="1"/>
            <entry key="BANK RECON" value="1"/>
            <entry key="CAT/SVC CODE/PROC" value="1"/>
            <entry key="CLAIMS ENTRY" value="2"/>
            <entry key="CLAIMS SVC SYS" value="2"/>
            <entry key="GROUP CAT FILE" value="1"/>
            <entry key="GROUP MASTER BILL" value="C"/>
            <entry key="GROUP RESTRICT" value="0"/>
            <entry key="MAN PROC SYS" value="1"/>
            <entry key="PPO/FEE RATE" value="1"/>
            <entry key="PROV FILE" value="1"/>
            <entry key="SEC FILE" value="0"/>
            <entry key="SEC FUNCTIONS" value="0"/>
            <entry key="SUB/MEM FILE" value="1"/>
          </Map>
        </value>
      </entry>
      <entry key="3 - Team Lead">
        <value>
          <Map>
            <entry key="ADJ/SALVAGE" value="2"/>
            <entry key="ALGS ACCESS" value="1"/>
            <entry key="BANK RECON" value="1"/>
            <entry key="CAT/SVC CODE/PROC" value="1"/>
            <entry key="CLAIMS ENTRY" value="2"/>
            <entry key="CLAIMS SVC SYS" value="2"/>
            <entry key="GROUP CAT FILE" value="1"/>
            <entry key="GROUP MASTER BILL" value="C"/>
            <entry key="GROUP RESTRICT" value="0"/>
            <entry key="MAN PROC SYS" value="6"/>
            <entry key="PPO/FEE RATE" value="1"/>
            <entry key="PROV FILE" value="1"/>
            <entry key="SEC FILE" value="0"/>
            <entry key="SEC FUNCTIONS" value="0"/>
            <entry key="SUB/MEM FILE" value="1"/>
          </Map>
        </value>
      </entry>
      <entry key="5 - Operations Processor (Approver/Rep)">
        <value>
          <Map>
            <entry key="ADJ/SALVAGE" value="2"/>
            <entry key="ALGS ACCESS" value="1"/>
            <entry key="BANK RECON" value="0"/>
            <entry key="CAT/SVC CODE/PROC" value="1"/>
            <entry key="CLAIMS ENTRY" value="2"/>
            <entry key="CLAIMS SVC SYS" value="1"/>
            <entry key="GROUP CAT FILE" value="1"/>
            <entry key="GROUP MASTER BILL" value="Blank"/>
            <entry key="GROUP RESTRICT" value="0"/>
            <entry key="MAN PROC SYS" value="4"/>
            <entry key="PPO/FEE RATE" value="1"/>
            <entry key="PROV FILE" value="1"/>
            <entry key="SEC FILE" value="0"/>
            <entry key="SEC FUNCTIONS" value="0"/>
            <entry key="SUB/MEM FILE" value="1"/>
          </Map>
        </value>
      </entry>
      <entry key="5A - Operations Processor (Approver/Rep)">
        <value>
          <Map>
            <entry key="ADJ/SALVAGE" value="2"/>
            <entry key="ALGS ACCESS" value="1"/>
            <entry key="BANK RECON" value="1"/>
            <entry key="CAT/SVC CODE/PROC" value="1"/>
            <entry key="CLAIMS ENTRY" value="2"/>
            <entry key="CLAIMS SVC SYS" value="2"/>
            <entry key="GROUP CAT FILE" value="1"/>
            <entry key="GROUP MASTER BILL" value="Blank"/>
            <entry key="GROUP RESTRICT" value="0"/>
            <entry key="MAN PROC SYS" value="4"/>
            <entry key="PPO/FEE RATE" value="1"/>
            <entry key="PROV FILE" value="1"/>
            <entry key="SEC FILE" value="0"/>
            <entry key="SEC FUNCTIONS" value="0"/>
            <entry key="SUB/MEM FILE" value="1"/>
          </Map>
        </value>
      </entry>
      <entry key="6 - Operations Clerk">
        <value>
          <Map>
            <entry key="ADJ/SALVAGE" value="0"/>
            <entry key="ALGS ACCESS" value="1"/>
            <entry key="BANK RECON" value="0"/>
            <entry key="CAT/SVC CODE/PROC" value="1"/>
            <entry key="CLAIMS ENTRY" value="0"/>
            <entry key="CLAIMS SVC SYS" value="1"/>
            <entry key="GROUP CAT FILE" value="1"/>
            <entry key="GROUP MASTER BILL" value="Blank"/>
            <entry key="GROUP RESTRICT" value="0"/>
            <entry key="MAN PROC SYS" value="1"/>
            <entry key="PPO/FEE RATE" value="1"/>
            <entry key="PROV FILE" value="1"/>
            <entry key="SEC FILE" value="0"/>
            <entry key="SEC FUNCTIONS" value="0"/>
            <entry key="SUB/MEM FILE" value="1"/>
          </Map>
        </value>
      </entry>
      <entry key="6A - Operations Clerk">
        <value>
          <Map>
            <entry key="ADJ/SALVAGE" value="0"/>
            <entry key="ALGS ACCESS" value="0"/>
            <entry key="BANK RECON" value="2"/>
            <entry key="CAT/SVC CODE/PROC" value="1"/>
            <entry key="CLAIMS ENTRY" value="0"/>
            <entry key="CLAIMS SVC SYS" value="1"/>
            <entry key="GROUP CAT FILE" value="1"/>
            <entry key="GROUP MASTER BILL" value="Blank"/>
            <entry key="GROUP RESTRICT" value="0"/>
            <entry key="MAN PROC SYS" value="1"/>
            <entry key="PPO/FEE RATE" value="1"/>
            <entry key="PROV FILE" value="1"/>
            <entry key="SEC FILE" value="0"/>
            <entry key="SEC FUNCTIONS" value="0"/>
            <entry key="SUB/MEM FILE" value="1"/>
          </Map>
        </value>
      </entry>
      <entry key="6B - Operations Supervisor (CXAA)">
        <value>
          <Map>
            <entry key="ADJ/SALVAGE" value="2"/>
            <entry key="ALGS ACCESS" value="1"/>
            <entry key="BANK RECON" value="8"/>
            <entry key="CAT/SVC CODE/PROC" value="1"/>
            <entry key="CLAIMS ENTRY" value="2"/>
            <entry key="CLAIMS SVC SYS" value="1"/>
            <entry key="GROUP CAT FILE" value="1"/>
            <entry key="GROUP MASTER BILL" value="C"/>
            <entry key="GROUP RESTRICT" value="0"/>
            <entry key="MAN PROC SYS" value="6"/>
            <entry key="PPO/FEE RATE" value="1"/>
            <entry key="PROV FILE" value="1"/>
            <entry key="SEC FILE" value="0"/>
            <entry key="SEC FUNCTIONS" value="0"/>
            <entry key="SUB/MEM FILE" value="1"/>
          </Map>
        </value>
      </entry>
      <entry key="6C - Operations (Bank Recon Adjustments)">
        <value>
          <Map>
            <entry key="ADJ/SALVAGE" value="0"/>
            <entry key="ALGS ACCESS" value="0"/>
            <entry key="BANK RECON" value="2"/>
            <entry key="CAT/SVC CODE/PROC" value="1"/>
            <entry key="CLAIMS ENTRY" value="0"/>
            <entry key="CLAIMS SVC SYS" value="1"/>
            <entry key="GROUP CAT FILE" value="1"/>
            <entry key="GROUP MASTER BILL" value="Blank"/>
            <entry key="GROUP RESTRICT" value="0"/>
            <entry key="MAN PROC SYS" value="5"/>
            <entry key="PPO/FEE RATE" value="1"/>
            <entry key="PROV FILE" value="1"/>
            <entry key="SEC FILE" value="0"/>
            <entry key="SEC FUNCTIONS" value="0"/>
            <entry key="SUB/MEM FILE" value="1"/>
          </Map>
        </value>
      </entry>
      <entry key="7A - BTS Testing Group">
        <value>
          <Map>
            <entry key="ADJ/SALVAGE" value="0"/>
            <entry key="ALGS ACCESS" value="0"/>
            <entry key="BANK RECON" value="0"/>
            <entry key="CAT/SVC CODE/PROC" value="1"/>
            <entry key="CLAIMS ENTRY" value="0"/>
            <entry key="CLAIMS SVC SYS" value="1"/>
            <entry key="GROUP CAT FILE" value="1"/>
            <entry key="GROUP MASTER BILL" value="C"/>
            <entry key="GROUP RESTRICT" value="0"/>
            <entry key="MAN PROC SYS" value="0"/>
            <entry key="PPO/FEE RATE" value="1"/>
            <entry key="PROV FILE" value="1"/>
            <entry key="SEC FILE" value="0"/>
            <entry key="SEC FUNCTIONS" value="0"/>
            <entry key="SUB/MEM FILE" value="1"/>
          </Map>
        </value>
      </entry>
      <entry key="7B - BTS Rates Team">
        <value>
          <Map>
            <entry key="ADJ/SALVAGE" value="0"/>
            <entry key="ALGS ACCESS" value="0"/>
            <entry key="BANK RECON" value="0"/>
            <entry key="CAT/SVC CODE/PROC" value="9"/>
            <entry key="CLAIMS ENTRY" value="0"/>
            <entry key="CLAIMS SVC SYS" value="1"/>
            <entry key="GROUP CAT FILE" value="9"/>
            <entry key="GROUP MASTER BILL" value="C"/>
            <entry key="GROUP RESTRICT" value="0"/>
            <entry key="MAN PROC SYS" value="2"/>
            <entry key="PPO/FEE RATE" value="9"/>
            <entry key="PROV FILE" value="1"/>
            <entry key="SEC FILE" value="0"/>
            <entry key="SEC FUNCTIONS" value="0"/>
            <entry key="SUB/MEM FILE" value="1"/>
          </Map>
        </value>
      </entry>
      <entry key="7C - BTS Benefits Team">
        <value>
          <Map>
            <entry key="ADJ/SALVAGE" value="0"/>
            <entry key="ALGS ACCESS" value="0"/>
            <entry key="BANK RECON" value="0"/>
            <entry key="CAT/SVC CODE/PROC" value="9"/>
            <entry key="CLAIMS ENTRY" value="0"/>
            <entry key="CLAIMS SVC SYS" value="1"/>
            <entry key="GROUP CAT FILE" value="9"/>
            <entry key="GROUP MASTER BILL" value="C"/>
            <entry key="GROUP RESTRICT" value="0"/>
            <entry key="MAN PROC SYS" value="0"/>
            <entry key="PPO/FEE RATE" value="1"/>
            <entry key="PROV FILE" value="1"/>
            <entry key="SEC FILE" value="0"/>
            <entry key="SEC FUNCTIONS" value="0"/>
            <entry key="SUB/MEM FILE" value="1"/>
          </Map>
        </value>
      </entry>
      <entry key="7D - BTS Dental Group">
        <value>
          <Map>
            <entry key="ADJ/SALVAGE" value="0"/>
            <entry key="ALGS ACCESS" value="0"/>
            <entry key="BANK RECON" value="0"/>
            <entry key="CAT/SVC CODE/PROC" value="2"/>
            <entry key="CLAIMS ENTRY" value="0"/>
            <entry key="CLAIMS SVC SYS" value="1"/>
            <entry key="GROUP CAT FILE" value="9"/>
            <entry key="GROUP MASTER BILL" value="C"/>
            <entry key="GROUP RESTRICT" value="5"/>
            <entry key="MAN PROC SYS" value="0"/>
            <entry key="PPO/FEE RATE" value="1"/>
            <entry key="PROV FILE" value="1"/>
            <entry key="SEC FILE" value="0"/>
            <entry key="SEC FUNCTIONS" value="0"/>
            <entry key="SUB/MEM FILE" value="1"/>
          </Map>
        </value>
      </entry>
      <entry key="8 - Trainer">
        <value>
          <Map>
            <entry key="ADJ/SALVAGE" value="2"/>
            <entry key="ALGS ACCESS" value="1"/>
            <entry key="BANK RECON" value="0"/>
            <entry key="CAT/SVC CODE/PROC" value="1"/>
            <entry key="CLAIMS ENTRY" value="1"/>
            <entry key="CLAIMS SVC SYS" value="1"/>
            <entry key="GROUP CAT FILE" value="1"/>
            <entry key="GROUP MASTER BILL" value="C"/>
            <entry key="GROUP RESTRICT" value="0"/>
            <entry key="MAN PROC SYS" value="5"/>
            <entry key="PPO/FEE RATE" value="1"/>
            <entry key="PROV FILE" value="1"/>
            <entry key="SEC FILE" value="0"/>
            <entry key="SEC FUNCTIONS" value="0"/>
            <entry key="SUB/MEM FILE" value="1"/>
          </Map>
        </value>
      </entry>
      <entry key="9 - Finance">
        <value>
          <Map>
            <entry key="ADJ/SALVAGE" value="0"/>
            <entry key="ALGS ACCESS" value="0"/>
            <entry key="BANK RECON" value="2"/>
            <entry key="CAT/SVC CODE/PROC" value="1"/>
            <entry key="CLAIMS ENTRY" value="0"/>
            <entry key="CLAIMS SVC SYS" value="1"/>
            <entry key="GROUP CAT FILE" value="1"/>
            <entry key="GROUP MASTER BILL" value="C"/>
            <entry key="GROUP RESTRICT" value="0"/>
            <entry key="MAN PROC SYS" value="0"/>
            <entry key="PPO/FEE RATE" value="1"/>
            <entry key="PROV FILE" value="1"/>
            <entry key="SEC FILE" value="0"/>
            <entry key="SEC FUNCTIONS" value="0"/>
            <entry key="SUB/MEM FILE" value="1"/>
          </Map>
        </value>
      </entry>
      <entry key="9A - Finance">
        <value>
          <Map>
            <entry key="ADJ/SALVAGE" value="1"/>
            <entry key="ALGS ACCESS" value="0"/>
            <entry key="BANK RECON" value="2"/>
            <entry key="CAT/SVC CODE/PROC" value="1"/>
            <entry key="CLAIMS ENTRY" value="0"/>
            <entry key="CLAIMS SVC SYS" value="1"/>
            <entry key="GROUP CAT FILE" value="1"/>
            <entry key="GROUP MASTER BILL" value="C"/>
            <entry key="GROUP RESTRICT" value="0"/>
            <entry key="MAN PROC SYS" value="5"/>
            <entry key="PPO/FEE RATE" value="1"/>
            <entry key="PROV FILE" value="1"/>
            <entry key="SEC FILE" value="0"/>
            <entry key="SEC FUNCTIONS" value="0"/>
            <entry key="SUB/MEM FILE" value="1"/>
          </Map>
        </value>
      </entry>
      <entry key="9B - Finance/Employee Claims Bank Recon">
        <value>
          <Map>
            <entry key="ADJ/SALVAGE" value="0"/>
            <entry key="ALGS ACCESS" value="0"/>
            <entry key="BANK RECON" value="8"/>
            <entry key="CAT/SVC CODE/PROC" value="1"/>
            <entry key="CLAIMS ENTRY" value="0"/>
            <entry key="CLAIMS SVC SYS" value="1"/>
            <entry key="GROUP CAT FILE" value="1"/>
            <entry key="GROUP MASTER BILL" value="C"/>
            <entry key="GROUP RESTRICT" value="8"/>
            <entry key="MAN PROC SYS" value="5"/>
            <entry key="PPO/FEE RATE" value="1"/>
            <entry key="PROV FILE" value="1"/>
            <entry key="SEC FILE" value="0"/>
            <entry key="SEC FUNCTIONS" value="0"/>
            <entry key="SUB/MEM FILE" value="1"/>
          </Map>
        </value>
      </entry>
    </Map>
  </Attributes>
</Custom>