<?xml version='1.0' encoding='UTF-8'?>
<!DOCTYPE Custom PUBLIC "sailpoint.dtd" "sailpoint.dtd">
<Custom name="EH_Custom_HCS_Profile_Code">
  <Attributes>
    <Map>
      <entry key="Approver Trainee">
        <value>
          <Map>
            <entry key="ALGS" value="Y"/>
            <entry key="Adjustment RQ" value="Blank"/>
            <entry key="Auto Susp Rlse RQ" value="Blank"/>
            <entry key="Batch Control" value="Blank"/>
            <entry key="Ben Max Diag" value="I"/>
            <entry key="Claim Entry" value="S"/>
            <entry key="Contract Inquiry" value="I"/>
            <entry key="Delete Claim" value="Blank"/>
            <entry key="Denial Msg Code" value="I"/>
            <entry key="Dollar Level" value="1"/>
            <entry key="Group Access" value="E"/>
            <entry key="Grp/CAT Sec" value="I"/>
            <entry key="HIP Service Menu" value="Blank"/>
            <entry key="His/Salv/Ded Inq" value="I"/>
            <entry key="Kick Out Code" value="I"/>
            <entry key="Location Status" value="I"/>
            <entry key="Managed Care" value="I"/>
            <entry key="Manual Pricing" value="S"/>
            <entry key="Mass Adj Req" value="Blank"/>
            <entry key="Patient/Ded Update" value="I"/>
            <entry key="Personnel File Upd" value="Blank"/>
            <entry key="Physician ID" value="I"/>
            <entry key="Provider/Pricing" value="I"/>
            <entry key="Reopen Denial" value="Blank"/>
            <entry key="Revenue Code" value="I"/>
            <entry key="Salvage Correction" value="S"/>
            <entry key="Service Inquiry" value="I"/>
            <entry key="Settled Claim RQ" value="Blank"/>
            <entry key="Subscriber Inq/Upd" value="I"/>
            <entry key="Type of Group" value="9"/>
            <entry key="U/R Screen" value="I"/>
            <entry key="Unit/Oper Assign" value="Blank"/>
          </Map>
        </value>
      </entry>
      <entry key="BTS Contract Files Unit">
        <value>
          <Map>
            <entry key="ALGS" value="I"/>
            <entry key="Adjustment RQ" value="Blank"/>
            <entry key="Auto Susp Rlse RQ" value="Blank"/>
            <entry key="Batch Control" value="Blank"/>
            <entry key="Ben Max Diag" value="S"/>
            <entry key="Claim Entry" value="Blank"/>
            <entry key="Contract Inquiry" value="S"/>
            <entry key="Delete Claim" value="Blank"/>
            <entry key="Denial Msg Code" value="S"/>
            <entry key="Dollar Level" value="1"/>
            <entry key="Group Access" value="E"/>
            <entry key="Grp/CAT Sec" value="S"/>
            <entry key="HIP Service Menu" value="Blank"/>
            <entry key="His/Salv/Ded Inq" value="I"/>
            <entry key="Kick Out Code" value="S"/>
            <entry key="Location Status" value="S"/>
            <entry key="Managed Care" value="I"/>
            <entry key="Manual Pricing" value="Blank"/>
            <entry key="Mass Adj Req" value="I"/>
            <entry key="Patient/Ded Update" value="Blank"/>
            <entry key="Personnel File Upd" value="Blank"/>
            <entry key="Physician ID" value="I"/>
            <entry key="Provider/Pricing" value="I"/>
            <entry key="Reopen Denial" value="Blank"/>
            <entry key="Revenue Code" value="S"/>
            <entry key="Salvage Correction" value="Blank"/>
            <entry key="Service Inquiry" value="Blank"/>
            <entry key="Settled Claim RQ" value="Blank"/>
            <entry key="Subscriber Inq/Upd" value="I"/>
            <entry key="Type of Group" value="9"/>
            <entry key="U/R Screen" value="I"/>
            <entry key="Unit/Oper Assign" value="Blank"/>
          </Map>
        </value>
      </entry>
      <entry key="BTS Rates Benefits Unit">
        <value>
          <Map>
            <entry key="ALGS" value="I"/>
            <entry key="Adjustment RQ" value="Blank"/>
            <entry key="Auto Susp Rlse RQ" value="Blank"/>
            <entry key="Batch Control" value="Blank"/>
            <entry key="Ben Max Diag" value="I"/>
            <entry key="Claim Entry" value="Blank"/>
            <entry key="Contract Inquiry" value="S"/>
            <entry key="Delete Claim" value="Blank"/>
            <entry key="Denial Msg Code" value="I"/>
            <entry key="Dollar Level" value="1"/>
            <entry key="Group Access" value="E"/>
            <entry key="Grp/CAT Sec" value="I"/>
            <entry key="HIP Service Menu" value="Blank"/>
            <entry key="His/Salv/Ded Inq" value="I"/>
            <entry key="Kick Out Code" value="I"/>
            <entry key="Location Status" value="S"/>
            <entry key="Managed Care" value="I"/>
            <entry key="Manual Pricing" value="Blank"/>
            <entry key="Mass Adj Req" value="S"/>
            <entry key="Patient/Ded Update" value="Blank"/>
            <entry key="Personnel File Upd" value="Blank"/>
            <entry key="Physician ID" value="I"/>
            <entry key="Provider/Pricing" value="S"/>
            <entry key="Reopen Denial" value="Blank"/>
            <entry key="Revenue Code" value="S"/>
            <entry key="Salvage Correction" value="Blank"/>
            <entry key="Service Inquiry" value="Blank"/>
            <entry key="Settled Claim RQ" value="Blank"/>
            <entry key="Subscriber Inq/Upd" value="I"/>
            <entry key="Type of Group" value="9"/>
            <entry key="U/R Screen" value="I"/>
            <entry key="Unit/Oper Assign" value="Blank"/>
          </Map>
        </value>
      </entry>
      <entry key="BTS UAT Unit">
        <value>
          <Map>
            <entry key="ALGS" value="Y"/>
            <entry key="Adjustment RQ" value="Blank"/>
            <entry key="Auto Susp Rlse RQ" value="Blank"/>
            <entry key="Batch Control" value="Blank"/>
            <entry key="Ben Max Diag" value="I"/>
            <entry key="Claim Entry" value="Blank"/>
            <entry key="Contract Inquiry" value="S"/>
            <entry key="Delete Claim" value="Blank"/>
            <entry key="Denial Msg Code" value="I"/>
            <entry key="Dollar Level" value="1"/>
            <entry key="Group Access" value="E"/>
            <entry key="Grp/CAT Sec" value="I"/>
            <entry key="HIP Service Menu" value="Blank"/>
            <entry key="His/Salv/Ded Inq" value="I"/>
            <entry key="Kick Out Code" value="I"/>
            <entry key="Location Status" value="I"/>
            <entry key="Managed Care" value="I"/>
            <entry key="Manual Pricing" value="Blank"/>
            <entry key="Mass Adj Req" value="Blank"/>
            <entry key="Patient/Ded Update" value="Blank"/>
            <entry key="Personnel File Upd" value="Blank"/>
            <entry key="Physician ID" value="S"/>
            <entry key="Provider/Pricing" value="I"/>
            <entry key="Reopen Denial" value="Blank"/>
            <entry key="Revenue Code" value="I"/>
            <entry key="Salvage Correction" value="Blank"/>
            <entry key="Service Inquiry" value="Blank"/>
            <entry key="Settled Claim RQ" value="Blank"/>
            <entry key="Subscriber Inq/Upd" value="I"/>
            <entry key="Type of Group" value="9"/>
            <entry key="U/R Screen" value="I"/>
            <entry key="Unit/Oper Assign" value="Blank"/>
          </Map>
        </value>
      </entry>
      <entry key="Basic Inquiry">
        <value>
          <Map>
            <entry key="ALGS" value="I"/>
            <entry key="Adjustment RQ" value="Blank"/>
            <entry key="Auto Susp Rlse RQ" value="Blank"/>
            <entry key="Batch Control" value="Blank"/>
            <entry key="Ben Max Diag" value="I"/>
            <entry key="Claim Entry" value="I"/>
            <entry key="Contract Inquiry" value="I"/>
            <entry key="Delete Claim" value="Blank"/>
            <entry key="Denial Msg Code" value="I"/>
            <entry key="Dollar Level" value="1"/>
            <entry key="Group Access" value="E"/>
            <entry key="Grp/CAT Sec" value="I"/>
            <entry key="HIP Service Menu" value="Blank"/>
            <entry key="His/Salv/Ded Inq" value="I"/>
            <entry key="Kick Out Code" value="I"/>
            <entry key="Location Status" value="I"/>
            <entry key="Managed Care" value="I"/>
            <entry key="Manual Pricing" value="Blank"/>
            <entry key="Mass Adj Req" value="Blank"/>
            <entry key="Patient/Ded Update" value="I"/>
            <entry key="Personnel File Upd" value="Blank"/>
            <entry key="Physician ID" value="I"/>
            <entry key="Provider/Pricing" value="I"/>
            <entry key="Reopen Denial" value="Blank"/>
            <entry key="Revenue Code" value="I"/>
            <entry key="Salvage Correction" value="Blank"/>
            <entry key="Service Inquiry" value="I"/>
            <entry key="Settled Claim RQ" value="Blank"/>
            <entry key="Subscriber Inq/Upd" value="I"/>
            <entry key="Type of Group" value="9"/>
            <entry key="U/R Screen" value="I"/>
            <entry key="Unit/Oper Assign" value="Blank"/>
          </Map>
        </value>
      </entry>
      <entry key="Basic Inquiry with Employee Claims Access">
        <value>
          <Map>
            <entry key="ALGS" value="I"/>
            <entry key="Adjustment RQ" value="Blank"/>
            <entry key="Auto Susp Rlse RQ" value="Blank"/>
            <entry key="Batch Control" value="Blank"/>
            <entry key="Ben Max Diag" value="I"/>
            <entry key="Claim Entry" value="I"/>
            <entry key="Contract Inquiry" value="I"/>
            <entry key="Delete Claim" value="Blank"/>
            <entry key="Denial Msg Code" value="I"/>
            <entry key="Dollar Level" value="1"/>
            <entry key="Group Access" value="E"/>
            <entry key="Grp/CAT Sec" value="I"/>
            <entry key="HIP Service Menu" value="Blank"/>
            <entry key="His/Salv/Ded Inq" value="I"/>
            <entry key="Kick Out Code" value="I"/>
            <entry key="Location Status" value="I"/>
            <entry key="Managed Care" value="I"/>
            <entry key="Manual Pricing" value="Blank"/>
            <entry key="Mass Adj Req" value="Blank"/>
            <entry key="Patient/Ded Update" value="I"/>
            <entry key="Personnel File Upd" value="Blank"/>
            <entry key="Physician ID" value="I"/>
            <entry key="Provider/Pricing" value="I"/>
            <entry key="Reopen Denial" value="Blank"/>
            <entry key="Revenue Code" value="I"/>
            <entry key="Salvage Correction" value="Blank"/>
            <entry key="Service Inquiry" value="I"/>
            <entry key="Settled Claim RQ" value="Blank"/>
            <entry key="Subscriber Inq/Upd" value="I"/>
            <entry key="Type of Group" value="8"/>
            <entry key="U/R Screen" value="I"/>
            <entry key="Unit/Oper Assign" value="Blank"/>
          </Map>
        </value>
      </entry>
      <entry key="Basic Inquiry with Service Inquiry Access">
        <value>
          <Map>
            <entry key="ALGS" value="I"/>
            <entry key="Adjustment RQ" value="Blank"/>
            <entry key="Auto Susp Rlse RQ" value="Blank"/>
            <entry key="Batch Control" value="Blank"/>
            <entry key="Ben Max Diag" value="I"/>
            <entry key="Claim Entry" value="I"/>
            <entry key="Contract Inquiry" value="I"/>
            <entry key="Delete Claim" value="Blank"/>
            <entry key="Denial Msg Code" value="I"/>
            <entry key="Dollar Level" value="1"/>
            <entry key="Group Access" value="E"/>
            <entry key="Grp/CAT Sec" value="I"/>
            <entry key="HIP Service Menu" value="Blank"/>
            <entry key="His/Salv/Ded Inq" value="I"/>
            <entry key="Kick Out Code" value="I"/>
            <entry key="Location Status" value="I"/>
            <entry key="Managed Care" value="I"/>
            <entry key="Manual Pricing" value="Blank"/>
            <entry key="Mass Adj Req" value="Blank"/>
            <entry key="Patient/Ded Update" value="I"/>
            <entry key="Personnel File Upd" value="Blank"/>
            <entry key="Physician ID" value="I"/>
            <entry key="Provider/Pricing" value="I"/>
            <entry key="Reopen Denial" value="Blank"/>
            <entry key="Revenue Code" value="I"/>
            <entry key="Salvage Correction" value="Blank"/>
            <entry key="Service Inquiry" value="Y"/>
            <entry key="Settled Claim RQ" value="Blank"/>
            <entry key="Subscriber Inq/Upd" value="I"/>
            <entry key="Type of Group" value="9"/>
            <entry key="U/R Screen" value="I"/>
            <entry key="Unit/Oper Assign" value="Blank"/>
          </Map>
        </value>
      </entry>
      <entry key="COB">
        <value>
          <Map>
            <entry key="ALGS" value="Y"/>
            <entry key="Adjustment RQ" value="Blank"/>
            <entry key="Auto Susp Rlse RQ" value="Blank"/>
            <entry key="Batch Control" value="Blank"/>
            <entry key="Ben Max Diag" value="I"/>
            <entry key="Claim Entry" value="I"/>
            <entry key="Contract Inquiry" value="I"/>
            <entry key="Delete Claim" value="Blank"/>
            <entry key="Denial Msg Code" value="I"/>
            <entry key="Dollar Level" value="1"/>
            <entry key="Group Access" value="E"/>
            <entry key="Grp/CAT Sec" value="Blank"/>
            <entry key="HIP Service Menu" value="Blank"/>
            <entry key="His/Salv/Ded Inq" value="I"/>
            <entry key="Kick Out Code" value="I"/>
            <entry key="Location Status" value="Blank"/>
            <entry key="Managed Care" value="I"/>
            <entry key="Manual Pricing" value="Blank"/>
            <entry key="Mass Adj Req" value="Blank"/>
            <entry key="Patient/Ded Update" value="I"/>
            <entry key="Personnel File Upd" value="Blank"/>
            <entry key="Physician ID" value="I"/>
            <entry key="Provider/Pricing" value="I"/>
            <entry key="Reopen Denial" value="Blank"/>
            <entry key="Revenue Code" value="Blank"/>
            <entry key="Salvage Correction" value="Blank"/>
            <entry key="Service Inquiry" value="I"/>
            <entry key="Settled Claim RQ" value="Blank"/>
            <entry key="Subscriber Inq/Upd" value="S"/>
            <entry key="Type of Group" value="9"/>
            <entry key="U/R Screen" value="I"/>
            <entry key="Unit/Oper Assign" value="Blank"/>
          </Map>
        </value>
      </entry>
      <entry key="Employee Claims">
        <value>
          <Map>
            <entry key="ALGS" value="Y"/>
            <entry key="Adjustment RQ" value="S"/>
            <entry key="Auto Susp Rlse RQ" value="Blank"/>
            <entry key="Batch Control" value="I"/>
            <entry key="Ben Max Diag" value="I"/>
            <entry key="Claim Entry" value="S"/>
            <entry key="Contract Inquiry" value="I"/>
            <entry key="Delete Claim" value="S"/>
            <entry key="Denial Msg Code" value="I"/>
            <entry key="Dollar Level" value="7"/>
            <entry key="Group Access" value="E"/>
            <entry key="Grp/CAT Sec" value="Blank"/>
            <entry key="HIP Service Menu" value="Blank"/>
            <entry key="His/Salv/Ded Inq" value="Y"/>
            <entry key="Kick Out Code" value="I"/>
            <entry key="Location Status" value="I"/>
            <entry key="Managed Care" value="Y"/>
            <entry key="Manual Pricing" value="S"/>
            <entry key="Mass Adj Req" value="Blank"/>
            <entry key="Patient/Ded Update" value="Blank"/>
            <entry key="Personnel File Upd" value="Blank"/>
            <entry key="Physician ID" value="I"/>
            <entry key="Provider/Pricing" value="I"/>
            <entry key="Reopen Denial" value="S"/>
            <entry key="Revenue Code" value="I"/>
            <entry key="Salvage Correction" value="S"/>
            <entry key="Service Inquiry" value="I"/>
            <entry key="Settled Claim RQ" value="Blank"/>
            <entry key="Subscriber Inq/Upd" value="I"/>
            <entry key="Type of Group" value="8"/>
            <entry key="U/R Screen" value="I"/>
            <entry key="Unit/Oper Assign" value="I"/>
          </Map>
        </value>
      </entry>
      <entry key="High Dollar Approver">
        <value>
          <Map>
            <entry key="ALGS" value="Y"/>
            <entry key="Adjustment RQ" value="Blank"/>
            <entry key="Auto Susp Rlse RQ" value="Blank"/>
            <entry key="Batch Control" value="I"/>
            <entry key="Ben Max Diag" value="I"/>
            <entry key="Claim Entry" value="S"/>
            <entry key="Contract Inquiry" value="I"/>
            <entry key="Delete Claim" value="Blank"/>
            <entry key="Denial Msg Code" value="I"/>
            <entry key="Dollar Level" value="9"/>
            <entry key="Group Access" value="E"/>
            <entry key="Grp/CAT Sec" value="I"/>
            <entry key="HIP Service Menu" value="Blank"/>
            <entry key="His/Salv/Ded Inq" value="I"/>
            <entry key="Kick Out Code" value="I"/>
            <entry key="Location Status" value="I"/>
            <entry key="Managed Care" value="I"/>
            <entry key="Manual Pricing" value="S"/>
            <entry key="Mass Adj Req" value="Blank"/>
            <entry key="Patient/Ded Update" value="I"/>
            <entry key="Personnel File Upd" value="Blank"/>
            <entry key="Physician ID" value="I"/>
            <entry key="Provider/Pricing" value="I"/>
            <entry key="Reopen Denial" value="Blank"/>
            <entry key="Revenue Code" value="I"/>
            <entry key="Salvage Correction" value="S"/>
            <entry key="Service Inquiry" value="I"/>
            <entry key="Settled Claim RQ" value="Blank"/>
            <entry key="Subscriber Inq/Upd" value="I"/>
            <entry key="Type of Group" value="9"/>
            <entry key="U/R Screen" value="I"/>
            <entry key="Unit/Oper Assign" value="Blank"/>
          </Map>
        </value>
      </entry>
      <entry key="Hospital Approver">
        <value>
          <Map>
            <entry key="ALGS" value="Y"/>
            <entry key="Adjustment RQ" value="Blank"/>
            <entry key="Auto Susp Rlse RQ" value="Blank"/>
            <entry key="Batch Control" value="Blank"/>
            <entry key="Ben Max Diag" value="I"/>
            <entry key="Claim Entry" value="S"/>
            <entry key="Contract Inquiry" value="I"/>
            <entry key="Delete Claim" value="Blank"/>
            <entry key="Denial Msg Code" value="I"/>
            <entry key="Dollar Level" value="5"/>
            <entry key="Group Access" value="E"/>
            <entry key="Grp/CAT Sec" value="I"/>
            <entry key="HIP Service Menu" value="Blank"/>
            <entry key="His/Salv/Ded Inq" value="I"/>
            <entry key="Kick Out Code" value="I"/>
            <entry key="Location Status" value="I"/>
            <entry key="Managed Care" value="I"/>
            <entry key="Manual Pricing" value="S"/>
            <entry key="Mass Adj Req" value="Blank"/>
            <entry key="Patient/Ded Update" value="I"/>
            <entry key="Personnel File Upd" value="Blank"/>
            <entry key="Physician ID" value="I"/>
            <entry key="Provider/Pricing" value="I"/>
            <entry key="Reopen Denial" value="Blank"/>
            <entry key="Revenue Code" value="I"/>
            <entry key="Salvage Correction" value="S"/>
            <entry key="Service Inquiry" value="I"/>
            <entry key="Settled Claim RQ" value="Blank"/>
            <entry key="Subscriber Inq/Upd" value="I"/>
            <entry key="Type of Group" value="9"/>
            <entry key="U/R Screen" value="I"/>
            <entry key="Unit/Oper Assign" value="Blank"/>
          </Map>
        </value>
      </entry>
      <entry key="Hospital Recon">
        <value>
          <Map>
            <entry key="ALGS" value="Y"/>
            <entry key="Adjustment RQ" value="S"/>
            <entry key="Auto Susp Rlse RQ" value="Blank"/>
            <entry key="Batch Control" value="I"/>
            <entry key="Ben Max Diag" value="I"/>
            <entry key="Claim Entry" value="S"/>
            <entry key="Contract Inquiry" value="I"/>
            <entry key="Delete Claim" value="Blank"/>
            <entry key="Denial Msg Code" value="I"/>
            <entry key="Dollar Level" value="7"/>
            <entry key="Group Access" value="E"/>
            <entry key="Grp/CAT Sec" value="I"/>
            <entry key="HIP Service Menu" value="Blank"/>
            <entry key="His/Salv/Ded Inq" value="I"/>
            <entry key="Kick Out Code" value="I"/>
            <entry key="Location Status" value="I"/>
            <entry key="Managed Care" value="I"/>
            <entry key="Manual Pricing" value="S"/>
            <entry key="Mass Adj Req" value="Blank"/>
            <entry key="Patient/Ded Update" value="I"/>
            <entry key="Personnel File Upd" value="Blank"/>
            <entry key="Physician ID" value="I"/>
            <entry key="Provider/Pricing" value="I"/>
            <entry key="Reopen Denial" value="S"/>
            <entry key="Revenue Code" value="I"/>
            <entry key="Salvage Correction" value="S"/>
            <entry key="Service Inquiry" value="S"/>
            <entry key="Settled Claim RQ" value="Blank"/>
            <entry key="Subscriber Inq/Upd" value="I"/>
            <entry key="Type of Group" value="9"/>
            <entry key="U/R Screen" value="I"/>
            <entry key="Unit/Oper Assign" value="I"/>
          </Map>
        </value>
      </entry>
      <entry key="Lead Coding and Reimbursement Analyst">
        <value>
          <Map>
            <entry key="ALGS" value="Y"/>
            <entry key="Adjustment RQ" value="S"/>
            <entry key="Auto Susp Rlse RQ" value="Blank"/>
            <entry key="Batch Control" value="Blank"/>
            <entry key="Ben Max Diag" value="I"/>
            <entry key="Claim Entry" value="I"/>
            <entry key="Contract Inquiry" value="I"/>
            <entry key="Delete Claim" value="Blank"/>
            <entry key="Denial Msg Code" value="I"/>
            <entry key="Dollar Level" value="9"/>
            <entry key="Group Access" value="E"/>
            <entry key="Grp/CAT Sec" value="I"/>
            <entry key="HIP Service Menu" value="Blank"/>
            <entry key="His/Salv/Ded Inq" value="I"/>
            <entry key="Kick Out Code" value="I"/>
            <entry key="Location Status" value="I"/>
            <entry key="Managed Care" value="I"/>
            <entry key="Manual Pricing" value="Y"/>
            <entry key="Mass Adj Req" value="Blank"/>
            <entry key="Patient/Ded Update" value="I"/>
            <entry key="Personnel File Upd" value="Blank"/>
            <entry key="Physician ID" value="I"/>
            <entry key="Provider/Pricing" value="I"/>
            <entry key="Reopen Denial" value="S"/>
            <entry key="Revenue Code" value="I"/>
            <entry key="Salvage Correction" value="Y"/>
            <entry key="Service Inquiry" value="I"/>
            <entry key="Settled Claim RQ" value="Blank"/>
            <entry key="Subscriber Inq/Upd" value="I"/>
            <entry key="Type of Group" value="9"/>
            <entry key="U/R Screen" value="I"/>
            <entry key="Unit/Oper Assign" value="I"/>
          </Map>
        </value>
      </entry>
      <entry key="Manager - Prepayment Review Analyst">
        <value>
          <Map>
            <entry key="ALGS" value="Y"/>
            <entry key="Adjustment RQ" value="S"/>
            <entry key="Auto Susp Rlse RQ" value="Blank"/>
            <entry key="Batch Control" value="I"/>
            <entry key="Ben Max Diag" value="I"/>
            <entry key="Claim Entry" value="S"/>
            <entry key="Contract Inquiry" value="I"/>
            <entry key="Delete Claim" value="Blank"/>
            <entry key="Denial Msg Code" value="I"/>
            <entry key="Dollar Level" value="9"/>
            <entry key="Group Access" value="E"/>
            <entry key="Grp/CAT Sec" value="I"/>
            <entry key="HIP Service Menu" value="Blank"/>
            <entry key="His/Salv/Ded Inq" value="I"/>
            <entry key="Kick Out Code" value="I"/>
            <entry key="Location Status" value="I"/>
            <entry key="Managed Care" value="I"/>
            <entry key="Manual Pricing" value="S"/>
            <entry key="Mass Adj Req" value="Blank"/>
            <entry key="Patient/Ded Update" value="I"/>
            <entry key="Personnel File Upd" value="Blank"/>
            <entry key="Physician ID" value="I"/>
            <entry key="Provider/Pricing" value="I"/>
            <entry key="Reopen Denial" value="S"/>
            <entry key="Revenue Code" value="I"/>
            <entry key="Salvage Correction" value="S"/>
            <entry key="Service Inquiry" value="S"/>
            <entry key="Settled Claim RQ" value="Blank"/>
            <entry key="Subscriber Inq/Upd" value="I"/>
            <entry key="Type of Group" value="8"/>
            <entry key="U/R Screen" value="I"/>
            <entry key="Unit/Oper Assign" value="I"/>
          </Map>
        </value>
      </entry>
      <entry key="Prepayment Review Analyst">
        <value>
          <Map>
            <entry key="ALGS" value="Y"/>
            <entry key="Adjustment RQ" value="Blank"/>
            <entry key="Auto Susp Rlse RQ" value="Blank"/>
            <entry key="Batch Control" value="Blank"/>
            <entry key="Ben Max Diag" value="I"/>
            <entry key="Claim Entry" value="S"/>
            <entry key="Contract Inquiry" value="I"/>
            <entry key="Delete Claim" value="Blank"/>
            <entry key="Denial Msg Code" value="I"/>
            <entry key="Dollar Level" value="5"/>
            <entry key="Group Access" value="E"/>
            <entry key="Grp/CAT Sec" value="I"/>
            <entry key="HIP Service Menu" value="Blank"/>
            <entry key="His/Salv/Ded Inq" value="I"/>
            <entry key="Kick Out Code" value="I"/>
            <entry key="Location Status" value="I"/>
            <entry key="Managed Care" value="I"/>
            <entry key="Manual Pricing" value="S"/>
            <entry key="Mass Adj Req" value="Blank"/>
            <entry key="Patient/Ded Update" value="I"/>
            <entry key="Personnel File Upd" value="Blank"/>
            <entry key="Physician ID" value="I"/>
            <entry key="Provider/Pricing" value="I"/>
            <entry key="Reopen Denial" value="Blank"/>
            <entry key="Revenue Code" value="I"/>
            <entry key="Salvage Correction" value="S"/>
            <entry key="Service Inquiry" value="I"/>
            <entry key="Settled Claim RQ" value="Blank"/>
            <entry key="Subscriber Inq/Upd" value="I"/>
            <entry key="Type of Group" value="9"/>
            <entry key="U/R Screen" value="I"/>
            <entry key="Unit/Oper Assign" value="I"/>
          </Map>
        </value>
      </entry>
      <entry key="Security Coordinator">
        <value>
          <Map>
            <entry key="ALGS" value="Y"/>
            <entry key="Adjustment RQ" value="Blank"/>
            <entry key="Auto Susp Rlse RQ" value="Blank"/>
            <entry key="Batch Control" value="Blank"/>
            <entry key="Ben Max Diag" value="I"/>
            <entry key="Claim Entry" value="I"/>
            <entry key="Contract Inquiry" value="I"/>
            <entry key="Delete Claim" value="Blank"/>
            <entry key="Denial Msg Code" value="I"/>
            <entry key="Dollar Level" value="1"/>
            <entry key="Group Access" value="E"/>
            <entry key="Grp/CAT Sec" value="I"/>
            <entry key="HIP Service Menu" value="Blank"/>
            <entry key="His/Salv/Ded Inq" value="I"/>
            <entry key="Kick Out Code" value="I"/>
            <entry key="Location Status" value="I"/>
            <entry key="Managed Care" value="I"/>
            <entry key="Manual Pricing" value="Blank"/>
            <entry key="Mass Adj Req" value="Blank"/>
            <entry key="Patient/Ded Update" value="I"/>
            <entry key="Personnel File Upd" value="S"/>
            <entry key="Physician ID" value="I"/>
            <entry key="Provider/Pricing" value="I"/>
            <entry key="Reopen Denial" value="Blank"/>
            <entry key="Revenue Code" value="I"/>
            <entry key="Salvage Correction" value="Blank"/>
            <entry key="Service Inquiry" value="I"/>
            <entry key="Settled Claim RQ" value="Blank"/>
            <entry key="Subscriber Inq/Upd" value="I"/>
            <entry key="Type of Group" value="9"/>
            <entry key="U/R Screen" value="I"/>
            <entry key="Unit/Oper Assign" value="Blank"/>
          </Map>
        </value>
      </entry>
      <entry key="Service Rep">
        <value>
          <Map>
            <entry key="ALGS" value="Y"/>
            <entry key="Adjustment RQ" value="S"/>
            <entry key="Auto Susp Rlse RQ" value="Blank"/>
            <entry key="Batch Control" value="I"/>
            <entry key="Ben Max Diag" value="I"/>
            <entry key="Claim Entry" value="S"/>
            <entry key="Contract Inquiry" value="I"/>
            <entry key="Delete Claim" value="Blank"/>
            <entry key="Denial Msg Code" value="I"/>
            <entry key="Dollar Level" value="5"/>
            <entry key="Group Access" value="E"/>
            <entry key="Grp/CAT Sec" value="Blank"/>
            <entry key="HIP Service Menu" value="Blank"/>
            <entry key="His/Salv/Ded Inq" value="I"/>
            <entry key="Kick Out Code" value="I"/>
            <entry key="Location Status" value="I"/>
            <entry key="Managed Care" value="I"/>
            <entry key="Manual Pricing" value="S"/>
            <entry key="Mass Adj Req" value="Blank"/>
            <entry key="Patient/Ded Update" value="I"/>
            <entry key="Personnel File Upd" value="Blank"/>
            <entry key="Physician ID" value="I"/>
            <entry key="Provider/Pricing" value="I"/>
            <entry key="Reopen Denial" value="S"/>
            <entry key="Revenue Code" value="I"/>
            <entry key="Salvage Correction" value="S"/>
            <entry key="Service Inquiry" value="S"/>
            <entry key="Settled Claim RQ" value="Blank"/>
            <entry key="Subscriber Inq/Upd" value="I"/>
            <entry key="Type of Group" value="9"/>
            <entry key="U/R Screen" value="I"/>
            <entry key="Unit/Oper Assign" value="I"/>
          </Map>
        </value>
      </entry>
      <entry key="Sr. Prepayment Review Analyst">
        <value>
          <Map>
            <entry key="ALGS" value="Y"/>
            <entry key="Adjustment RQ" value="S"/>
            <entry key="Auto Susp Rlse RQ" value="Blank"/>
            <entry key="Batch Control" value="Blank"/>
            <entry key="Ben Max Diag" value="I"/>
            <entry key="Claim Entry" value="S"/>
            <entry key="Contract Inquiry" value="I"/>
            <entry key="Delete Claim" value="Blank"/>
            <entry key="Denial Msg Code" value="I"/>
            <entry key="Dollar Level" value="5"/>
            <entry key="Group Access" value="E"/>
            <entry key="Grp/CAT Sec" value="I"/>
            <entry key="HIP Service Menu" value="Blank"/>
            <entry key="His/Salv/Ded Inq" value="I"/>
            <entry key="Kick Out Code" value="I"/>
            <entry key="Location Status" value="I"/>
            <entry key="Managed Care" value="I"/>
            <entry key="Manual Pricing" value="S"/>
            <entry key="Mass Adj Req" value="Blank"/>
            <entry key="Patient/Ded Update" value="I"/>
            <entry key="Personnel File Upd" value="Blank"/>
            <entry key="Physician ID" value="I"/>
            <entry key="Provider/Pricing" value="I"/>
            <entry key="Reopen Denial" value="S"/>
            <entry key="Revenue Code" value="I"/>
            <entry key="Salvage Correction" value="S"/>
            <entry key="Service Inquiry" value="I"/>
            <entry key="Settled Claim RQ" value="Blank"/>
            <entry key="Subscriber Inq/Upd" value="I"/>
            <entry key="Type of Group" value="9"/>
            <entry key="U/R Screen" value="I"/>
            <entry key="Unit/Oper Assign" value="I"/>
          </Map>
        </value>
      </entry>
      <entry key="Team Lead">
        <value>
          <Map>
            <entry key="ALGS" value="Y"/>
            <entry key="Adjustment RQ" value="S"/>
            <entry key="Auto Susp Rlse RQ" value="Blank"/>
            <entry key="Batch Control" value="S"/>
            <entry key="Ben Max Diag" value="I"/>
            <entry key="Claim Entry" value="S"/>
            <entry key="Contract Inquiry" value="I"/>
            <entry key="Delete Claim" value="S"/>
            <entry key="Denial Msg Code" value="I"/>
            <entry key="Dollar Level" value="9"/>
            <entry key="Group Access" value="E"/>
            <entry key="Grp/CAT Sec" value="I"/>
            <entry key="HIP Service Menu" value="I"/>
            <entry key="His/Salv/Ded Inq" value="I"/>
            <entry key="Kick Out Code" value="I"/>
            <entry key="Location Status" value="I"/>
            <entry key="Managed Care" value="S"/>
            <entry key="Manual Pricing" value="S"/>
            <entry key="Mass Adj Req" value="I"/>
            <entry key="Patient/Ded Update" value="I"/>
            <entry key="Personnel File Upd" value="Blank"/>
            <entry key="Physician ID" value="I"/>
            <entry key="Provider/Pricing" value="I"/>
            <entry key="Reopen Denial" value="S"/>
            <entry key="Revenue Code" value="I"/>
            <entry key="Salvage Correction" value="S"/>
            <entry key="Service Inquiry" value="I"/>
            <entry key="Settled Claim RQ" value="S"/>
            <entry key="Subscriber Inq/Upd" value="I"/>
            <entry key="Type of Group" value="9"/>
            <entry key="U/R Screen" value="I"/>
            <entry key="Unit/Oper Assign" value="I"/>
          </Map>
        </value>
      </entry>
      <entry key="Training Staff">
        <value>
          <Map>
            <entry key="ALGS" value="Blank"/>
            <entry key="Adjustment RQ" value="Blank"/>
            <entry key="Auto Susp Rlse RQ" value="Blank"/>
            <entry key="Batch Control" value="Blank"/>
            <entry key="Ben Max Diag" value="I"/>
            <entry key="Claim Entry" value="I"/>
            <entry key="Contract Inquiry" value="I"/>
            <entry key="Delete Claim" value="Blank"/>
            <entry key="Denial Msg Code" value="I"/>
            <entry key="Dollar Level" value="1"/>
            <entry key="Group Access" value="E"/>
            <entry key="Grp/CAT Sec" value="Blank"/>
            <entry key="HIP Service Menu" value="Blank"/>
            <entry key="His/Salv/Ded Inq" value="I"/>
            <entry key="Kick Out Code" value="I"/>
            <entry key="Location Status" value="I"/>
            <entry key="Managed Care" value="I"/>
            <entry key="Manual Pricing" value="Blank"/>
            <entry key="Mass Adj Req" value="Blank"/>
            <entry key="Patient/Ded Update" value="Y"/>
            <entry key="Personnel File Upd" value="Blank"/>
            <entry key="Physician ID" value="I"/>
            <entry key="Provider/Pricing" value="I"/>
            <entry key="Reopen Denial" value="Blank"/>
            <entry key="Revenue Code" value="I"/>
            <entry key="Salvage Correction" value="Blank"/>
            <entry key="Service Inquiry" value="I"/>
            <entry key="Settled Claim RQ" value="Blank"/>
            <entry key="Subscriber Inq/Upd" value="I"/>
            <entry key="Type of Group" value="9"/>
            <entry key="U/R Screen" value="I"/>
            <entry key="Unit/Oper Assign" value="I"/>
          </Map>
        </value>
      </entry>
    </Map>
  </Attributes>
</Custom>