<?xml version='1.0' encoding='UTF-8'?>
<!DOCTYPE Custom PUBLIC "sailpoint.dtd" "sailpoint.dtd">
<Custom name="EH_Feed_Header">
  <Attributes>
    <Map>
      <entry key="SAMSHeader">
        <value>
          <List>
            <String>iiq%employeeID</String>
            <String>link%samAccountName</String>
            <String>link%givenName</String>
            <String>iiq%sn</String>
            <String>iiq%mail</String>
            <String>const%domain</String>
          </List>
        </value>
      </entry>
      <entry key="SAMSMapping">
        <value>
          <Map>
            <entry key="const%domain" value="EMBLEM"/>
            <entry key="iiq%employeeID" value="employeeID"/>
            <entry key="iiq%mail" value="email"/>
            <entry key="iiq%sn" value="lastname"/>
            <entry key="link%givenName" value="givenName"/>
            <entry key="link%samAccountName" value="sAMAccountName"/>
          </Map>
        </value>
      </entry>
      <entry key="SunGaurdHeader">
        <value>
          <List>
            <String>iiq%External ID</String>
            <String>link%First Name</String>
            <String>link%Last Name</String>
            <String>link%Middle Name</String>
            <String>link%Bus_Address</String>
            <String>link%City</String>
            <String>link%State/Province</String>
            <String>link%Postal Code</String>
            <String>link%Job Title</String>
            <String>iiq%Emp_Status</String>
            <String>iiq%Full_Part_Time</String>
            <String>iiq%Employee Type</String>
            <String>link%Emp_Start_Date</String>
            <String>link%Emp_Term_Date</String>
            <String>psLink%Division</String>
            <String>iiq%Department Number</String>
            <String>iiq%Department</String>
            <String>iiq%Physical Delivery Office Name</String>
            <String>iiq%Room Number</String>
            <String>link%Business Phone</String>
            <String>link%Supv_ID</String>
            <String>link%Supv_Name</String>
            <String>link%Fax Number</String>
            <String>iiq%Home_ZIP</String>
            <String>iiq%Union Code</String>
            <String>iiq%Job Function Code</String>
            <String>iiq%PS Division</String>
            <String>iiq%Company</String>
            <String>link%Email</String>
            <String>b%Suffix</String>
            <String>psLink%Country</String>
            <String>psLink%Business Phone Ext</String>
            <String>psLink%Alternate Email</String>
            <String>psLink%Email Address 3</String>
            <String>psLink%SMS Device 1</String>
            <String>psLink%SMS Device 2</String>
            <String>psLink%Role</String>
            <String>const%Primary Language</String>
            <String>psLink%Phone Home</String>
            <String>psLink%Home Phone Country Calling Code</String>
            <String>psLink%Alternate Phone Home</String>
            <String>psLink%Cell Phone</String>
            <String>psLink%Alternate Cell Phone</String>
            <String>psLink%Cell Phone 3</String>
            <String>b%Line of Business</String>
            <String>psLink%Home_Address</String>
            <String>psLink%Home_City</String>
            <String>psLink%Home_State</String>
          </List>
        </value>
      </entry>
      <entry key="SunGaurdMapping">
        <value>
          <Map>
            <entry key="b%Line of Business" value="     "/>
            <entry key="b%Suffix" value="     "/>
            <entry key="const%Primary Language" value="English"/>
            <entry key="iiq%Company" value="company"/>
            <entry key="iiq%Department" value="department"/>
            <entry key="iiq%Department Number" value="departmentID"/>
            <entry key="iiq%Emp_Status" value="userStatus"/>
            <entry key="iiq%Employee Type" value="userType"/>
            <entry key="iiq%External ID" value="name"/>
            <entry key="iiq%Full_Part_Time" value="fullPartTime"/>
            <entry key="iiq%Home_ZIP" value="homeZIP"/>
            <entry key="iiq%Job Function Code" value="jobFunction"/>
            <entry key="iiq%PS Division" value="division"/>
            <entry key="iiq%Physical Delivery Office Name" value="location"/>
            <entry key="iiq%Room Number" value="floor"/>
            <entry key="iiq%Union Code" value="unionCode"/>
            <entry key="link%Bus_Address" value="streetAddress"/>
            <entry key="link%Business Phone" value="telephoneNumber"/>
            <entry key="link%City" value="l"/>
            <entry key="link%Email" value="mail"/>
            <entry key="link%Emp_Start_Date" value="extensionAttribute3"/>
            <entry key="link%Emp_Term_Date" value="extensionAttribute4"/>
            <entry key="link%Fax Number" value="facsimileTelephoneNumber"/>
            <entry key="link%First Name" value="givenName"/>
            <entry key="link%Job Title" value="title"/>
            <entry key="link%Last Name" value="sn"/>
            <entry key="link%Middle Name" value="middleName"/>
            <entry key="link%Postal Code" value="postalCode"/>
            <entry key="link%State/Province" value="st"/>
            <entry key="link%Supv_ID" value="extensionAttribute10"/>
            <entry key="link%Supv_Name" value="extensionAttribute11"/>
            <entry key="psLink%Alternate Cell Phone" value="Mobile_Phone"/>
            <entry key="psLink%Alternate Email" value="Home_email"/>
            <entry key="psLink%Alternate Phone Home" value="other_phone1"/>
            <entry key="psLink%Business Phone Ext" value="Business_Phone_Ext"/>
            <entry key="psLink%Cell Phone" value="Mobile_Phone_2"/>
            <entry key="psLink%Cell Phone 3" value="cell_phone1"/>
            <entry key="psLink%Country" value="Home_Country"/>
            <entry key="psLink%Division" value="DIVISION_DESCR"/>
            <entry key="psLink%Email Address 3" value="Other_email"/>
            <entry key="psLink%Home Phone Country Calling Code" value="Home_country_code"/>
            <entry key="psLink%Home_Address" value="Home_Address"/>
            <entry key="psLink%Home_City" value="Home_City"/>
            <entry key="psLink%Home_State" value="Home_State"/>
            <entry key="psLink%Phone Home" value="Home_phone"/>
            <entry key="psLink%Role" value="DEPT_ROLLUP"/>
            <entry key="psLink%SMS Device 1" value="SMS_Device_1"/>
            <entry key="psLink%SMS Device 2" value="SMS_Device_2"/>
          </Map>
        </value>
      </entry>
      <entry key="SunGaurdMedicareMapping">
        <value>
          <Map>
            <entry key="b%Alternate Cell Phone" value="     "/>
            <entry key="b%Alternate Email" value="     "/>
            <entry key="b%Alternate Phone Home" value="     "/>
            <entry key="b%Business Phone Ext" value="     "/>
            <entry key="b%Cell Phone" value="     "/>
            <entry key="b%Cell Phone 3" value="     "/>
            <entry key="b%Country" value="     "/>
            <entry key="b%Email Address 3" value="     "/>
            <entry key="b%Home Phone Country Calling Code" value="     "/>
            <entry key="b%Home_Address" value="     "/>
            <entry key="b%Home_City" value="     "/>
            <entry key="b%Home_State" value="     "/>
            <entry key="b%Line of Business" value="     "/>
            <entry key="b%Phone Home" value="     "/>
            <entry key="b%Role" value="     "/>
            <entry key="b%SMS Device 1" value="     "/>
            <entry key="b%SMS Device 2" value="     "/>
            <entry key="b%Suffix" value="     "/>
            <entry key="const%Primary Language" value="English"/>
            <entry key="link%Bus_Address" value="streetAddress"/>
            <entry key="link%Business Phone" value="telephoneNumber"/>
            <entry key="link%City" value="l"/>
            <entry key="link%Company" value="company"/>
            <entry key="link%Department" value="department"/>
            <entry key="link%Department Number" value="departmentNumber"/>
            <entry key="link%Division" value="division"/>
            <entry key="link%Email" value="mail"/>
            <entry key="link%Emp_Start_Date" value="extensionAttribute3"/>
            <entry key="link%Emp_Status" value="extensionAttribute5"/>
            <entry key="link%Emp_Term_Date" value="extensionAttribute4"/>
            <entry key="link%Employee Type" value="employeeType"/>
            <entry key="link%External ID" value="employeeID"/>
            <entry key="link%Fax Number" value="facsimileTelephoneNumber"/>
            <entry key="link%First Name" value="givenName"/>
            <entry key="link%Full_Part_Time" value="extensionAttribute6"/>
            <entry key="link%Home_ZIP" value="extensionAttribute13"/>
            <entry key="link%Job Function Code" value="extensionAttribute7"/>
            <entry key="link%Job Title" value="title"/>
            <entry key="link%Last Name" value="sn"/>
            <entry key="link%Middle Name" value="middleName"/>
            <entry key="link%PS Division" value="extensionAttribute8"/>
            <entry key="link%Physical Delivery Office Name" value="physicalDeliveryOfficeName"/>
            <entry key="link%Postal Code" value="postalCode"/>
            <entry key="link%Room Number" value="roomNumber"/>
            <entry key="link%State/Province" value="st"/>
            <entry key="link%Supv_ID" value="extensionAttribute10"/>
            <entry key="link%Supv_Name" value="extensionAttribute11"/>
            <entry key="link%Union Code" value="extensionAttribute2"/>
          </Map>
        </value>
      </entry>
      <entry key="everbridgeHeader">
        <value>
          <List>
            <String>First Name</String>
            <String>Last Name</String>
            <String>Custom Field 30</String>
            <String>Custom Value 30</String>
            <String>Street Address 2</String>
            <String>City 2</String>
            <String>State/Province 2</String>
            <String>Postal Code 2</String>
            <String>Custom Field 1</String>
            <String>Custom Value 1</String>
            <String>Custom Field 17</String>
            <String>Custom Value 17</String>
            <String>Custom Field 18</String>
            <String>Custom Value 18</String>
            <String>Record Type</String>
            <String>Custom Field 15</String>
            <String>Custom Value 15</String>
            <String>Custom Field 16</String>
            <String>Custom Value 16</String>
            <String>Custom Field 21</String>
            <String>Custom Value 21</String>
            <String>Custom Field 4</String>
            <String>Custom Value 4</String>
            <String>Custom Field 10</String>
            <String>Custom Value 10</String>
            <String>Custom Field 5</String>
            <String>Custom Value 5</String>
            <String>Custom Field 13</String>
            <String>Custom Value 13</String>
            <String>Extension Phone 1</String>
            <String>Custom Field 22</String>
            <String>Custom Value 22</String>
            <String>Custom Field 23</String>
            <String>Custom Value 23</String>
            <String>Custom Field 24</String>
            <String>Custom Value 24</String>
            <String>Fax 1</String>
            <String>Postal Code 1</String>
            <String>Custom Field 25</String>
            <String>Custom Value 25</String>
            <String>Custom Field 26</String>
            <String>Custom Value 26</String>
            <String>Custom Field 27</String>
            <String>Custom Value 27</String>
            <String>Custom Field 28</String>
            <String>Custom Value 28</String>
            <String>Street Address 1</String>
            <String>City 1</String>
            <String>State/Province 1</String>
            <String>Country</String>
            <String>Custom Field 29</String>
            <String>Custom Value 29</String>
            <String>Custom Field 7</String>
            <String>Custom Value 7</String>
            <String>Email Address 2</String>
            <String>Email Address 3</String>
            <String>Phone 4</String>
            <String>Extension 1</String>
            <String>Extension Phone Country 1</String>
            <String>Phone 3</String>
            <String>Phone Country 3</String>
            <String>Phone 2</String>
            <String>Phone Country 2</String>
            <String>Phone 1</String>
            <String>Phone Country 1</String>
            <String>Phone 5</String>
            <String>Phone Country 5</String>
            <String>Phone 6</String>
            <String>Phone Country 6</String>
            <String>SMS 2</String>
            <String>SMS 2 Country</String>
            <String>SMS 1</String>
            <String>SMS 1 Country</String>
            <String>Email Address 1</String>
            <String>External ID</String>
            <String>Middle Initial</String>
            <String>Suffix</String>
            <String>Groups</String>
            <String>Business Name</String>
            <String>SSO User ID</String>
            <String>Location 1</String>
            <String>Apt/Suite/Unit 1</String>
            <String>Country 1</String>
            <String>Latitude 1</String>
            <String>Longitude 1</String>
            <String>Location 2</String>
            <String>Apt/Suite/Unit 2</String>
            <String>Country 2</String>
            <String>Latitude 2</String>
            <String>Longitude 2</String>
            <String>Location 3</String>
            <String>Street Address 3</String>
            <String>Apt/Suite/Unit 3</String>
            <String>City 3</String>
            <String>State/Province 3</String>
            <String>Postal Code 3</String>
            <String>Country 3</String>
            <String>Latitude 3</String>
            <String>Longitude 3</String>
            <String>Location 4</String>
            <String>Street Address 4</String>
            <String>Apt/Suite/Unit 4</String>
            <String>City 4</String>
            <String>State/Province 4</String>
            <String>Postal Code 4</String>
            <String>Country 4</String>
            <String>Latitude 4</String>
            <String>Longitude 4</String>
            <String>Location 5</String>
            <String>Street Address 5</String>
            <String>Apt/Suite/Unit 5</String>
            <String>City 5</String>
            <String>State/Province 5</String>
            <String>Postal Code 5</String>
            <String>Country 5</String>
            <String>Latitude 5</String>
            <String>Longitude 5</String>
            <String>Extension Phone 2</String>
            <String>Extension 2</String>
            <String>Extension Phone Country 2</String>
            <String>Extension Phone 3</String>
            <String>Extension 3</String>
            <String>Extension Phone Country 3</String>
            <String>Extension Phone 4</String>
            <String>Extension 4</String>
            <String>Extension Phone Country 4</String>
            <String>Extension Phone 5</String>
            <String>Extension 5</String>
            <String>Extension Phone Country 5</String>
            <String>Phone Country 4</String>
            <String>Plain Text Email - 1 way</String>
            <String>Plain Text - 1 way Pager Service</String>
            <String>Plain Text Email - 2 way</String>
            <String>FAX Country 1</String>
            <String>FAX 2</String>
            <String>FAX Country 2</String>
            <String>FAX 3</String>
            <String>FAX Country 3</String>
            <String>TTY 1</String>
            <String>TTY Country 1</String>
            <String>TTY 2</String>
            <String>TTY Country 2</String>
            <String>TTY 3</String>
            <String>TTY Country 3</String>
            <String>Numeric Pager</String>
            <String>Numeric Pager Country</String>
            <String>Numeric Pager Pin</String>
            <String>Numeric Pager Service</String>
            <String>TAP Pager</String>
            <String>TAP Pager Country</String>
            <String>TAP Pager Pin</String>
            <String>One Way SMS</String>
            <String>One Way SMS Country</String>
            <String>Custom Field 2</String>
            <String>Custom Value 2</String>
            <String>Custom Field 3</String>
            <String>Custom Value 3</String>
            <String>Custom Field 6</String>
            <String>Custom Value 6</String>
            <String>Custom Field 8</String>
            <String>Custom Value 8</String>
            <String>Custom Field 9</String>
            <String>Custom Value 9</String>
            <String>Custom Field 11</String>
            <String>Custom Value 11</String>
            <String>Custom Field 12</String>
            <String>Custom Value 12</String>
            <String>Custom Field 14</String>
            <String>Custom Value 14</String>
            <String>Custom Field 31</String>
            <String>Custom Value 31</String>
            <String>Custom Field 32</String>
            <String>Custom Value 32</String>
            <String>END</String>
          </List>
        </value>
      </entry>
      <entry key="everbridgeMapping">
        <value>
          <Map>
            <entry key="b%Apt/Suite/Unit 1" value="     "/>
            <entry key="b%Apt/Suite/Unit 2" value="     "/>
            <entry key="b%Apt/Suite/Unit 3" value="     "/>
            <entry key="b%Apt/Suite/Unit 4" value="     "/>
            <entry key="b%Apt/Suite/Unit 5" value="     "/>
            <entry key="b%City 3" value="     "/>
            <entry key="b%City 4" value="     "/>
            <entry key="b%City 5" value="     "/>
            <entry key="b%Country 1" value="     "/>
            <entry key="b%Country 2" value="     "/>
            <entry key="b%Country 3" value="     "/>
            <entry key="b%Country 4" value="     "/>
            <entry key="b%Country 5" value="     "/>
            <entry key="b%Custom Field 29" value="     "/>
            <entry key="b%Custom Value 11" value="     "/>
            <entry key="b%Custom Value 12" value="     "/>
            <entry key="b%Custom Value 29" value="     "/>
            <entry key="b%Custom Value 31" value="   "/>
            <entry key="b%Custom Value 6" value="     "/>
            <entry key="b%Custom Value 8" value="     "/>
            <entry key="b%Custom Value 9" value="     "/>
            <entry key="b%Extension 2" value="     "/>
            <entry key="b%Extension 3" value="     "/>
            <entry key="b%Extension 4" value="     "/>
            <entry key="b%Extension 5" value="     "/>
            <entry key="b%Extension Phone 2" value="     "/>
            <entry key="b%Extension Phone 3" value="     "/>
            <entry key="b%Extension Phone 4" value="     "/>
            <entry key="b%Extension Phone 5" value="     "/>
            <entry key="b%Extension Phone Country 2" value="     "/>
            <entry key="b%Extension Phone Country 3" value="     "/>
            <entry key="b%Extension Phone Country 4" value="     "/>
            <entry key="b%Extension Phone Country 5" value="     "/>
            <entry key="b%FAX 2" value="     "/>
            <entry key="b%FAX 3" value="     "/>
            <entry key="b%FAX Country 1" value="     "/>
            <entry key="b%FAX Country 2" value="     "/>
            <entry key="b%FAX Country 3" value="     "/>
            <entry key="b%Groups" value="     "/>
            <entry key="b%Latitude 1" value="     "/>
            <entry key="b%Latitude 2" value="     "/>
            <entry key="b%Latitude 3" value="     "/>
            <entry key="b%Latitude 4" value="     "/>
            <entry key="b%Latitude 5" value="     "/>
            <entry key="b%Location 1" value="     "/>
            <entry key="b%Location 2" value="     "/>
            <entry key="b%Location 3" value="     "/>
            <entry key="b%Location 4" value="     "/>
            <entry key="b%Location 5" value="     "/>
            <entry key="b%Longitude 1" value="     "/>
            <entry key="b%Longitude 2" value="     "/>
            <entry key="b%Longitude 3" value="     "/>
            <entry key="b%Longitude 4" value="     "/>
            <entry key="b%Longitude 5" value="     "/>
            <entry key="b%Middle Initial" value="     "/>
            <entry key="b%Numeric Pager" value="     "/>
            <entry key="b%Numeric Pager Country" value="     "/>
            <entry key="b%Numeric Pager Pin" value="     "/>
            <entry key="b%Numeric Pager Service" value="     "/>
            <entry key="b%One Way SMS" value="     "/>
            <entry key="b%One Way SMS Country" value="     "/>
            <entry key="b%Phone Country 4" value="     "/>
            <entry key="b%Plain Text - 1 way Pager Service" value="     "/>
            <entry key="b%Plain Text Email - 1 way" value="     "/>
            <entry key="b%Plain Text Email - 2 way" value="     "/>
            <entry key="b%Postal Code 3" value="     "/>
            <entry key="b%Postal Code 4" value="     "/>
            <entry key="b%Postal Code 5" value="     "/>
            <entry key="b%State/Province 3" value="     "/>
            <entry key="b%State/Province 4" value="     "/>
            <entry key="b%State/Province 5" value="     "/>
            <entry key="b%Street Address 3" value="     "/>
            <entry key="b%Street Address 4" value="     "/>
            <entry key="b%Street Address 5" value="     "/>
            <entry key="b%Suffix" value="     "/>
            <entry key="b%TAP Pager" value="     "/>
            <entry key="b%TAP Pager Country" value="     "/>
            <entry key="b%TAP Pager Pin" value="     "/>
            <entry key="b%TTY 1" value="     "/>
            <entry key="b%TTY 2" value="     "/>
            <entry key="b%TTY 3" value="     "/>
            <entry key="b%TTY Country 1" value="     "/>
            <entry key="b%TTY Country 2" value="     "/>
            <entry key="b%TTY Country 3" value="     "/>
            <entry key="const%Custom Field 1" value="Job Title"/>
            <entry key="const%Custom Field 10" value="Department Name"/>
            <entry key="const%Custom Field 11" value="Home Zip"/>
            <entry key="const%Custom Field 12" value="Office Phone"/>
            <entry key="const%Custom Field 13" value="Room Number"/>
            <entry key="const%Custom Field 14" value="Distinguished Name"/>
            <entry key="const%Custom Field 15" value="Employee Start Date"/>
            <entry key="const%Custom Field 16" value="Employee End Date"/>
            <entry key="const%Custom Field 17" value="Employee Status"/>
            <entry key="const%Custom Field 18" value="Full or Part Time"/>
            <entry key="const%Custom Field 2" value="Division"/>
            <entry key="const%Custom Field 21" value="Business Unit"/>
            <entry key="const%Custom Field 22" value="Supervisor ID"/>
            <entry key="const%Custom Field 23" value="Supervisor"/>
            <entry key="const%Custom Field 24" value="Employee Preferred Name"/>
            <entry key="const%Custom Field 25" value="Union Code"/>
            <entry key="const%Custom Field 26" value="Job Function Code"/>
            <entry key="const%Custom Field 27" value="PS Division"/>
            <entry key="const%Custom Field 28" value="Leaders of People"/>
            <entry key="const%Custom Field 3" value="Career Level"/>
            <entry key="const%Custom Field 30" value="Middle Name"/>
            <entry key="const%Custom Field 31" value="Line of Business"/>
            <entry key="const%Custom Field 32" value="Primary Language"/>
            <entry key="const%Custom Field 4" value="Dept ID"/>
            <entry key="const%Custom Field 5" value="Location"/>
            <entry key="const%Custom Field 6" value="Floor/Room"/>
            <entry key="const%Custom Field 7" value="Dept Roll-Up"/>
            <entry key="const%Custom Field 8" value="Display Name"/>
            <entry key="const%Custom Field 9" value="Department Description"/>
            <entry key="const%Custom Value 32" value="English"/>
            <entry key="const%END" value="END"/>
            <entry key="iiq%Business Name" value="company"/>
            <entry key="iiq%Custom Value 10" value="department"/>
            <entry key="iiq%Custom Value 13" value="floor"/>
            <entry key="iiq%Custom Value 17" value="userStatus"/>
            <entry key="iiq%Custom Value 18" value="fullPartTime"/>
            <entry key="iiq%Custom Value 21" value="businessUnit"/>
            <entry key="iiq%Custom Value 24" value="empPrefName"/>
            <entry key="iiq%Custom Value 25" value="unionCode"/>
            <entry key="iiq%Custom Value 26" value="jobFunction"/>
            <entry key="iiq%Custom Value 27" value="division"/>
            <entry key="iiq%Custom Value 28" value="leadersOfPeople"/>
            <entry key="iiq%Custom Value 4" value="departmentID"/>
            <entry key="iiq%Custom Value 5" value="location"/>
            <entry key="iiq%External ID" value="name"/>
            <entry key="iiq%Postal Code 1" value="homeZIP"/>
            <entry key="iiq%Record Type" value="userType"/>
            <entry key="link%City 2" value="l"/>
            <entry key="link%Custom Value 1" value="title"/>
            <entry key="link%Custom Value 14" value="distinguishedName"/>
            <entry key="link%Custom Value 15" value="extensionAttribute3"/>
            <entry key="link%Custom Value 16" value="extensionAttribute4"/>
            <entry key="link%Custom Value 22" value="extensionAttribute10"/>
            <entry key="link%Custom Value 23" value="extensionAttribute11"/>
            <entry key="link%Custom Value 30" value="middleName"/>
            <entry key="link%Email Address 1" value="mail"/>
            <entry key="link%Extension Phone 1" value="telephoneNumber"/>
            <entry key="link%Fax 1" value="facsimileTelephoneNumber"/>
            <entry key="link%First Name" value="givenName"/>
            <entry key="link%Last Name" value="sn"/>
            <entry key="link%Postal Code 2" value="postalCode"/>
            <entry key="link%SSO User ID" value="sAMAccountName"/>
            <entry key="link%State/Province 2" value="st"/>
            <entry key="link%Street Address 2" value="streetAddress"/>
            <entry key="pslink%City 1" value="Home_City"/>
            <entry key="pslink%Country" value="Home_Country"/>
            <entry key="pslink%Custom Value 2" value="DIVISION_DESCR"/>
            <entry key="pslink%Custom Value 3" value="CAREER_LEVEL"/>
            <entry key="pslink%Custom Value 7 " value="DEPT_ROLLUP"/>
            <entry key="pslink%Email Address 2" value="Home_email"/>
            <entry key="pslink%Email Address 3" value="Other_email"/>
            <entry key="pslink%Extension 1" value="Business_Phone_Ext"/>
            <entry key="pslink%Extension Phone Country 1" value="Work_country_code"/>
            <entry key="pslink%Phone 1" value="Mobile_Phone_2"/>
            <entry key="pslink%Phone 2" value="Mobile_Phone"/>
            <entry key="pslink%Phone 3" value="Home_phone"/>
            <entry key="pslink%Phone 4" value="Business_Phone"/>
            <entry key="pslink%Phone 5" value="cell_phone1"/>
            <entry key="pslink%Phone 6" value="other_phone1"/>
            <entry key="pslink%Phone Country 1" value="Country_code_2"/>
            <entry key="pslink%Phone Country 2" value="Country_code_2"/>
            <entry key="pslink%Phone Country 3" value="Home_country_code"/>
            <entry key="pslink%Phone Country 5" value="cell_country_code"/>
            <entry key="pslink%Phone Country 6" value="other_country_code"/>
            <entry key="pslink%SMS 1" value="SMS_Device_2"/>
            <entry key="pslink%SMS 1 Country" value="Country_code_SMS2"/>
            <entry key="pslink%SMS 2" value="SMS_Device_1"/>
            <entry key="pslink%SMS 2 Country" value="Country_code_SMS1"/>
            <entry key="pslink%State/Province 1" value="Home_State"/>
            <entry key="pslink%Street Address 1" value="Home_Address"/>
          </Map>
        </value>
      </entry>
      <entry key="everbridgeMedicareHeader">
        <value>
          <List>
            <String>link%First Name</String>
            <String>link%Last Name</String>
            <String>const%Custom Field 30</String>
            <String>link%Custom Value 30</String>
            <String>link%Street Address 2</String>
            <String>link%City 2</String>
            <String>link%State/Province 2</String>
            <String>link%Postal Code 2</String>
            <String>const%Custom Field 1</String>
            <String>link%Custom Value 1</String>
            <String>const%Custom Field 17</String>
            <String>link%Custom Value 17</String>
            <String>const%Custom Field 18</String>
            <String>link%Custom Value 18</String>
            <String>link%Record Type</String>
            <String>const%Custom Field 15</String>
            <String>link%Custom Value 15</String>
            <String>const%Custom Field 16</String>
            <String>link%Custom Value 16</String>
            <String>const%Custom Field 21</String>
            <String>link%Custom Value 21</String>
            <String>const%Custom Field 4</String>
            <String>link%Custom Value 4</String>
            <String>const%Custom Field 10</String>
            <String>link%Custom Value 10</String>
            <String>const%Custom Field 5</String>
            <String>link%Custom Value 5</String>
            <String>const%Custom Field 13</String>
            <String>link%Custom Value 13</String>
            <String>link%Extension Phone 1</String>
            <String>const%Custom Field 22</String>
            <String>link%Custom Value 22</String>
            <String>const%Custom Field 23</String>
            <String>link%Custom Value 23</String>
            <String>const%Custom Field 24</String>
            <String>link%Custom Value 24</String>
            <String>link%Fax 1</String>
            <String>link%Postal Code 1</String>
            <String>const%Custom Field 25</String>
            <String>link%Custom Value 25</String>
            <String>const%Custom Field 26</String>
            <String>link%Custom Value 26</String>
            <String>const%Custom Field 27</String>
            <String>link%Custom Value 27</String>
            <String>const%Custom Field 28</String>
            <String>link%Custom Value 28</String>
            <String>b%Street Address 1</String>
            <String>b%City 1</String>
            <String>b%State/Province 1</String>
            <String>b%Country</String>
            <String>b%Custom Field 29</String>
            <String>b%Custom Value 29</String>
            <String>const%Custom Field 7</String>
            <String>b%Custom Value 7 </String>
            <String>b%Email Address 2</String>
            <String>b%Email Address 3</String>
            <String>b%Phone 4</String>
            <String>b%Extension 1</String>
            <String>b%Extension Phone Country 1</String>
            <String>b%Phone 3</String>
            <String>b%Phone Country 3</String>
            <String>b%Phone 2</String>
            <String>b%Phone Country 2</String>
            <String>b%Phone 1</String>
            <String>b%Phone Country 1</String>
            <String>b%Phone 5</String>
            <String>b%Phone Country 5</String>
            <String>b%Phone 6</String>
            <String>b%Phone Country 6</String>
            <String>b%SMS 2</String>
            <String>b%SMS 2 Country</String>
            <String>b%SMS 1</String>
            <String>b%SMS 1 Country</String>
            <String>link%Email Address 1</String>
            <String>link%External ID</String>
            <String>b%Middle Initial</String>
            <String>b%Suffix</String>
            <String>b%Groups</String>
            <String>link%Business Name</String>
            <String>link%SSO User ID</String>
            <String>b%Location 1</String>
            <String>b%Apt/Suite/Unit 1</String>
            <String>b%Country 1</String>
            <String>b%Latitude 1</String>
            <String>b%Longitude 1</String>
            <String>b%Location 2</String>
            <String>b%Apt/Suite/Unit 2</String>
            <String>b%Country 2</String>
            <String>b%Latitude 2</String>
            <String>b%Longitude 2</String>
            <String>b%Location 3</String>
            <String>b%Street Address 3</String>
            <String>b%Apt/Suite/Unit 3</String>
            <String>b%City 3</String>
            <String>b%State/Province 3</String>
            <String>b%Postal Code 3</String>
            <String>b%Country 3</String>
            <String>b%Latitude 3</String>
            <String>b%Longitude 3</String>
            <String>b%Location 4</String>
            <String>b%Street Address 4</String>
            <String>b%Apt/Suite/Unit 4</String>
            <String>b%City 4</String>
            <String>b%State/Province 4</String>
            <String>b%Postal Code 4</String>
            <String>b%Country 4</String>
            <String>b%Latitude 4</String>
            <String>b%Longitude 4</String>
            <String>b%Location 5</String>
            <String>b%Street Address 5</String>
            <String>b%Apt/Suite/Unit 5</String>
            <String>b%City 5</String>
            <String>b%State/Province 5</String>
            <String>b%Postal Code 5</String>
            <String>b%Country 5</String>
            <String>b%Latitude 5</String>
            <String>b%Longitude 5</String>
            <String>b%Extension Phone 2</String>
            <String>b%Extension 2</String>
            <String>b%Extension Phone Country 2</String>
            <String>b%Extension Phone 3</String>
            <String>b%Extension 3</String>
            <String>b%Extension Phone Country 3</String>
            <String>b%Extension Phone 4</String>
            <String>b%Extension 4</String>
            <String>b%Extension Phone Country 4</String>
            <String>b%Extension Phone 5</String>
            <String>b%Extension 5</String>
            <String>b%Extension Phone Country 5</String>
            <String>b%Phone Country 4</String>
            <String>b%Plain Text Email - 1 way</String>
            <String>b%Plain Text - 1 way Pager Service</String>
            <String>b%Plain Text Email - 2 way</String>
            <String>b%FAX Country 1</String>
            <String>b%FAX 2</String>
            <String>b%FAX Country 2</String>
            <String>b%FAX 3</String>
            <String>b%FAX Country 3</String>
            <String>b%TTY 1</String>
            <String>b%TTY Country 1</String>
            <String>b%TTY 2</String>
            <String>b%TTY Country 2</String>
            <String>b%TTY 3</String>
            <String>b%TTY Country 3</String>
            <String>b%Numeric Pager</String>
            <String>b%Numeric Pager Country</String>
            <String>b%Numeric Pager Pin</String>
            <String>b%Numeric Pager Service</String>
            <String>b%TAP Pager</String>
            <String>b%TAP Pager Country</String>
            <String>b%TAP Pager Pin</String>
            <String>b%One Way SMS</String>
            <String>b%One Way SMS Country</String>
            <String>const%Custom Field 2</String>
            <String>b%Custom Value 2</String>
            <String>const%Custom Field 3</String>
            <String>b%Custom Value 3</String>
            <String>const%Custom Field 6</String>
            <String>b%Custom Value 6</String>
            <String>const%Custom Field 8</String>
            <String>b%Custom Value 8</String>
            <String>const%Custom Field 9</String>
            <String>b%Custom Value 9</String>
            <String>const%Custom Field 11</String>
            <String>b%Custom Value 11</String>
            <String>const%Custom Field 12</String>
            <String>b%Custom Value 12</String>
            <String>const%Custom Field 14</String>
            <String>link%Custom Value 14</String>
            <String>const%Custom Field 31</String>
            <String>b%Custom Value 31</String>
            <String>const%Custom Field 32</String>
            <String>const%Custom Value 32</String>
            <String>const%END</String>
          </List>
        </value>
      </entry>
      <entry key="everbridgeMedicareMapping">
        <value>
          <Map>
            <entry key="b%Apt/Suite/Unit 1" value="     "/>
            <entry key="b%Apt/Suite/Unit 2" value="     "/>
            <entry key="b%Apt/Suite/Unit 3" value="     "/>
            <entry key="b%Apt/Suite/Unit 4" value="     "/>
            <entry key="b%Apt/Suite/Unit 5" value="     "/>
            <entry key="b%City 1" value=" "/>
            <entry key="b%City 3" value="     "/>
            <entry key="b%City 4" value="     "/>
            <entry key="b%City 5" value="     "/>
            <entry key="b%Country" value="  "/>
            <entry key="b%Country 1" value="     "/>
            <entry key="b%Country 2" value="     "/>
            <entry key="b%Country 3" value="     "/>
            <entry key="b%Country 4" value="     "/>
            <entry key="b%Country 5" value="     "/>
            <entry key="b%Custom Field 29" value="    "/>
            <entry key="b%Custom Value 11" value="     "/>
            <entry key="b%Custom Value 12" value="     "/>
            <entry key="b%Custom Value 2" value=" "/>
            <entry key="b%Custom Value 29" value="    "/>
            <entry key="b%Custom Value 3" value=" "/>
            <entry key="b%Custom Value 31" value="     "/>
            <entry key="b%Custom Value 6" value="     "/>
            <entry key="b%Custom Value 7 " value=" "/>
            <entry key="b%Custom Value 8" value="     "/>
            <entry key="b%Custom Value 9" value="     "/>
            <entry key="b%Email Address 2" value=" "/>
            <entry key="b%Email Address 3" value=" "/>
            <entry key="b%Extension 1" value=" "/>
            <entry key="b%Extension 2" value="     "/>
            <entry key="b%Extension 3" value="     "/>
            <entry key="b%Extension 4" value="     "/>
            <entry key="b%Extension 5" value="     "/>
            <entry key="b%Extension Phone 2" value="     "/>
            <entry key="b%Extension Phone 3" value="     "/>
            <entry key="b%Extension Phone 4" value="     "/>
            <entry key="b%Extension Phone 5" value="     "/>
            <entry key="b%Extension Phone Country 1" value=" "/>
            <entry key="b%Extension Phone Country 2" value="     "/>
            <entry key="b%Extension Phone Country 3" value="     "/>
            <entry key="b%Extension Phone Country 4" value="     "/>
            <entry key="b%Extension Phone Country 5" value="     "/>
            <entry key="b%FAX 2" value="     "/>
            <entry key="b%FAX 3" value="     "/>
            <entry key="b%FAX Country 1" value="     "/>
            <entry key="b%FAX Country 2" value="     "/>
            <entry key="b%FAX Country 3" value="     "/>
            <entry key="b%Groups" value="     "/>
            <entry key="b%Latitude 1" value="     "/>
            <entry key="b%Latitude 2" value="     "/>
            <entry key="b%Latitude 3" value="     "/>
            <entry key="b%Latitude 4" value="     "/>
            <entry key="b%Latitude 5" value="     "/>
            <entry key="b%Location 1" value="     "/>
            <entry key="b%Location 2" value="     "/>
            <entry key="b%Location 3" value="     "/>
            <entry key="b%Location 4" value="     "/>
            <entry key="b%Location 5" value="     "/>
            <entry key="b%Longitude 1" value="     "/>
            <entry key="b%Longitude 2" value="     "/>
            <entry key="b%Longitude 3" value="     "/>
            <entry key="b%Longitude 4" value="     "/>
            <entry key="b%Longitude 5" value="     "/>
            <entry key="b%Middle Initial" value="     "/>
            <entry key="b%Numeric Pager" value="     "/>
            <entry key="b%Numeric Pager Country" value="     "/>
            <entry key="b%Numeric Pager Pin" value="     "/>
            <entry key="b%Numeric Pager Service" value="     "/>
            <entry key="b%One Way SMS" value="     "/>
            <entry key="b%One Way SMS Country" value="     "/>
            <entry key="b%Phone 1" value=" "/>
            <entry key="b%Phone 2" value=" "/>
            <entry key="b%Phone 3" value=" "/>
            <entry key="b%Phone 4" value=" "/>
            <entry key="b%Phone 5" value=" "/>
            <entry key="b%Phone 6" value=" "/>
            <entry key="b%Phone Country 1" value=" "/>
            <entry key="b%Phone Country 2" value=" "/>
            <entry key="b%Phone Country 3" value=" "/>
            <entry key="b%Phone Country 4" value="     "/>
            <entry key="b%Phone Country 5" value=" "/>
            <entry key="b%Phone Country 6" value=" "/>
            <entry key="b%Plain Text - 1 way Pager Service" value="     "/>
            <entry key="b%Plain Text Email - 1 way" value="     "/>
            <entry key="b%Plain Text Email - 2 way" value="     "/>
            <entry key="b%Postal Code 3" value="     "/>
            <entry key="b%Postal Code 4" value="     "/>
            <entry key="b%Postal Code 5" value="     "/>
            <entry key="b%SMS 1" value=" "/>
            <entry key="b%SMS 1 Country" value=" "/>
            <entry key="b%SMS 2" value=" "/>
            <entry key="b%SMS 2 Country" value=" "/>
            <entry key="b%State/Province 1" value=" "/>
            <entry key="b%State/Province 3" value="     "/>
            <entry key="b%State/Province 4" value="     "/>
            <entry key="b%State/Province 5" value="     "/>
            <entry key="b%Street Address 1" value=" "/>
            <entry key="b%Street Address 3" value="     "/>
            <entry key="b%Street Address 4" value="     "/>
            <entry key="b%Street Address 5" value="     "/>
            <entry key="b%Suffix" value="     "/>
            <entry key="b%TAP Pager" value="     "/>
            <entry key="b%TAP Pager Country" value="     "/>
            <entry key="b%TAP Pager Pin" value="     "/>
            <entry key="b%TTY 1" value="     "/>
            <entry key="b%TTY 2" value="     "/>
            <entry key="b%TTY 3" value="     "/>
            <entry key="b%TTY Country 1" value="     "/>
            <entry key="b%TTY Country 2" value="     "/>
            <entry key="b%TTY Country 3" value="     "/>
            <entry key="const%Custom Field 1" value="Job Title"/>
            <entry key="const%Custom Field 10" value="Department Name"/>
            <entry key="const%Custom Field 11" value="Home Zip"/>
            <entry key="const%Custom Field 12" value="Office Phone"/>
            <entry key="const%Custom Field 13" value="Room Number"/>
            <entry key="const%Custom Field 14" value="Distinguished Name"/>
            <entry key="const%Custom Field 15" value="Employee Start Date"/>
            <entry key="const%Custom Field 16" value="Employee End Date"/>
            <entry key="const%Custom Field 17" value="Employee Status"/>
            <entry key="const%Custom Field 18" value="Full or Part Time"/>
            <entry key="const%Custom Field 2" value="Division"/>
            <entry key="const%Custom Field 21" value="Business Unit"/>
            <entry key="const%Custom Field 22" value="Supervisor ID"/>
            <entry key="const%Custom Field 23" value="Supervisor"/>
            <entry key="const%Custom Field 24" value="Employee Preferred Name"/>
            <entry key="const%Custom Field 25" value="Union Code"/>
            <entry key="const%Custom Field 26" value="Job Function Code"/>
            <entry key="const%Custom Field 27" value="PS Division"/>
            <entry key="const%Custom Field 28" value="Leaders of People"/>
            <entry key="const%Custom Field 3" value="Career Level"/>
            <entry key="const%Custom Field 30" value="Middle Name"/>
            <entry key="const%Custom Field 31" value="Line of Business"/>
            <entry key="const%Custom Field 32" value="Primary Language"/>
            <entry key="const%Custom Field 4" value="Dept ID"/>
            <entry key="const%Custom Field 5" value="Location"/>
            <entry key="const%Custom Field 6" value="Floor/Room"/>
            <entry key="const%Custom Field 7" value="Dept Roll-Up"/>
            <entry key="const%Custom Field 8" value="Display Name"/>
            <entry key="const%Custom Field 9" value="Department Description"/>
            <entry key="const%Custom Value 32" value="English"/>
            <entry key="const%END" value="END"/>
            <entry key="link%Business Name" value="company"/>
            <entry key="link%City 2" value="l"/>
            <entry key="link%Custom Value 1" value="title"/>
            <entry key="link%Custom Value 10" value="department"/>
            <entry key="link%Custom Value 13" value="roomNumber"/>
            <entry key="link%Custom Value 14" value="distinguishedName"/>
            <entry key="link%Custom Value 15" value="extensionAttribute3"/>
            <entry key="link%Custom Value 16" value="extensionAttribute4"/>
            <entry key="link%Custom Value 17" value="extensionAttribute5"/>
            <entry key="link%Custom Value 18" value="extensionAttribute6"/>
            <entry key="link%Custom Value 21" value="division"/>
            <entry key="link%Custom Value 22" value="extensionAttribute10"/>
            <entry key="link%Custom Value 23" value="extensionAttribute11"/>
            <entry key="link%Custom Value 24" value="extensionAttribute9"/>
            <entry key="link%Custom Value 25" value="extensionAttribute2"/>
            <entry key="link%Custom Value 26" value="extensionAttribute7"/>
            <entry key="link%Custom Value 27" value="extensionAttribute8"/>
            <entry key="link%Custom Value 28" value="extensionAttribute14"/>
            <entry key="link%Custom Value 30" value="middleName"/>
            <entry key="link%Custom Value 4" value="departmentNumber"/>
            <entry key="link%Custom Value 5" value="physicalDeliveryOfficeName"/>
            <entry key="link%Email Address 1" value="mail"/>
            <entry key="link%Extension Phone 1" value="telephoneNumber"/>
            <entry key="link%External ID" value="employeeID"/>
            <entry key="link%Fax 1" value="facsimileTelephoneNumber"/>
            <entry key="link%First Name" value="givenName"/>
            <entry key="link%Last Name" value="sn"/>
            <entry key="link%Postal Code 1" value="extensionAttribute13"/>
            <entry key="link%Postal Code 2" value="postalCode"/>
            <entry key="link%Record Type" value="employeeType"/>
            <entry key="link%SSO User ID" value="sAMAccountName"/>
            <entry key="link%State/Province 2" value="st"/>
            <entry key="link%Street Address 2" value="streetAddress"/>
          </Map>
        </value>
      </entry>
      <entry key="everbridgefileRowcount">
        <value>
          <Integer>6405</Integer>
        </value>
      </entry>
      <entry key="everbridgeheader">
        <value>
          <List>
            <String>link%First Name</String>
            <String>link%Last Name</String>
            <String>const%Custom Field 30</String>
            <String>link%Custom Value 30</String>
            <String>link%Street Address 2</String>
            <String>link%City 2</String>
            <String>link%State/Province 2</String>
            <String>link%Postal Code 2</String>
            <String>const%Custom Field 1</String>
            <String>link%Custom Value 1</String>
            <String>const%Custom Field 17</String>
            <String>iiq%Custom Value 17</String>
            <String>const%Custom Field 18</String>
            <String>iiq%Custom Value 18</String>
            <String>iiq%Record Type</String>
            <String>const%Custom Field 15</String>
            <String>link%Custom Value 15</String>
            <String>const%Custom Field 16</String>
            <String>link%Custom Value 16</String>
            <String>const%Custom Field 21</String>
            <String>iiq%Custom Value 21</String>
            <String>const%Custom Field 4</String>
            <String>iiq%Custom Value 4</String>
            <String>const%Custom Field 10</String>
            <String>iiq%Custom Value 10</String>
            <String>const%Custom Field 5</String>
            <String>iiq%Custom Value 5</String>
            <String>const%Custom Field 13</String>
            <String>iiq%Custom Value 13</String>
            <String>link%Extension Phone 1</String>
            <String>const%Custom Field 22</String>
            <String>link%Custom Value 22</String>
            <String>const%Custom Field 23</String>
            <String>link%Custom Value 23</String>
            <String>const%Custom Field 24</String>
            <String>iiq%Custom Value 24</String>
            <String>link%Fax 1</String>
            <String>iiq%Postal Code 1</String>
            <String>const%Custom Field 25</String>
            <String>iiq%Custom Value 25</String>
            <String>const%Custom Field 26</String>
            <String>iiq%Custom Value 26</String>
            <String>const%Custom Field 27</String>
            <String>iiq%Custom Value 27</String>
            <String>const%Custom Field 28</String>
            <String>iiq%Custom Value 28</String>
            <String>pslink%Street Address 1</String>
            <String>pslink%City 1</String>
            <String>pslink%State/Province 1</String>
            <String>pslink%Country</String>
            <String>b%Custom Field 29</String>
            <String>b%Custom Value 29</String>
            <String>const%Custom Field 7</String>
            <String>pslink%Custom Value 7 </String>
            <String>pslink%Email Address 2</String>
            <String>pslink%Email Address 3</String>
            <String>pslink%Phone 4</String>
            <String>pslink%Extension 1</String>
            <String>pslink%Extension Phone Country 1</String>
            <String>pslink%Phone 3</String>
            <String>pslink%Phone Country 3</String>
            <String>pslink%Phone 2</String>
            <String>pslink%Phone Country 2</String>
            <String>pslink%Phone 1</String>
            <String>pslink%Phone Country 1</String>
            <String>pslink%Phone 5</String>
            <String>pslink%Phone Country 5</String>
            <String>pslink%Phone 6</String>
            <String>pslink%Phone Country 6</String>
            <String>pslink%SMS 2</String>
            <String>pslink%SMS 2 Country</String>
            <String>pslink%SMS 1</String>
            <String>pslink%SMS 1 Country</String>
            <String>link%Email Address 1</String>
            <String>iiq%External ID</String>
            <String>b%Middle Initial</String>
            <String>b%Suffix</String>
            <String>b%Groups</String>
            <String>iiq%Business Name</String>
            <String>link%SSO User ID</String>
            <String>b%Location 1</String>
            <String>b%Apt/Suite/Unit 1</String>
            <String>b%Country 1</String>
            <String>b%Latitude 1</String>
            <String>b%Longitude 1</String>
            <String>b%Location 2</String>
            <String>b%Apt/Suite/Unit 2</String>
            <String>b%Country 2</String>
            <String>b%Latitude 2</String>
            <String>b%Longitude 2</String>
            <String>b%Location 3</String>
            <String>b%Street Address 3</String>
            <String>b%Apt/Suite/Unit 3</String>
            <String>b%City 3</String>
            <String>b%State/Province 3</String>
            <String>b%Postal Code 3</String>
            <String>b%Country 3</String>
            <String>b%Latitude 3</String>
            <String>b%Longitude 3</String>
            <String>b%Location 4</String>
            <String>b%Street Address 4</String>
            <String>b%Apt/Suite/Unit 4</String>
            <String>b%City 4</String>
            <String>b%State/Province 4</String>
            <String>b%Postal Code 4</String>
            <String>b%Country 4</String>
            <String>b%Latitude 4</String>
            <String>b%Longitude 4</String>
            <String>b%Location 5</String>
            <String>b%Street Address 5</String>
            <String>b%Apt/Suite/Unit 5</String>
            <String>b%City 5</String>
            <String>b%State/Province 5</String>
            <String>b%Postal Code 5</String>
            <String>b%Country 5</String>
            <String>b%Latitude 5</String>
            <String>b%Longitude 5</String>
            <String>b%Extension Phone 2</String>
            <String>b%Extension 2</String>
            <String>b%Extension Phone Country 2</String>
            <String>b%Extension Phone 3</String>
            <String>b%Extension 3</String>
            <String>b%Extension Phone Country 3</String>
            <String>b%Extension Phone 4</String>
            <String>b%Extension 4</String>
            <String>b%Extension Phone Country 4</String>
            <String>b%Extension Phone 5</String>
            <String>b%Extension 5</String>
            <String>b%Extension Phone Country 5</String>
            <String>b%Phone Country 4</String>
            <String>b%Plain Text Email - 1 way</String>
            <String>b%Plain Text - 1 way Pager Service</String>
            <String>b%Plain Text Email - 2 way</String>
            <String>b%FAX Country 1</String>
            <String>b%FAX 2</String>
            <String>b%FAX Country 2</String>
            <String>b%FAX 3</String>
            <String>b%FAX Country 3</String>
            <String>b%TTY 1</String>
            <String>b%TTY Country 1</String>
            <String>b%TTY 2</String>
            <String>b%TTY Country 2</String>
            <String>b%TTY 3</String>
            <String>b%TTY Country 3</String>
            <String>b%Numeric Pager</String>
            <String>b%Numeric Pager Country</String>
            <String>b%Numeric Pager Pin</String>
            <String>b%Numeric Pager Service</String>
            <String>b%TAP Pager</String>
            <String>b%TAP Pager Country</String>
            <String>b%TAP Pager Pin</String>
            <String>b%One Way SMS</String>
            <String>b%One Way SMS Country</String>
            <String>const%Custom Field 2</String>
            <String>pslink%Custom Value 2</String>
            <String>const%Custom Field 3</String>
            <String>pslink%Custom Value 3</String>
            <String>const%Custom Field 6</String>
            <String>b%Custom Value 6</String>
            <String>const%Custom Field 8</String>
            <String>b%Custom Value 8</String>
            <String>const%Custom Field 9</String>
            <String>b%Custom Value 9</String>
            <String>const%Custom Field 11</String>
            <String>b%Custom Value 11</String>
            <String>const%Custom Field 12</String>
            <String>b%Custom Value 12</String>
            <String>const%Custom Field 14</String>
            <String>link%Custom Value 14</String>
            <String>const%Custom Field 31</String>
            <String>b%Custom Value 31</String>
            <String>const%Custom Field 32</String>
            <String>const%Custom Value 32</String>
            <String>const%END</String>
          </List>
        </value>
      </entry>
      <entry key="feedfileThreshold">
        <value>
          <Integer>100</Integer>
        </value>
      </entry>
      <entry key="metricStreamHeader">
        <value>
          <List>
            <String>External ID</String>
            <String>First Name</String>
            <String>Last Name</String>
            <String>Middle Name</String>
            <String>Bus_Address</String>
            <String>City</String>
            <String>State/Province</String>
            <String>Postal Code</String>
            <String>Job Title</String>
            <String>Emp_Status</String>
            <String>Full_Part_Time</String>
            <String>Employee Type</String>
            <String>Emp_Start_Date</String>
            <String>Emp_Term_Date</String>
            <String>Division</String>
            <String>Department Number</String>
            <String>Department</String>
            <String>Physical Delivery Office Name</String>
            <String>Room Number</String>
            <String>Business Phone</String>
            <String>Supv_ID</String>
            <String>Supv_Name</String>
            <String>Fax Number</String>
            <String>Home_ZIP</String>
            <String>Union Code</String>
            <String>Job Function Code</String>
            <String>PS Division</String>
            <String>Company</String>
            <String>Email</String>
            <String>Suffix</String>
            <String>Country</String>
            <String>Business Phone Ext</String>
            <String>Alternate Email</String>
            <String>Email Address 3</String>
            <String>SMS Device 1</String>
            <String>SMS Device 2</String>
            <String>Role</String>
            <String>Primary Language</String>
            <String>Phone Home</String>
            <String>Home Phone Country Calling Code</String>
            <String>Alternate Phone Home</String>
            <String>Cell Phone</String>
            <String>Alternate Cell Phone</String>
            <String>Cell Phone 3</String>
            <String>Line of Business</String>
            <String>Home_Address</String>
            <String>Home_City</String>
            <String>Home_State</String>
          </List>
        </value>
      </entry>
      <entry key="metricstreamfileRowcount">
        <value>
          <Integer>6419</Integer>
        </value>
      </entry>
      <entry key="peopleSoftHRHeader">
        <value>
          <List>
            <String>iiq%employeeID</String>
            <String>link%samAccountName</String>
            <String>link%givenName</String>
            <String>iiq%sn</String>
            <String>iiq%mail</String>
            <String>const%domain</String>
          </List>
        </value>
      </entry>
      <entry key="peopleSoftHRMapping">
        <value>
          <Map>
            <entry key="const%domain" value="EMBLEM"/>
            <entry key="iiq%employeeID" value="employeeID"/>
            <entry key="iiq%mail" value="email"/>
            <entry key="iiq%sn" value="lastname"/>
            <entry key="link%givenName" value="givenName"/>
            <entry key="link%samAccountName" value="sAMAccountName"/>
          </Map>
        </value>
      </entry>
      <entry key="peopleSoftInternalHeader">
        <value>
          <List>
            <String>employeeID</String>
            <String>employeeNumber</String>
            <String>givenName</String>
            <String>sn</String>
            <String>middleName</String>
            <String>streetAddress</String>
            <String>l</String>
            <String>st</String>
            <String>postalCode</String>
            <String>title</String>
            <String>extensionAttribute5</String>
            <String>extensionAttribute6</String>
            <String>employeeType</String>
            <String>extensionAttribute3</String>
            <String>extensionAttribute4</String>
            <String>division</String>
            <String>departmentNumber</String>
            <String>department</String>
            <String>physicalDeliveryOfficeName</String>
            <String>roomNumber</String>
            <String>telephoneNumber</String>
            <String>extensionAttribute10</String>
            <String>extensionAttribute11</String>
            <String>extensionAttribute9</String>
            <String>facsimileTelephoneNumber</String>
            <String>extensionAttribute8</String>
            <String>extensionAttribute2</String>
            <String>extensionAttribute7</String>
            <String>Union_Code</String>
            <String>Job_Function_Code</String>
            <String>PS_Division</String>
          </List>
        </value>
      </entry>
      <entry key="peoplesoftSecfileRowcount">
        <value>
          <Integer>0</Integer>
        </value>
      </entry>
      <entry key="peoplesoftfileRowcount">
        <value>
          <Integer>1847</Integer>
        </value>
      </entry>
      <entry key="samsfileRowcount">
        <value>
          <Integer>1847</Integer>
        </value>
      </entry>
      <entry key="serviceDeskHeader">
        <value>
          <List>
            <String>givenName</String>
            <String>sn</String>
            <String>employeeID</String>
            <String>sAMAccountName</String>
            <String>mail</String>
            <String>division</String>
            <String>physicalDeliveryOfficeName</String>
            <String>roomNumber</String>
            <String>telephoneNumber</String>
            <String>departmentNumber</String>
            <String>extensionAttribute11</String>
          </List>
        </value>
      </entry>
      <entry key="servicedeskfileRowcount">
        <value>
          <Integer>0</Integer>
        </value>
      </entry>
      <entry key="sunGaurdMedicareHeader">
        <value>
          <List>
            <String>link%External ID</String>
            <String>link%First Name</String>
            <String>link%Last Name</String>
            <String>link%Middle Name</String>
            <String>link%Bus_Address</String>
            <String>link%City</String>
            <String>link%State/Province</String>
            <String>link%Postal Code</String>
            <String>link%Job Title</String>
            <String>link%Emp_Status</String>
            <String>link%Full_Part_Time</String>
            <String>link%Employee Type</String>
            <String>link%Emp_Start_Date</String>
            <String>link%Emp_Term_Date</String>
            <String>link%Division</String>
            <String>link%Department Number</String>
            <String>link%Department</String>
            <String>link%Physical Delivery Office Name</String>
            <String>link%Room Number</String>
            <String>link%Business Phone</String>
            <String>link%Supv_ID</String>
            <String>link%Supv_Name</String>
            <String>link%Fax Number</String>
            <String>link%Home_ZIP</String>
            <String>link%Union Code</String>
            <String>link%Job Function Code</String>
            <String>link%PS Division</String>
            <String>link%Company</String>
            <String>link%Email</String>
            <String>b%Suffix</String>
            <String>b%Country</String>
            <String>b%Business Phone Ext</String>
            <String>b%Alternate Email</String>
            <String>b%Email Address 3</String>
            <String>b%SMS Device 1</String>
            <String>b%SMS Device 2</String>
            <String>b%Role</String>
            <String>const%Primary Language</String>
            <String>b%Phone Home</String>
            <String>b%Home Phone Country Calling Code</String>
            <String>b%Alternate Phone Home</String>
            <String>b%Cell Phone</String>
            <String>b%Alternate Cell Phone</String>
            <String>b%Cell Phone 3</String>
            <String>b%Line of Business</String>
            <String>b%Home_Address</String>
            <String>b%Home_City</String>
            <String>b%Home_State</String>
          </List>
        </value>
      </entry>
    </Map>
  </Attributes>
</Custom>