<?xml version='1.0' encoding='UTF-8'?>
<!DOCTYPE Custom PUBLIC "sailpoint.dtd" "sailpoint.dtd">
<Custom name="EH_Report_Feed_Path">
  <Attributes>
    <Map>
      <entry key="MedicareInboundFeed" value="/apphome/sailpoint/CSVFILES/INPUT/MEDICARE_EMAIL/"/>
      <entry key="activeAppAccountReport" value="/apphome/sailpoint/CSVFILES/OUTPUT/ACTIVEAPPACCOUNT"/>
      <entry key="ehpmoFeed" value="/apphome/sailpoint/CSVFILES/OUTPUT/EHPMO"/>
      <entry key="everbridgeOutboundFeed" value="/apphome/sailpoint/CSVFILES/OUTPUT/EVERBRIDGE"/>
      <entry key="ignoredfeed" value="/apphome/sailpoint/CSVFILES/OUTPUT"/>
      <entry key="medicareOutboundFeed" value="/apphome/sailpoint/CSVFILES/OUTPUT/MEDICARE"/>
      <entry key="metricStreamOutboundFeed" value="/apphome/sailpoint/CSVFILES/OUTPUT/METRICSTREAM"/>
      <entry key="peopleSoftHROutboundFeed" value="/apphome/sailpoint/CSVFILES/OUTPUT/PEOPLESOFTHR"/>
      <entry key="peopleSoftInternalOutboundFeed" value="/apphome/sailpoint/CSVFILES/OUTPUT/PEOPLESOFTINTERNAL"/>
      <entry key="reportsPath">
        <value>
          <Map>
            <entry key="dailyReports" value="/apphome/sailpoint/CSVFILES/OUTPUT/REPORT/DAILY"/>
            <entry key="monthlyReports" value="/apphome/sailpoint/CSVFILES/OUTPUT/REPORT/MONTHLY"/>
            <entry key="weeklyReports" value="/apphome/sailpoint/CSVFILES/OUTPUT/REPORT/WEEKLY"/>
          </Map>
        </value>
      </entry>
      <entry key="samsOutboundFeed" value="/apphome/sailpoint/CSVFILES/OUTPUT/SAMS"/>
      <entry key="serviceDeskOutboundFeed" value="/apphome/sailpoint/CSVFILES/OUTPUT/SERVICEDESK"/>
      <entry key="vendorDobSsnData" value="/apphome/sailpoint/CSVFILES/INPUT/VENDOR/DOBSSN.csv"/>
      <entry key="vendorDobSsnDataEverify" value="/apphome/sailpoint/CSVFILES/INPUT/VENDOR/DOBSSNEverify.csv"/>
      <entry key="verifyOutboundFeed" value="/apphome/sailpoint/CSVFILES/OUTPUT/VERIFY"/>
    </Map>
  </Attributes>
</Custom>