<?xml version='1.0' encoding='UTF-8'?>
<!DOCTYPE Custom PUBLIC "sailpoint.dtd" "sailpoint.dtd">
<Custom name="EH_SCCD_Location">
  <Attributes>
    <Map>
      <entry key="10 UNION SQUARE EAST" value="GLOBAL"/>
      <entry key="120 WOOD ROAD" value="GLOBAL"/>
      <entry key="132 W. 31ST STREET" value="GLOBAL"/>
      <entry key="220 W. 58TH ST." value="GLOBAL"/>
      <entry key="30 CORPORATE WOODS" value="GLOBAL"/>
      <entry key="50 MAIDEN LANE" value="GLOBAL"/>
      <entry key="6 WEST 35TH STREET" value="GLOBAL"/>
      <entry key="7 WEST 34TH STREET" value="GLOBAL"/>
      <entry key="ALBANY EMPIRE STATE" value="ALBWOLFROAD"/>
      <entry key="ALBANY OFFICE" value="GLOBAL"/>
      <entry key="ALBANY WESTERN AVE" value="ALBWESTERNAV"/>
      <entry key="ALBANY WOLF ROAD" value="ALBWOLFROAD"/>
      <entry key="BROADWAY" value="GLOBAL"/>
      <entry key="BRONX MENTAL HEALTH CENTER" value="GLOBAL"/>
      <entry key="BROOKLYN MENTAL HEALTH CENTER" value="GLOBAL"/>
      <entry key="BUFFALO" value="BUFFALO"/>
      <entry key="CONNECTICARE" value="CONNECTICARE"/>
      <entry key="CONVERSION LOCATION" value="GLOBAL"/>
      <entry key="EHNC - CAMBRIA HEIGHTS" value="NEIGBORHOOD"/>
      <entry key="EHNC - CHINATOWN" value="NEIGBORHOOD"/>
      <entry key="EHNC - CROWN HEIGHTS" value="NEIGBORHOOD"/>
      <entry key="EHNC - DUANE STREET" value="NEIGBORHOOD"/>
      <entry key="EHNC - HARLEM" value="NEIGBORHOOD"/>
      <entry key="EMPLOYEE HOME - TELEWORKER" value="GLOBAL"/>
      <entry key="FLORIDA" value="EXTERNAL"/>
      <entry key="H'WOOD MALL" value="GLOBAL"/>
      <entry key="JERSEY CITY" value="CARLSTADT"/>
      <entry key="LAKE KATRINE" value="GLOBAL"/>
      <entry key="MANHASSET" value="GLOBAL"/>
      <entry key="MANHATTAN MENTAL HEALTH CENTER" value="GLOBAL"/>
      <entry key="MANHATTAN WEST" value="GLOBAL"/>
      <entry key="MELVILLE" value="MELVILLE"/>
      <entry key="MELVILLE FORMER NY" value="MELVILLE"/>
      <entry key="MENTAL HEALTH CLINIC" value="GLOBAL"/>
      <entry key="NEIGHBORHOOD" value="NEIGHBORHOOD"/>
      <entry key="NEW JERSEY" value="CARLSTADT"/>
      <entry key="NINTH AVENUE" value="EXTERNAL"/>
      <entry key="NORTH SHORE HOSPITAL" value="GLOBAL"/>
      <entry key="OLD SLIP" value="GLOBAL"/>
      <entry key="ON-55 Water" value="WATER ST"/>
      <entry key="PENNSYLVANIA" value="GLOBAL"/>
      <entry key="PHARMACIES" value="CORPPHARMA"/>
      <entry key="PHARMACY-ANNADALE" value="CORPPHARMA"/>
      <entry key="PHARMACY-BEDFORD WILLIAMSBURG" value="CORPPHARMA"/>
      <entry key="PHARMACY-BRONX EAST" value="CORPPHARMA"/>
      <entry key="PHARMACY-CLOVE LAKE" value="CORPPHARMA"/>
      <entry key="PHARMACY-FOREST HILLS" value="CORPPHARMA"/>
      <entry key="PHARMACY-HEMPSTEAD" value="CORPPHARMA"/>
      <entry key="PHARMACY-LAKE RONKONKOMA" value="CORPPHARMA"/>
      <entry key="PHARMACY-MANHATTAN EAST" value="CORPPHARMA"/>
      <entry key="PHARMACY-MIDLAND PARKWAY" value="CORPPHARMA"/>
      <entry key="PHARMACY-NORTH BABYLON" value="CORPPHARMA"/>
      <entry key="PHARMACY-QUEENS BOULEVARD" value="CORPPHARMA"/>
      <entry key="PHARMACY-VALLEY STREAM" value="CORPPHARMA"/>
      <entry key="PHILADELPHIA" value="PHILADELPHIA"/>
      <entry key="QUEENS MENTAL HEALTH CENTER" value="GLOBAL"/>
      <entry key="STATEN ISLAND MENTAL HLTH CTR" value="GLOBAL"/>
      <entry key="SUNGARD" value="GLOBAL"/>
      <entry key="SYRACUSE" value="SYRACUSE"/>
      <entry key="TELECOMMUTER" value="TELECOMMUTER"/>
      <entry key="TELECOMMUTER 1-2 DAYS-ALBANY" value="ALBWOLFROAD"/>
      <entry key="TELECOMMUTER 1-2 DAYS-FLORIDA" value="GLOBAL"/>
      <entry key="TELECOMMUTER 1-2 DAYS-MELVILLE" value="MELVILLE"/>
      <entry key="TELECOMMUTER 1-2 DAYS-NINTH AV" value="GLOBAL"/>
      <entry key="TELECOMMUTER 1-2 DAYS-OLD SLIP" value="GLOBAL"/>
      <entry key="TELECOMMUTER 1-2 DAYS-WATER ST" value="WATER ST"/>
      <entry key="TELECOMMUTER 3-5 DAYS-FLORIDA" value="GLOBAL"/>
      <entry key="TELECOMMUTER 3-5 DAYS-LAKE KAT" value="GLOBAL"/>
      <entry key="TELECOMMUTER 3-5 DAYS-MELVILLE" value="MELVILLE"/>
      <entry key="TELECOMMUTER 3-5 DAYS-NINTH AV" value="GLOBAL"/>
      <entry key="TELECOMMUTER 3-5 DAYS-WATER ST" value="WATER ST"/>
      <entry key="TELECOMMUTER HOME - ALBANY" value="TELECOMMUTER"/>
      <entry key="TELECOMMUTER HOME - FLORIDA" value="TELECOMMUTER"/>
      <entry key="TELECOMMUTER HOME - MELVILLE" value="TELECOMMUTER"/>
      <entry key="TELECOMMUTER HOME - NINTH AV" value="GLOBAL"/>
      <entry key="TELECOMMUTER HOME - OLD SLIP" value="GLOBAL"/>
      <entry key="TELECOMMUTER HOME - SYRACUSE" value="TELECOMMUTER"/>
      <entry key="TELECOMMUTER HOME - WATER ST" value="TELECOMMUTER"/>
      <entry key="THIRD AVENUE" value="GLOBAL"/>
      <entry key="VYTRA - MELVILLE" value="MELVILLE"/>
      <entry key="WATER" value="WATER ST"/>
      <entry key="WATER STREET" value="WATER ST"/>
      <entry key="WEST END - MEDICARE" value="GLOBAL"/>
      <entry key="WEST END AVENUE" value="GLOBAL"/>
      <entry key="WOODBURY MENTAL HEALTH CENTER" value="GLOBAL"/>
      <entry key="YONKERS/CROSS COUNTY" value="GLOBAL"/>
    </Map>
  </Attributes>
</Custom>