<?xml version='1.0' encoding='UTF-8'?>
<!DOCTYPE Custom PUBLIC "sailpoint.dtd" "sailpoint.dtd">
<Custom name="EH_SOX_Email_List">
  <Attributes>
    <Map>
      <entry key="ActiveApplicationAccounts">
        <value>
          <List>
            <String>EHISG@emblemhealth.com</String>
            <String>J_PetitFrere@EmblemHealth.com</String>
          </List>
        </value>
      </entry>
      <entry key="EHPMO_HR">
        <value>
          <List>
            <String>EHPMOCompliance@cognizant.com</String>
          </List>
        </value>
      </entry>
      <entry key="EHPMO_HR_Testing">
        <value>
          <List>
            <String>A_Sengupta@emblemhealth.com</String>
            <String>D_Banerjee@emblemhealth.com</String>
            <String>Pr_Dutta@emblemhealth.com</String>
            <String>A_De@emblemhealth.com</String>
            <String>S_Roy2@emblemhealth.com</String>
            <String>S_Chowdhury@emblemhealth.com</String>
            <String>G_NagaVenkatesh@emblemhealth.com</String>
            <String>D_Nag@emblemhealth.com</String>
            <String>EHIDMTeam@emblemhealth.com</String>
          </List>
        </value>
      </entry>
      <entry key="Emblem HR">
        <value>
          <List>
            <String>GVantacic@EmblemHealth.com</String>
            <String>d_banerjee@emblemhealth.com</String>
            <String>a_sengupta@emblemhealth.com</String>
            <String>s_chowdhury@emblemhealth.com</String>
            <String>pr_dutta@emblemhealth.com</String>
            <String>EHIDMTeam@emblemhealth.com</String>
          </List>
        </value>
      </entry>
      <entry key="Fastrak Production">
        <value>
          <List>
            <String>D_Dreher@emblemhealth.com</String>
            <String>B_Balasubramanian@emblemhealth.com</String>
          </List>
        </value>
      </entry>
      <entry key="Fastrak Production_Testing">
        <value>
          <List>
            <String>A_Sengupta@emblemhealth.com</String>
            <String>D_Banerjee@emblemhealth.com</String>
            <String>Pr_Dutta@emblemhealth.com</String>
            <String>A_De@emblemhealth.com</String>
            <String>S_Roy2@emblemhealth.com</String>
            <String>S_Chowdhury@emblemhealth.com</String>
            <String>G_NagaVenkatesh@emblemhealth.com</String>
            <String>D_Nag@emblemhealth.com</String>
            <String>EHIDMTeam@emblemhealth.com</String>
          </List>
        </value>
      </entry>
      <entry key="HCS Production">
        <value>
          <List>
            <String>S_Ramasubramanian@emblemhealth.com</String>
          </List>
        </value>
      </entry>
      <entry key="HCS Production_Testing">
        <value>
          <List>
            <String>A_Sengupta@emblemhealth.com</String>
            <String>D_Banerjee@emblemhealth.com</String>
            <String>Pr_Dutta@emblemhealth.com</String>
            <String>A_De@emblemhealth.com</String>
            <String>S_Roy2@emblemhealth.com</String>
            <String>S_Chowdhury@emblemhealth.com</String>
            <String>G_NagaVenkatesh@emblemhealth.com</String>
            <String>D_Nag@emblemhealth.com</String>
            <String>EHIDMTeam@emblemhealth.com</String>
          </List>
        </value>
      </entry>
      <entry key="ImageNow">
        <value>
          <List>
            <String>A_Larosa@EmblemHealth.com</String>
          </List>
        </value>
      </entry>
      <entry key="ImageNow_Testing">
        <value>
          <List>
            <String>A_Sengupta@emblemhealth.com</String>
            <String>D_Banerjee@emblemhealth.com</String>
            <String>Pr_Dutta@emblemhealth.com</String>
            <String>A_De@emblemhealth.com</String>
            <String>S_Roy2@emblemhealth.com</String>
            <String>S_Chowdhury@emblemhealth.com</String>
            <String>G_NagaVenkatesh@emblemhealth.com</String>
            <String>D_Nag@emblemhealth.com</String>
            <String>EHIDMTeam@emblemhealth.com</String>
          </List>
        </value>
      </entry>
      <entry key="MCS Production">
        <value>
          <List>
            <String>S_Ramasubramanian@emblemhealth.com</String>
          </List>
        </value>
      </entry>
      <entry key="MCS Production_Testing">
        <value>
          <List>
            <String>A_Sengupta@emblemhealth.com</String>
            <String>D_Banerjee@emblemhealth.com</String>
            <String>Pr_Dutta@emblemhealth.com</String>
            <String>A_De@emblemhealth.com</String>
            <String>S_Roy2@emblemhealth.com</String>
            <String>S_Chowdhury@emblemhealth.com</String>
            <String>G_NagaVenkatesh@emblemhealth.com</String>
            <String>D_Nag@emblemhealth.com</String>
            <String>EHIDMTeam@emblemhealth.com</String>
          </List>
        </value>
      </entry>
      <entry key="MedicareOutbound">
        <value>
          <List>
            <String>A_Sengupta@emblemhealth.com</String>
            <String>D_Banerjee@emblemhealth.com</String>
          </List>
        </value>
      </entry>
      <entry key="OurIds">
        <value>
          <List>
            <String>A_Sengupta@emblemhealth.com</String>
            <String>D_Banerjee@emblemhealth.com</String>
            <String>Pr_Dutta@emblemhealth.com</String>
            <String>A_De@emblemhealth.com</String>
            <String>S_Roy2@emblemhealth.com</String>
            <String>S_Chowdhury@emblemhealth.com</String>
            <String>G_NagaVenkatesh@emblemhealth.com</String>
            <String>EHIDMTeam@emblemhealth.com</String>
          </List>
        </value>
      </entry>
      <entry key="PeopleSoft_Finance">
        <value>
          <List>
            <String>MFTPSFINANCE@emblemhealth.com</String>
          </List>
        </value>
      </entry>
      <entry key="PeopleSoft_Finance_Testing">
        <value>
          <List>
            <String>A_Sengupta@emblemhealth.com</String>
            <String>D_Banerjee@emblemhealth.com</String>
            <String>Pr_Dutta@emblemhealth.com</String>
            <String>A_De@emblemhealth.com</String>
            <String>S_Roy2@emblemhealth.com</String>
            <String>S_Chowdhury@emblemhealth.com</String>
            <String>G_NagaVenkatesh@emblemhealth.com</String>
            <String>D_Nag@emblemhealth.com</String>
            <String>EHIDMTeam@emblemhealth.com</String>
          </List>
        </value>
      </entry>
      <entry key="PeopleSoft_HR">
        <value>
          <List>
            <String>s_enagandula@emblemhealth.com</String>
            <String>kgassi@emblemhealth.com</String>
            <String>jgarcia3@emblemhealth.com</String>
          </List>
        </value>
      </entry>
      <entry key="PeopleSoft_HR_Testing">
        <value>
          <List>
            <String>A_Sengupta@emblemhealth.com</String>
            <String>D_Banerjee@emblemhealth.com</String>
            <String>Pr_Dutta@emblemhealth.com</String>
            <String>A_De@emblemhealth.com</String>
            <String>S_Roy2@emblemhealth.com</String>
            <String>S_Chowdhury@emblemhealth.com</String>
            <String>G_NagaVenkatesh@emblemhealth.com</String>
            <String>D_Nag@emblemhealth.com</String>
            <String>EHIDMTeam@emblemhealth.com</String>
          </List>
        </value>
      </entry>
      <entry key="QCare Production QPLI">
        <value>
          <List>
            <String>M_Govindarajan@emblemhealth.com</String>
            <String>M_Ramar@emblemhealth.com</String>
          </List>
        </value>
      </entry>
      <entry key="QCare Production QPLI_Testing">
        <value>
          <List>
            <String>A_Sengupta@emblemhealth.com</String>
            <String>D_Banerjee@emblemhealth.com</String>
            <String>Pr_Dutta@emblemhealth.com</String>
            <String>A_De@emblemhealth.com</String>
            <String>S_Roy2@emblemhealth.com</String>
            <String>S_Chowdhury@emblemhealth.com</String>
            <String>G_NagaVenkatesh@emblemhealth.com</String>
            <String>D_Nag@emblemhealth.com</String>
            <String>EHIDMTeam@emblemhealth.com</String>
          </List>
        </value>
      </entry>
      <entry key="QCare Production QPNY">
        <value>
          <List>
            <String>M_Govindarajan@emblemhealth.com</String>
            <String>M_Ramar@emblemhealth.com</String>
          </List>
        </value>
      </entry>
      <entry key="QCare Production QPNY_Testing">
        <value>
          <List>
            <String>A_Sengupta@emblemhealth.com</String>
            <String>D_Banerjee@emblemhealth.com</String>
            <String>Pr_Dutta@emblemhealth.com</String>
            <String>A_De@emblemhealth.com</String>
            <String>S_Roy2@emblemhealth.com</String>
            <String>S_Chowdhury@emblemhealth.com</String>
            <String>G_NagaVenkatesh@emblemhealth.com</String>
            <String>D_Nag@emblemhealth.com</String>
            <String>EHIDMTeam@emblemhealth.com</String>
          </List>
        </value>
      </entry>
      <entry key="RACF HMO">
        <value>
          <List>
            <String>M_Govindarajan@emblemhealth.com</String>
            <String>M_Ramar@emblemhealth.com</String>
          </List>
        </value>
      </entry>
      <entry key="RACF HMO_Testing">
        <value>
          <List>
            <String>A_Sengupta@emblemhealth.com</String>
            <String>D_Banerjee@emblemhealth.com</String>
            <String>Pr_Dutta@emblemhealth.com</String>
            <String>A_De@emblemhealth.com</String>
            <String>S_Roy2@emblemhealth.com</String>
            <String>S_Chowdhury@emblemhealth.com</String>
            <String>G_NagaVenkatesh@emblemhealth.com</String>
            <String>D_Nag@emblemhealth.com</String>
            <String>EHIDMTeam@emblemhealth.com</String>
          </List>
        </value>
      </entry>
      <entry key="RACF PPO">
        <value>
          <List>
            <String>M_Govindarajan@emblemhealth.com</String>
          </List>
        </value>
      </entry>
      <entry key="RACF PPO_Testing">
        <value>
          <List>
            <String>A_Sengupta@emblemhealth.com</String>
            <String>D_Banerjee@emblemhealth.com</String>
            <String>Pr_Dutta@emblemhealth.com</String>
            <String>A_De@emblemhealth.com</String>
            <String>S_Roy2@emblemhealth.com</String>
            <String>S_Chowdhury@emblemhealth.com</String>
            <String>G_NagaVenkatesh@emblemhealth.com</String>
            <String>D_Nag@emblemhealth.com</String>
            <String>EHIDMTeam@emblemhealth.com</String>
          </List>
        </value>
      </entry>
      <entry key="SCCDMailbox">
        <value>
          <List>
            <String>idmsccdintegrationprod@emblemhealth.com</String>
          </List>
        </value>
      </entry>
      <entry key="SCCDMailboxVendorOnboarding">
        <value>
          <List>
            <String>idmvendoronboarding@emblemhealth.com</String>
          </List>
        </value>
      </entry>
      <entry key="Vendor">
        <value>
          <List>
            <String>A_Sengupta@emblemhealth.com</String>
            <String>D_Banerjee@emblemhealth.com</String>
          </List>
        </value>
      </entry>
    </Map>
  </Attributes>
</Custom>