<?xml version='1.0' encoding='UTF-8'?>
<!DOCTYPE Custom PUBLIC "sailpoint.dtd" "sailpoint.dtd">
<Custom name="EH_SOX_AD_Groups">
  <Attributes>
    <Map>
      <entry key="Cognizant_Users_Local_Admin_Enabled">
        <value>
          <Map>
            <entry key="dn" value="CN=Cognizant_Users_Local_Admin_Enabled,OU=Cognizant_Local_Admin,OU=Cognizant,OU=Application,OU=Groups,OU=Accounts,OU=CORP,DC=EMBLEM,DC=EMBLEMHEALTH,DC=COM"/>
            <entry key="owner" value="v011041"/>
            <entry key="requestable" value="false"/>
          </Map>
        </value>
      </entry>
      <entry key="DW_COMPREHEALTH_ROLE">
        <value>
          <Map>
            <entry key="dn" value="CN=DW_COMPREHEALTH_ROLE,OU=DW,OU=OVD,OU=Application,OU=Groups,OU=Accounts,OU=CORP,DC=EMBLEM,DC=EMBLEMHEALTH,DC=COM"/>
            <entry key="owner" value="v011041"/>
            <entry key="requestable" value="false"/>
          </Map>
        </value>
      </entry>
      <entry key="DW_GLFEED_ESI">
        <value>
          <Map>
            <entry key="dn" value="CN=DW_GLFEED_ESI,OU=DW,OU=OVD,OU=Application,OU=Groups,OU=Accounts,OU=CORP,DC=EMBLEM,DC=EMBLEMHEALTH,DC=COM"/>
            <entry key="owner" value="v011041"/>
            <entry key="requestable" value="false"/>
          </Map>
        </value>
      </entry>
      <entry key="DW_GLFEED_ROLE">
        <value>
          <Map>
            <entry key="dn" value="CN=DW_GLFEED_ESI,OU=DW,OU=OVD,OU=Application,OU=Groups,OU=Accounts,OU=CORP,DC=EMBLEM,DC=EMBLEMHEALTH,DC=COM"/>
            <entry key="owner" value="v011041"/>
            <entry key="requestable" value="false"/>
          </Map>
        </value>
      </entry>
      <entry key="DW_HIP_BENEFIT">
        <value>
          <Map>
            <entry key="dn" value="CN=DW_HIP_BENEFIT,OU=DW,OU=OVD,OU=Application,OU=Groups,OU=Accounts,OU=CORP,DC=EMBLEM,DC=EMBLEMHEALTH,DC=COM"/>
            <entry key="owner" value="v011041"/>
            <entry key="requestable" value="false"/>
          </Map>
        </value>
      </entry>
      <entry key="DW_HIP_BILLING_BA">
        <value>
          <Map>
            <entry key="dn" value="CN=DW_HIP_BILLING_BA,OU=DW,OU=OVD,OU=Application,OU=Groups,OU=Accounts,OU=CORP,DC=EMBLEM,DC=EMBLEMHEALTH,DC=COM"/>
            <entry key="owner" value="v011041"/>
            <entry key="requestable" value="false"/>
          </Map>
        </value>
      </entry>
      <entry key="DW_HIP_CADATAMART_BA">
        <value>
          <Map>
            <entry key="dn" value="CN=DW_HIP_CADATAMART_BA,OU=DW,OU=OVD,OU=Application,OU=Groups,OU=Accounts,OU=CORP,DC=EMBLEM,DC=EMBLEMHEALTH,DC=COM"/>
            <entry key="owner" value="v011041"/>
            <entry key="requestable" value="false"/>
          </Map>
        </value>
      </entry>
      <entry key="DW_HIP_CAREGAIN">
        <value>
          <Map>
            <entry key="dn" value="CN=DW_HIP_CAREGAIN,OU=DW,OU=OVD,OU=Application,OU=Groups,OU=Accounts,OU=CORP,DC=EMBLEM,DC=EMBLEMHEALTH,DC=COM"/>
            <entry key="owner" value="v011041"/>
            <entry key="requestable" value="false"/>
          </Map>
        </value>
      </entry>
      <entry key="DW_HIP_CLAIMS_BA">
        <value>
          <Map>
            <entry key="dn" value="CN=DW_HIP_CLAIMS_BA,OU=DW,OU=OVD,OU=Application,OU=Groups,OU=Accounts,OU=CORP,DC=EMBLEM,DC=EMBLEMHEALTH,DC=COM"/>
            <entry key="owner" value="v011041"/>
            <entry key="requestable" value="false"/>
          </Map>
        </value>
      </entry>
      <entry key="DW_HIP_CLMTHRESHHOLD">
        <value>
          <Map>
            <entry key="dn" value="CN=DW_HIP_CLMTHRESHHOLD,OU=DW,OU=OVD,OU=Application,OU=Groups,OU=Accounts,OU=CORP,DC=EMBLEM,DC=EMBLEMHEALTH,DC=COM"/>
            <entry key="owner" value="v011041"/>
            <entry key="requestable" value="false"/>
          </Map>
        </value>
      </entry>
      <entry key="DW_HIP_DEVELOPER">
        <value>
          <Map>
            <entry key="dn" value="CN=DW_HIP_DEVELOPER,OU=DW,OU=OVD,OU=Application,OU=Groups,OU=Accounts,OU=CORP,DC=EMBLEM,DC=EMBLEMHEALTH,DC=COM"/>
            <entry key="owner" value="v011041"/>
            <entry key="requestable" value="false"/>
          </Map>
        </value>
      </entry>
      <entry key="DW_HIP_EMPGROUP">
        <value>
          <Map>
            <entry key="dn" value="CN=DW_HIP_EMPGROUP,OU=DW,OU=OVD,OU=Application,OU=Groups,OU=Accounts,OU=CORP,DC=EMBLEM,DC=EMBLEMHEALTH,DC=COM"/>
            <entry key="owner" value="v011041"/>
            <entry key="requestable" value="false"/>
          </Map>
        </value>
      </entry>
      <entry key="DW_HIP_ENROLLMENT_BA">
        <value>
          <Map>
            <entry key="dn" value="CN=DW_HIP_ENROLLMENT_BA,OU=DW,OU=OVD,OU=Application,OU=Groups,OU=Accounts,OU=CORP,DC=EMBLEM,DC=EMBLEMHEALTH,DC=COM"/>
            <entry key="owner" value="v011041"/>
            <entry key="requestable" value="false"/>
          </Map>
        </value>
      </entry>
      <entry key="DW_HIP_LAB_BA">
        <value>
          <Map>
            <entry key="dn" value="CN=DW_HIP_LAB_BA,OU=DW,OU=OVD,OU=Application,OU=Groups,OU=Accounts,OU=CORP,DC=EMBLEM,DC=EMBLEMHEALTH,DC=COM"/>
            <entry key="owner" value="v011041"/>
            <entry key="requestable" value="false"/>
          </Map>
        </value>
      </entry>
      <entry key="DW_HIP_MEDIREC">
        <value>
          <Map>
            <entry key="dn" value="CN=DW_HIP_MEDIREC,OU=DW,OU=OVD,OU=Application,OU=Groups,OU=Accounts,OU=CORP,DC=EMBLEM,DC=EMBLEMHEALTH,DC=COM"/>
            <entry key="owner" value="v011041"/>
            <entry key="requestable" value="false"/>
          </Map>
        </value>
      </entry>
      <entry key="DW_HIP_MEDIREC2">
        <value>
          <Map>
            <entry key="dn" value="CN=DW_HIP_MEDIREC2,OU=DW,OU=OVD,OU=Application,OU=Groups,OU=Accounts,OU=CORP,DC=EMBLEM,DC=EMBLEMHEALTH,DC=COM"/>
            <entry key="owner" value="v011041"/>
            <entry key="requestable" value="false"/>
          </Map>
        </value>
      </entry>
      <entry key="DW_HIP_MEMBERRETROTAGS">
        <value>
          <Map>
            <entry key="dn" value="CN=DW_HIP_MEMBERRETROTAGS,OU=DW,OU=OVD,OU=Application,OU=Groups,OU=Accounts,OU=CORP,DC=EMBLEM,DC=EMBLEMHEALTH,DC=COM"/>
            <entry key="owner" value="v011041"/>
            <entry key="requestable" value="false"/>
          </Map>
        </value>
      </entry>
      <entry key="DW_HIP_PREAUTH_BA">
        <value>
          <Map>
            <entry key="dn" value="CN=DW_HIP_PREAUTH_BA,OU=DW,OU=OVD,OU=Application,OU=Groups,OU=Accounts,OU=CORP,DC=EMBLEM,DC=EMBLEMHEALTH,DC=COM"/>
            <entry key="owner" value="v011041"/>
            <entry key="requestable" value="false"/>
          </Map>
        </value>
      </entry>
      <entry key="DW_HIP_PROVIDER">
        <value>
          <Map>
            <entry key="dn" value="CN=DW_HIP_PROVIDER,OU=DW,OU=OVD,OU=Application,OU=Groups,OU=Accounts,OU=CORP,DC=EMBLEM,DC=EMBLEMHEALTH,DC=COM"/>
            <entry key="owner" value="v011041"/>
            <entry key="requestable" value="false"/>
          </Map>
        </value>
      </entry>
      <entry key="DW_HIP_QRTE_CLAIMS_BA">
        <value>
          <Map>
            <entry key="dn" value="CN=DW_HIP_QRTE_CLAIMS_BA,OU=DW,OU=OVD,OU=Application,OU=Groups,OU=Accounts,OU=CORP,DC=EMBLEM,DC=EMBLEMHEALTH,DC=COM"/>
            <entry key="owner" value="v011041"/>
            <entry key="requestable" value="false"/>
          </Map>
        </value>
      </entry>
      <entry key="DW_VYTRA_BENEFIT">
        <value>
          <Map>
            <entry key="dn" value="CN=DW_VYTRA_BENEFIT,OU=DW,OU=OVD,OU=Application,OU=Groups,OU=Accounts,OU=CORP,DC=EMBLEM,DC=EMBLEMHEALTH,DC=COM"/>
            <entry key="owner" value="v011041"/>
            <entry key="requestable" value="false"/>
          </Map>
        </value>
      </entry>
      <entry key="DW_VYTRA_BILLING_BA">
        <value>
          <Map>
            <entry key="dn" value="CN=DW_VYTRA_BILLING_BA,OU=DW,OU=OVD,OU=Application,OU=Groups,OU=Accounts,OU=CORP,DC=EMBLEM,DC=EMBLEMHEALTH,DC=COM"/>
            <entry key="owner" value="v011041"/>
            <entry key="requestable" value="false"/>
          </Map>
        </value>
      </entry>
      <entry key="DW_VYTRA_CLAIMS_BA">
        <value>
          <Map>
            <entry key="dn" value="CN=DW_VYTRA_CLAIMS_BA,OU=DW,OU=OVD,OU=Application,OU=Groups,OU=Accounts,OU=CORP,DC=EMBLEM,DC=EMBLEMHEALTH,DC=COM"/>
            <entry key="owner" value="v011041"/>
            <entry key="requestable" value="false"/>
          </Map>
        </value>
      </entry>
      <entry key="DW_VYTRA_EMPGROUP">
        <value>
          <Map>
            <entry key="dn" value="CN=DW_VYTRA_EMPGROUP,OU=DW,OU=OVD,OU=Application,OU=Groups,OU=Accounts,OU=CORP,DC=EMBLEM,DC=EMBLEMHEALTH,DC=COM"/>
            <entry key="owner" value="v011041"/>
            <entry key="requestable" value="false"/>
          </Map>
        </value>
      </entry>
      <entry key="DW_VYTRA_ENROLLMENT_BA">
        <value>
          <Map>
            <entry key="dn" value="CN=DW_VYTRA_ENROLLMENT_BA,OU=DW,OU=OVD,OU=Application,OU=Groups,OU=Accounts,OU=CORP,DC=EMBLEM,DC=EMBLEMHEALTH,DC=COM"/>
            <entry key="owner" value="v011041"/>
            <entry key="requestable" value="false"/>
          </Map>
        </value>
      </entry>
      <entry key="DW_VYTRA_PREAUTH_BA">
        <value>
          <Map>
            <entry key="dn" value="CN=DW_VYTRA_PREAUTH_BA,OU=DW,OU=OVD,OU=Application,OU=Groups,OU=Accounts,OU=CORP,DC=EMBLEM,DC=EMBLEMHEALTH,DC=COM"/>
            <entry key="owner" value="v011041"/>
            <entry key="requestable" value="false"/>
          </Map>
        </value>
      </entry>
      <entry key="DW_VYTRA_PROVIDER">
        <value>
          <Map>
            <entry key="dn" value="CN=DW_VYTRA_PROVIDER,OU=DW,OU=OVD,OU=Application,OU=Groups,OU=Accounts,OU=CORP,DC=EMBLEM,DC=EMBLEMHEALTH,DC=COM"/>
            <entry key="owner" value="v011041"/>
            <entry key="requestable" value="false"/>
          </Map>
        </value>
      </entry>
      <entry key="Palo-CTS-Office365">
        <value>
          <Map>
            <entry key="dn"/>
            <entry key="owner"/>
            <entry key="requestable" value="false"/>
          </Map>
        </value>
      </entry>
      <entry key="Palo_Social Media-Non-Union">
        <value>
          <Map>
            <entry key="dn"/>
            <entry key="owner"/>
            <entry key="requestable" value="false"/>
          </Map>
        </value>
      </entry>
      <entry key="Palo_Social Media-Union">
        <value>
          <Map>
            <entry key="dn"/>
            <entry key="owner"/>
            <entry key="requestable" value="false"/>
          </Map>
        </value>
      </entry>
    </Map>
  </Attributes>
</Custom>