<?xml version='1.0' encoding='UTF-8'?>
<!DOCTYPE Custom PUBLIC "sailpoint.dtd" "sailpoint.dtd">
<Custom name="EH_Task_Interval">
  <Attributes>
    <Map>
      <entry key="afterTerminationTask" value="15"/>
      <entry key="ehpmoNotification" value="0"/>
      <entry key="medicareOutboundFeed" value="5"/>
      <entry key="reminderNotification">
        <value>
          <List>
            <String>1</String>
            <String>7</String>
            <String>15</String>
          </List>
        </value>
      </entry>
      <entry key="verifyOutboundFeed" value="7"/>
    </Map>
  </Attributes>
</Custom>