<?xml version='1.0' encoding='UTF-8'?>
<!DOCTYPE Custom PUBLIC "sailpoint.dtd" "sailpoint.dtd">
<Custom name="EH_Update_SVN_and_DOB_Configurations">
  <Attributes>
    <Map>
      <entry key="CSV_DELIMITER" value=","/>
      <entry key="CSV_VENDOR_DOB" value="dob"/>
      <entry key="CSV_VENDOR_EMPLOYEEID" value="employeeID"/>
      <entry key="CSV_VENDOR_GIVENNAME" value="givenName"/>
      <entry key="CSV_VENDOR_SN" value="sn"/>
      <entry key="CSV_VENDOR_SSN" value="ssn"/>
    </Map>
  </Attributes>
</Custom>