<?xml version='1.0' encoding='UTF-8'?>
<!DOCTYPE DynamicScope PUBLIC "sailpoint.dtd" "sailpoint.dtd">
<DynamicScope name="EH - Manage Service Account Scope">
  <Description>Dynamic Scopr for Manage Service Account</Description>
  <PopulationRequestAuthority allowAll="true"/>
  <Selector>
    <IdentitySelector>
      <Script>
        <Source>
         
          import sailpoint.object.Identity;
          import sailpoint.object.Capability;
          import sailpoint.object.QueryOptions;
          import sailpoint.object.Filter;
          import sailpoint.api.*;
   
          String loggedinUserName = identity.getName();
          int count = 0;
          String loggedInUserType=null;
	 			  boolean loginCapability=false;
          Identity user = context.getObjectByName(Identity.class,loggedinUserName);
          Identity userWorkGroup = context.getObjectByName(Identity.class,"EH_IDM_ADMIN");
          List userWG = user.getWorkgroups();
          if(userWG != null &amp;&amp; !userWG.isEmpty())
          {
          if(userWG.contains(userWorkGroup))
          loggedInUserType = "infosec user";  
          }
       		if(loggedInUserType == null) //User is not HD
          {
          List capabilities = user.getCapabilities();
          Capability capability = context.getObjectByName(Capability.class,"SystemAdministrator");
          if(capabilities != null &amp;&amp; !capabilities.isEmpty()) {
          if(capabilities.contains(capability))
          loggedInUserType = "SYSADMIN";
          }
          }

          
          QueryOptions qo = new QueryOptions();
          qo.addFilter(Filter.eq("manager.name",loggedinUserName));
          qo.addFilter(Filter.ignoreCase(Filter.eq("employeeType","ServiceIQ")));
          Iterator it = context.search(Identity.class,qo);
          if(null != it || (!(it.isEmpty()))){
          while(it.hasNext()){
          Identity temp = it.next();
          count++; 
          break;
          }
          }
         
          if(loggedInUserType != null)
          loginCapability = true;
          if((count &gt; 0) || (loginCapability))
           return true;
          else 
           return false;
        </Source>
      </Script>
    </IdentitySelector>
  </Selector>
</DynamicScope>