<?xml version='1.0' encoding='UTF-8'?>
<!DOCTYPE DynamicScope PUBLIC "sailpoint.dtd" "sailpoint.dtd">
<DynamicScope name="Vendor Relationship Manager">
  <PopulationRequestAuthority allowAll="true"/>
  <Selector>
    <IdentitySelector>
      <Script>
        <Source>import sailpoint.object.*;
          import sailpoint.api.*;
          import java.sql.*;
          import java.io.*;
          import java.text.*;
          import java.util.*;


          List l1 = new ArrayList();
          String requestor = identity.getName();

         

          System.out.println(requestor);

          HashMap args = new HashMap();
          args.put("vendor_relationship_manager",requestor);
          String query = "sql:select vendor_relationship_manager from EH_SP_Custom_Vendor_Company where vendor_relationship_manager=(:vendor_relationship_manager) and company_status='Active'";

          Iterator iteratorsql = context.search(query, args, null);
          while (iteratorsql.hasNext()) 
          {
          String count = iteratorsql.next();
          l1.add(count);
          }

          if (!(l1.isEmpty())) {
          return (l1.contains(identity.getName()));
          }

          return false;</Source>
      </Script>
    </IdentitySelector>
  </Selector>
</DynamicScope>