<?xml version='1.0' encoding='UTF-8'?>
<!DOCTYPE AuditConfig PUBLIC "sailpoint.dtd" "sailpoint.dtd">
<AuditConfig name="AuditConfig">
  <AuditActions>
    <AuditAction displayName="audit_action_login" enabled="true" name="login"/>
    <AuditAction displayName="audit_action_logout" enabled="true" name="logout"/>
    <AuditAction displayName="audit_action_loginFailure" name="loginFailure"/>
    <AuditAction displayName="audit_action_session_timeout" name="SessionTimeout"/>
    <AuditAction displayName="audit_action_import" name="import"/>
    <AuditAction displayName="audit_action_run" name="run"/>
    <AuditAction displayName="audit_action_emailSent" enabled="true" name="emailSent"/>
    <AuditAction displayName="audit_action_emailFailure" enabled="true" name="emailFailure"/>
    <AuditAction displayName="audit_action_delegate" name="delegate"/>
    <AuditAction displayName="audit_action_completeDelegation" enabled="true" name="completeDelegation"/>
    <AuditAction displayName="audit_action_revokeDelegation" enabled="true" name="revokeDelegation"/>
    <AuditAction displayName="audit_action_reassign" enabled="true" name="reassign"/>
    <AuditAction displayName="audit_action_rescindCertification" enabled="true" name="rescindCertification"/>
    <AuditAction displayName="audit_action_remediate" enabled="true" name="remediate"/>
    <AuditAction displayName="audit_action_signoff" enabled="true" name="signoff"/>
    <AuditAction displayName="audit_action_signoffEscalation" enabled="true" name="signoffEscalation"/>
    <AuditAction displayName="audit_action_escalate" enabled="true" name="escalate"/>
    <AuditAction displayName="audit_action_expire" enabled="true" name="expire"/>
    <AuditAction displayName="audit_action_approve" enabled="true" name="approve"/>
    <AuditAction displayName="audit_action_reject" enabled="true" name="reject"/>
    <AuditAction displayName="audit_action_startWorkflow" name="startWorkflow"/>
    <AuditAction displayName="audit_action_updateRole" enabled="true" name="updateRole"/>
    <AuditAction displayName="audit_action_disableRole" enabled="true" name="disableRole"/>
    <AuditAction displayName="audit_action_Forward" enabled="true" name="Forward"/>
    <AuditAction displayName="audit_action_WorkItemAssignment" name="WorkItemAssignment"/>
    <AuditAction displayName="audit_action_RemediationItemAssignment" name="RemediationItemAssignment"/>
    <AuditAction displayName="audit_action_historiesPruned" name="historiesPruned"/>
    <AuditAction displayName="audit_action_taskResultsPruned" name="taskResultsPruned"/>
    <AuditAction displayName="audit_action_requestsPruned" name="requestsPruned"/>
    <AuditAction displayName="audit_action_syslogEventsPruned" name="syslogEventsPruned"/>
    <AuditAction displayName="audit_action_certificationsPruned" name="certificationsPruned"/>
    <AuditAction displayName="audit_action_certificationsArchived" name="certificationsArchived"/>
    <AuditAction displayName="audit_action_certificationArchivesPruned" name="certificationArchivesPruned"/>
    <AuditAction displayName="audit_action_certificationsFinished" enabled="true" name="certificationsFinished"/>
    <AuditAction displayName="audit_action_remediationsScanned" name="remediationsScanned"/>
    <AuditAction displayName="audit_action_inactiveWorkItemsForwarded" name="inactiveWorkItemsForwarded"/>
    <AuditAction displayName="audit_action_scopesDenormalized" name="scopesDenormalized"/>
    <AuditAction displayName="audit_action_certificationsPhased" name="certificationsPhased"/>
    <AuditAction displayName="audit_action_certificationItemsPhased" name="certificationItemsPhased"/>
    <AuditAction displayName="audit_action_continuousCertsProcessed" name="continuousCertsProcessed"/>
    <AuditAction displayName="audit_action_continuousCertItemsRequired" name="continuousCertItemsRequired"/>
    <AuditAction displayName="audit_action_continuousCertItemsOverdue" name="continuousCertItemsOverdue"/>
    <AuditAction displayName="audit_action_pruneProvisioningTransactions" name="provisioningTransactionsPruned"/>
    <AuditAction displayName="audit_action_provision" name="provision"/>
    <AuditAction displayName="audit_action_expansion" name="expansion"/>
    <AuditAction displayName="audit_action_identityCorrelation" name="identityCorrelation"/>
    <AuditAction displayName="audit_action_linkMoved" name="linkMoved"/>
    <AuditAction displayName="audit_action_identityLifecycleEvent" enabled="true" name="identityLifecycleEvent"/>
    <AuditAction displayName="audit_action_activate" enabled="true" name="activate"/>
    <AuditAction displayName="audit_action_deactivate" enabled="true" name="deactivate"/>
    <AuditAction displayName="audit_action_violationAllowException" name="violationAllowException"/>
    <AuditAction displayName="audit_action_violationCorrection" name="violationCorrection"/>
    <AuditAction displayName="audit_action_violationDelegate" name="violationDelegate"/>
    <AuditAction displayName="audit_action_plugin_installed" name="PluginInstalled"/>
    <AuditAction displayName="audit_action_plugin_upgraded" name="PluginUpgraded"/>
    <AuditAction displayName="audit_action_plugin_uninstalled" name="PluginUninstalled"/>
    <AuditAction displayName="audit_action_plugin_enabled" name="PluginEnabled"/>
    <AuditAction displayName="audit_action_plugin_disabled" name="PluginDisabled"/>
    <AuditAction displayName="audit_action_plugin_configuration_changed" name="PluginConfigurationChanged"/>
    <AuditAction displayName="audit_action_alert_processed" name="AlertProcessed"/>
    <AuditAction displayName="audit_action_alert_action_created" name="AlertActionCreated"/>
    <AuditAction displayName="audit_action_ApproveLineItem" enabled="true" name="ApproveLineItem"/>
    <AuditAction displayName="audit_action_AccountsRequestStart" enabled="true" name="AccountsRequestStart"/>
    <AuditAction displayName="audit_action_Comment" enabled="true" name="Comment"/>
    <AuditAction displayName="audit_action_Create" enabled="true" name="Create"/>
    <AuditAction displayName="audit_action_Delete" enabled="true" name="Delete"/>
    <AuditAction displayName="audit_action_Disable" enabled="true" name="Disable"/>
    <AuditAction displayName="audit_action_Enable" enabled="true" name="Enable"/>
    <AuditAction displayName="audit_action_EntitlementAdd" enabled="true" name="EntitlementAdd"/>
    <AuditAction displayName="audit_action_EntitlementRemove" enabled="true" name="EntitlementRemove"/>
    <AuditAction displayName="audit_action_EntitlementsRequestStart" enabled="true" name="EntitlementsRequestStart"/>
    <AuditAction displayName="audit_action_ExpirePasswordStart" enabled="true" name="ExpirePasswordStart"/>
    <AuditAction displayName="audit_action_ForgotPasswordStart" enabled="true" name="ForgotPasswordStart"/>
    <AuditAction displayName="audit_action_IdentityCreateRequestStart" enabled="true" name="IdentityCreateRequestStart"/>
    <AuditAction displayName="audit_action_IdentityEditRequestStart" enabled="true" name="IdentityEditRequestStart"/>
    <AuditAction displayName="audit_action_ManualChange" enabled="true" name="ManualChange"/>
    <AuditAction displayName="audit_action_Modify" enabled="true" name="Modify"/>
    <AuditAction displayName="audit_action_PasswordRequestStart" enabled="true" name="PasswordsRequestStart"/>
    <AuditAction displayName="audit_action_PasswordChanged" enabled="true" name="PasswordChange"/>
    <AuditAction displayName="audit_action_PasswordChangeFailure" enabled="true" name="PasswordChangeFailure"/>
    <AuditAction displayName="audit_action_ForgotPasswordChange" enabled="true" name="ForgotPasswordChange"/>
    <AuditAction displayName="audit_action_ExpiredPasswordChange" enabled="true" name="ExpiredPasswordChange"/>
    <AuditAction displayName="audit_action_ProvisioningComplete" enabled="true" name="ProvisioningComplete"/>
    <AuditAction displayName="audit_action_ProvisioningFailure" enabled="true" name="ProvisioningFailure"/>
    <AuditAction displayName="audit_action_RegistrationStart" enabled="true" name="RegistrationStart"/>
    <AuditAction displayName="audit_action_RejectLineItem" enabled="true" name="RejectLineItem"/>
    <AuditAction displayName="audit_action_RoleAdd" enabled="true" name="RoleAdd"/>
    <AuditAction displayName="audit_action_RoleRemove" enabled="true" name="RoleRemove"/>
    <AuditAction displayName="audit_action_RolesRequestStart" enabled="true" name="RolesRequestStart"/>
    <AuditAction displayName="audit_action_Unlock" enabled="true" name="Unlock"/>
    <AuditAction displayName="audit_action_IdentityLocked" enabled="true" name="IdentityLocked"/>
    <AuditAction displayName="audit_action_IdentityUnlocked" enabled="true" name="IdentityUnlocked"/>
    <AuditAction displayName="audit_action_AuthAnswerIncorrect" enabled="true" name="AuthAnswerIncorrect"/>
    <AuditAction displayName="audit_action_AccessRequestStart" enabled="true" name="AccessRequestStart"/>
    <AuditAction displayName="audit_action_PasswordPolicyChange" enabled="true" name="PasswordPolicyChange"/>
    <AuditAction displayName="audit_action_ServerUpDown" enabled="true" name="ServerUpDown"/>
    <AuditAction displayName="audit_action_APIConfigurationChange" enabled="true" name="APIConfigurationChange"/>
    <AuditAction displayName="Joiner" enabled="true" name="joiner"/>
    <AuditAction displayName="Mover" enabled="true" name="mover"/>
    <AuditAction displayName="Leaver" enabled="true" name="leaver"/>
    <AuditAction displayName="LeaverAfter15Days" enabled="true" name="leaverAfter15Days"/>
    <AuditAction displayName="Rehire" enabled="true" name="rehire"/>
    <AuditAction displayName="Hot_Termination" enabled="true" name="hotTermination"/>
    <AuditAction displayName="AD_Re-trigger" enabled="true" name="retrigger"/>
    <AuditAction displayName="Create_Service_Account" enabled="true" name="createServiceAccount"/>
    <AuditAction displayName="Manage_Service_Account" enabled="true" name="ManageServiceAccount"/>
    <AuditAction displayName="Terminate_Service_Account" enabled="true" name="TerminateServiceAccount"/>
    <AuditAction displayName="Owner_Transfer_Service_Account_Termmination" enabled="true" name="OwnershipTransferOfServiceAccountOnTermination"/>
    <AuditAction displayName="Everify_Account_Unlock" enabled="true" name="EverifyAccountUnlock"/>
    <AuditAction displayName="Everify_Password_Reset" enabled="true" name="EverifyPasswordReset"/>
  </AuditActions>
  <AuditAttributes>
    <AuditAttribute class="Identity" displayName="audit_attribute_assignedRoles" name="assignedRoles"/>
    <AuditAttribute class="Identity" displayName="audit_attribute_capabilities" name="capabilities"/>
    <AuditAttribute class="Identity" displayName="audit_attribute_controlledScopes" name="controlledScopes"/>
    <AuditAttribute class="Identity" displayName="audit_attribute_password" name="password"/>
    <AuditAttribute class="Identity" displayName="audit_attribute_scope" name="scope"/>
    <AuditAttribute class="Identity" displayName="audit_attribute_correlationStatus" name="correlationStatus"/>
  </AuditAttributes>
  <AuditClasses>
    <AuditClass create="true" name="ActivityDataSource"/>
    <AuditClass create="true" delete="true" name="Application" update="true"/>
    <AuditClass create="true" delete="true" name="AuditConfig" update="true"/>
    <AuditClass create="true" delete="true" displayName="Role" name="Bundle" update="true"/>
    <AuditClass create="true" delete="true" name="Category" update="true"/>
    <AuditClass create="true" name="Capability" update="true"/>
    <AuditClass create="true" delete="true" name="Configuration" update="true"/>
    <AuditClass create="true" delete="true" name="EmailTemplate" update="true"/>
    <AuditClass create="true" delete="true" name="GroupFactory" update="true"/>
    <AuditClass create="true" delete="true" name="JasperTemplate" update="true"/>
    <AuditClass create="true" delete="true" name="MessageTemplate" update="true"/>
    <AuditClass create="true" name="MiningConfig"/>
    <AuditClass create="true" delete="true" name="ObjectConfig" update="true"/>
    <AuditClass create="true" delete="true" name="Policy" update="true"/>
    <AuditClass create="true" delete="true" name="RequestDefinition" update="true"/>
    <AuditClass create="true" delete="true" name="RightConfig" update="true"/>
    <AuditClass create="true" delete="true" name="Rule" update="true"/>
    <AuditClass delete="true" name="ScoreConfig"/>
    <AuditClass create="true" delete="true" name="TaskDefinition"/>
    <AuditClass create="true" delete="true" name="TaskSchedule"/>
    <AuditClass name="TimePeriod"/>
    <AuditClass create="true" delete="true" name="UIConfig" update="true"/>
    <AuditClass create="true" delete="true" name="Workflow" update="true"/>
  </AuditClasses>
  <AuditSCIMResources>
    <AuditSCIMResource create="true" delete="true" name="User" update="true"/>
    <AuditSCIMResource name="Application"/>
    <AuditSCIMResource name="Entitlement"/>
    <AuditSCIMResource name="Role"/>
    <AuditSCIMResource create="true" delete="true" name="Account" update="true"/>
  </AuditSCIMResources>
</AuditConfig>