<?xml version='1.0' encoding='UTF-8'?>
<!DOCTYPE Rule PUBLIC "sailpoint.dtd" "sailpoint.dtd">
<Rule language="beanshell" name="EH_AD_BeforeProvisioning_Rule" type="BeforeProvisioning">
  <Description>An IdentityIQ server-side rule that is executed before the connector's provisioning method is called. This gives the customer the ability to customize or react to anything in the ProvisioningPlan BEFORE it is sent to the underlying connectors used in provisioning. 

    This rule will be called for any application found in a plan that also has a configured 'beforeProvisioningRule' configured.  

    The plan can be updated directly in the rule by reference and does not need to return the plan.</Description>
  <Signature>
    <Inputs>
      <Argument name="log">
        <Description>
          The log object associated with the SailPointContext.
        </Description>
      </Argument>
      <Argument name="context">
        <Description>
          A sailpoint.api.SailPointContext object that can be used to query the database if necessary.
        </Description>
      </Argument>
      <Argument name="plan">
        <Description>
          The ProvisioningPlan object on its way to the Connector.
        </Description>
      </Argument>
      <Argument name="application">
        <Description>
          The application object that references this before/after script.
        </Description>
      </Argument>
    </Inputs>
  </Signature>
  <Source>import sailpoint.object.Application;
  import sailpoint.object.ResourceObject;
  import sailpoint.object.Attributes;
  import sailpoint.object.TaskResult;                                          
  import sailpoint.connector.Connector;
  import sailpoint.api.Aggregator;   
  import sailpoint.api.ObjectUtil;
  import sailpoint.object.*;
  import sailpoint.object.Identity;
  import sailpoint.object.ProvisioningPlan;
  import sailpoint.api.Provisioner;
  import sailpoint.object.ProvisioningPlan.AccountRequest;
  import sailpoint.object.ProvisioningPlan.AttributeRequest;
  import sailpoint.object.Bundle;
  import sailpoint.object.Custom;
  import java.util.*;


  if(plan != null)
  {

    System.out.println("AD Before Provisioning:: Modified Plan: "+plan.toXml());

    String sourceName = plan.getSourceName(); 
    System.out.println("source name:" + sourceName);
    String sourceType=plan.getSourceType();
    System.out.println("sourceType: "+sourceType);

    if(sourceName != null)
    {
      sourceName = sourceName.toUpperCase();
      System.out.println("source name in upper:" + sourceName);

      if((sourceType!=null &amp;&amp; (sourceType.equalsIgnoreCase("Certification"))) &amp;&amp; sourceName.contains("VENDOR"))
      {
        List acctReqs = plan.getAccountRequests();
        if(acctReqs != null &amp;&amp; !acctReqs.isEmpty())
        {
          int x = acctReqs.size();

          for(int i=0;i &lt; x ;i++)
          {

            ProvisioningPlan.AccountRequest acctReq = (ProvisioningPlan.AccountRequest) acctReqs.get(0);
            if(acctReq != null)
            {
              plan.remove(acctReq);
            }

          }
        }
      }
    }


    Custom appNameCustomObj = context.getObjectByName(Custom.class,"EH_Application_Names");
    String adAppName = (String)appNameCustomObj.get("ad");
    List acctReqs = plan.getAccountRequests();
    List newAcctReqs = new ArrayList();
    if(acctReqs != null &amp;&amp; !acctReqs.isEmpty())
    {
      //Using static variable value for Loop
      int x = acctReqs.size();
      //Variable to access Account Request
      int l=-1;
      //Boolean value to update if any Account Request is removed
      boolean isRequestRemoved=false;
      for(int i=0;i &lt; x ;i++)
      { 
        
        if(isRequestRemoved)
        {

          isRequestRemoved=false;
        }
        else
        { 
          l=l+1;
        }
  
        ProvisioningPlan.AccountRequest acctReq = (ProvisioningPlan.AccountRequest) acctReqs.get(l);
        String application = acctReq.getApplication();
        if (application.equals(adAppName))
        {
          String acctDN = acctReq.getNativeIdentity();
          QueryOptions qo =  new QueryOptions();
          qo.addFilter(Filter.eq("nativeIdentity",acctDN));
          qo.addFilter(Filter.eq("application.name",adAppName));
          List acct = context.getObjects(Link.class,qo);
          if(acct != null &amp;&amp; !acct.isEmpty())
          {
            Link adAcct = (Link)acct.get(0);
            String ehAcctType = adAcct.getAttribute("EHaccountType");
            if(ehAcctType != null &amp;&amp; ehAcctType.equalsIgnoreCase("admin"))
            {
              if(sourceType!=null &amp;&amp; !(sourceType.equalsIgnoreCase("Certification")))
              {
                System.out.println("Inside admin condtn");

                //Not removing admin account request when operation is disable i.e. termination through leaver 
                //Updated code based on source variable of thw two leaver workflows
                //ProvisioningPlan.AccountRequest.Operation acctOp = acctReq.getOperation();
                if(sourceType != null &amp;&amp; !sourceType.equalsIgnoreCase("LCMLeaver"))
                {
                  plan.remove(acctReq);
                  isRequestRemoved=true;
                }


              }
              else if(sourceType == null)
              {
                plan.remove(acctReq);
                isRequestRemoved=true;
              }
            }

          }
        }


      }
    }
    //plan.setAccountRequests(newAcctReqs); 
    System.out.println("AD before Provisioning:: after Modified Plan: "+plan.toXml()); 
  }

  </Source>
</Rule>