<?xml version='1.0' encoding='UTF-8'?>
<!DOCTYPE Rule PUBLIC "sailpoint.dtd" "sailpoint.dtd">
<Rule language="beanshell" name="EH_ADVendor_BuildMapRule" type="BuildMap">
  <Description>This rule is used by the delimited file connector to build a map representation of the delimited data.</Description>
  <ReferencedRules>
    <Reference class="sailpoint.object.Rule" name="EH_Rule_Library"/>
  </ReferencedRules>
  <Signature returnType="Map">
    <Inputs>
      <Argument name="log">
        <Description>
          The log object associated with the SailPointContext.
        </Description>
      </Argument>
      <Argument name="context">
        <Description>
          A sailpoint.api.SailPointContext object that can be used to query the database if necessary.
        </Description>
      </Argument>
      <Argument name="application">
        <Description>
          The application whose data file is being processed.
        </Description>
      </Argument>
      <Argument name="schema">
        <Description>
          The Schema currently in use.
        </Description>
      </Argument>
      <Argument name="state">
        <Description>
          A Map containing state information.
        </Description>
      </Argument>
      <Argument name="record">
        <Description>
          A List of data tokens parsed from the current line of the data file.
        </Description>
      </Argument>
      <Argument name="cols">
        <Description>
          A List of the columns to use.
        </Description>
      </Argument>
    </Inputs>
    <Returns>
      <Argument name="map">
        <Description>
          A Map of the resource object assembled from the data.
        </Description>
      </Argument>
    </Returns>
  </Signature>
  <Source>import java.util.*;
  import sailpoint.object.*;
  import sailpoint.connector.*;
  import java.text.*;
  import java.util.concurrent.*;

  // this rule for creating employeeStatus,employeeType,source attributes and transforing whenCreated,accountExpires date format into MM/dd/yyyy format
  HashMap map = DelimitedFileConnector.defaultBuildMap(cols, record);
  // converting whenCreated dateformat from "yyyyMMddHHmmss" to "MM/dd/yyyy"
  String sDate =  map.get("whenCreated");  
  if(sDate != null &amp;&amp; sDate.trim().length() &gt; 0)
  {
    SimpleDateFormat sdf = new SimpleDateFormat("yyyyMMddHHmmss");
    SimpleDateFormat sdf1 = new SimpleDateFormat("MM/dd/yyyy");
    Date parse = sdf.parse(sDate);
    String StDate= sdf1.format(parse);
    map.put("whenCreated",StDate);
  }
  // converting accountExpires date format to MM/dd/yyyy format
  String eDate =  map.get("accountExpires"); 
  if(eDate != null &amp;&amp; eDate.trim().length() &gt; 0)
  {
    long pwdSetDate = java.lang.Double.valueOf(eDate).longValue();
    long timeAdjust=11644473600000L;     
    Date pwdSet = new Date(pwdSetDate/10000-timeAdjust); 
    DateFormat mydate = new SimpleDateFormat("MM/dd/yyyy");
    String enDate = mydate.format(pwdSet);
    map.put("accountExpires",enDate);
  }
  // setting employeeStatus attributes value-
  String status = (String) map.get("userAccountControl");
  String empStatus = null;
  if(status != null &amp;&amp; status.trim().length() &gt; 0)
  {
    if(status.equalsIgnoreCase("512") || status.equalsIgnoreCase("544") || status.equalsIgnoreCase("66048") || status.equalsIgnoreCase("262656 "))
    {
      empStatus = "Active";
    } 
    else if(status.equalsIgnoreCase("514") || status.equalsIgnoreCase("546") || status.equalsIgnoreCase("66050") || status.equalsIgnoreCase("262658"))
    {
      empStatus = "Terminated";
    }
  }
  // setting employeeStatus,employeeType,source		
  map.put("employeeStatus",empStatus);
  if(empStatus != null &amp;&amp; empStatus.equals("Terminated"))
  {
    map.put("IIQDisabled",true);
    map.put("userStatus","T");
  }
  else if(empStatus != null &amp;&amp; empStatus.equals("Active"))
  {
    map.put("userStatus","A");
  }
  map.put("employeeType",getEmployeeType(application));
  map.put("source","Vendor");
  map.put("vendorID",map.get("employeeID"));

  String displayName = map.get("displayName");
  if(displayName != null &amp;&amp; displayName.trim().length() &gt; 0)
  {
    if(displayName.contains("(vos)") || displayName.contains("(VOS)"))
    {
      map.put("offshoreEmp","Yes");
    }
    else if(displayName.contains("(v)") || displayName.contains("(V)"))
    {
      map.put("offshoreEmp","No");
    }
  }
  return map;</Source>
</Rule>