<?xml version='1.0' encoding='UTF-8'?>
<!DOCTYPE Rule PUBLIC "sailpoint.dtd" "sailpoint.dtd">
<Rule language="beanshell" name="EH_AD_Customization_Rule" type="ResourceObjectCustomization">
  <Description>This rule is configured on the application and is called after the connector has build a ResourceObject from the native application data.

Initially designed for non-rule based connectors to add SPPrivileged flag to an object, but could be used to do any transformations.</Description>
  <Signature returnType="ResourceObject">
    <Inputs>
      <Argument name="log">
        <Description>
          The log object associated with the SailPointContext.
        </Description>
      </Argument>
      <Argument name="context">
        <Description>
          A sailpoint.api.SailPointContext object that can be used to query the database if necessary.
        </Description>
      </Argument>
      <Argument name="object">
        <Description>
          The ResourceObject built by the connector.
        </Description>
      </Argument>
      <Argument name="application">
        <Description>
          Application that references the connector.
        </Description>
      </Argument>
      <Argument name="connector">
        <Description>
          The connector object.
        </Description>
      </Argument>
      <Argument name="state">
        <Description>
          A Map containing state information.
        </Description>
      </Argument>
    </Inputs>
    <Returns>
      <Argument name="resourceObject">
        <Description>
          The updated resource object.
        </Description>
      </Argument>
    </Returns>
  </Signature>
  <Source>import java.io.*;
import java.util.TimeZone;
import java.util.Date;
import java.text.SimpleDateFormat;
import java.text.DateFormat;
import sailpoint.object.Custom;

//System.out.println("Resource Object------"+object.toXml());

String samAccountName = object.getStringAttribute("sAMAccountName");
String dn = object.getStringAttribute("distinguishedName");
String date=object.getAttribute("whenCreated");
//System.out.println("When Created date as in AD"+date);

if(object != null &amp;&amp; object.getObjectType().equals("account")) {
	if (samAccountName!=null ) {
		if(samAccountName.startsWith("A-") || samAccountName.startsWith("a-")) {
			object.put("EHaccountType","admin");
		} else {
			object.put("EHaccountType","primary");
		}
	}
	if(null != dn &amp;&amp; (dn.toLowerCase()).contains("ou=service,")) {
      	      object.put("EHaccountType","service");
    	}
	if (date!=null ) {
		DateFormat inputDF  = new SimpleDateFormat("yyyyMMddHHmmss'.0Z'");
		
		DateFormat outputDF = new SimpleDateFormat("MM/dd/yyyy");
				
                Date date1 = inputDF.parse(date);
		String output = outputDF.format(date1 );
		
		object.put("whenCreated", output );
	}
	return object;
} else if(object != null &amp;&amp; object.getObjectType().equals("group")) {
	String groupName = object.getAttribute("cn");	

	Custom allowedValues = context.getObjectByName(Custom.class, "EH_SOX_AD_Groups");

	if(allowedValues.containsAttribute(groupName)) 	{
		
		String isRequestable = allowedValues.get(groupName).get("requestable");
		

		if(isRequestable.equalsIgnoreCase("true")) {
			object.setAttribute("sysRequestable", true); 
		} else {
			object.setAttribute("sysRequestable", false);
		}	
		return object;
	} else {
		
		return null;
	}
}</Source>
</Rule>