<?xml version='1.0' encoding='UTF-8'?>
<!DOCTYPE Rule PUBLIC "sailpoint.dtd" "sailpoint.dtd">
<Rule language="beanshell" name="EH_AD_Correlation_Rule" type="Correlation">
  <Description>Identity Correlation Rules are used to find identities to which new accounts can be attached.

    A correlation rule must return a Map with one of the specified Return arguments.</Description>
  <Signature returnType="Map">
    <Inputs>
      <Argument name="log">
        <Description>
          The log object associated with the SailPointContext.
        </Description>
      </Argument>
      <Argument name="context">
        <Description>
          A sailpoint.api.SailPointContext object that can be used to query the database if necessary.
        </Description>
      </Argument>
      <Argument name="environment" type="Map">
        <Description>
          Arguments passed to the aggregation task.
        </Description>
      </Argument>
      <Argument name="application">
        <Description>
          Application being aggregated.
        </Description>
      </Argument>
      <Argument name="account">
        <Description>
          A sailpoint.object.ResourceObject returned from the
          collector.
        </Description>
      </Argument>
      <Argument name="link">
        <Description>
          Existing link to this account.
        </Description>
      </Argument>
    </Inputs>
    <Returns>
      <Argument name="identityName">
        <Description>
          The name of an Identity object.
        </Description>
      </Argument>
      <Argument name="identity">
        <Description>
          A fully resolved Identity object if the rule wants
          to do its own queries to locate the identity.
        </Description>
      </Argument>
      <Argument name="identityAttributeName">
        <Description>
          The name of the extended attribute that can be used
          to locate an existing identity.
        </Description>
      </Argument>
      <Argument name="identityAttributeValue">
        <Description>
          The value of the named extended attribute that can be used
          to locate an existing identity. This attribute is used
          together with the identityAttributeName argument.
        </Description>
      </Argument>
    </Returns>
  </Signature>
  <Source>import java.util.HashMap;
  import java.util.*;
  import java.util.List;
  import sailpoint.api.*;
  import sailpoint.object.*;
  import sailpoint.object.QueryOptions;
  import sailpoint.object.Filter;
  import sailpoint.object.ResourceObject;
  import sailpoint.object.Link;


  Map returnMap = new HashMap();
  String samAccountName=account.getStringAttribute("sAMAccountName");
  String empId=account.getStringAttribute("employeeID");


  if(!samAccountName.startsWith("A-") &amp;&amp; !samAccountName.startsWith("a-") )//Primary Account
  {

    if(empId != null &amp;&amp; empId.trim().length() &gt; 0)
    {
      Identity id = context.getObjectByName(Identity.class, empId);
      returnMap.put("identity", id);
    }
    else
    {
      QueryOptions ops = new QueryOptions();
      ops.addFilter(Filter.ignoreCase(Filter.eq("networkID",samAccountName)));
      List iiqUser = context.getObjects(Identity.class, ops);
      if(iiqUser != null &amp;&amp; !iiqUser.isEmpty())
      {
        returnMap.put("identity", (Identity)iiqUser.get(0));
      }
      else
      {
        returnMap.put("identity", null);
      }
    }
  } 
  else //Admin Account
  {

    String managerDN = account.getStringAttribute("manager");

    if(managerDN != null &amp;&amp; managerDN.trim().length() &gt; 0)
    {

      QueryOptions qo = new QueryOptions();
      qo.addFilter(Filter.ignoreCase(Filter.eq("links.nativeIdentity", managerDN)));
      qo.addFilter(Filter.ignoreCase(Filter.eq("links.application.name", "AD")));
      List ids = context.getObjects(Identity.class, qo);

      if(ids != null &amp;&amp; !ids.isEmpty()) 
      {
        Identity id = (Identity)ids.get(0);

        returnMap.put("identity", id);
      } 
      else 
      {
        returnMap.put("identity", null);
      }
    }
    else
    {
      //Try to correlate if employee ID present in admin account by chance
      if(empId != null &amp;&amp; empId.trim().length() &gt; 0)
      {
        Identity id = context.getObjectByName(Identity.class, empId);
        returnMap.put("identity", id);
      }
      else
        returnMap.put("identity", null);
    }
  }

  return returnMap;</Source>
</Rule>