<?xml version='1.0' encoding='UTF-8'?>
<!DOCTYPE Rule PUBLIC "sailpoint.dtd" "sailpoint.dtd">
<Rule language="beanshell" name="EH_assignmentRule_NonSocialMedia" type="IdentitySelector">
  <Description>This rule is used to select an Identity that is related to the given Identity</Description>
  <ReferencedRules>
    <Reference class="sailpoint.object.Rule" name="EH_Rule_Library"/>
  </ReferencedRules>
  <Signature returnType="boolean">
    <Inputs>
      <Argument name="log">
        <Description>
          The log object associated with the SailPointContext.
        </Description>
      </Argument>
      <Argument name="context">
        <Description>
          A sailpoint.api.SailPointContext object that can be used to query the database if necessary.
        </Description>
      </Argument>
      <Argument name="identity" type="Identity">
        <Description>
          The identity.
        </Description>
      </Argument>
      <Argument name="roleName" type="String">
        <Description>
          The name of the sailpoint.object.Bundle (role) that is being selected for the Identity. 
          If roles are not applicable to this Identity selection, this value will be void.
        </Description>
      </Argument>
    </Inputs>
    <Returns>
      <Argument name="success">
        <Description>
          True if the selection was successful; false otherwise.
        </Description>
      </Argument>
    </Returns>
  </Signature>
  <Source>
  import sailpoint.object.*;
  import sailpoint.object.QueryOptions;
  import sailpoint.object.Filter;
  import sailpoint.object.ResourceObject;
  import sailpoint.object.Link;

  QueryOptions qo= new QueryOptions();
  Filter a1=Filter.ignoreCase(Filter.eq("identity.name",identity.getName()));
  Filter a2=Filter.ignoreCase(Filter.eq("EHaccountType","Primary")); 
  qo.add(a1);
  qo.add(a2);  
  Iterator itr=context.search(Link.class,qo);
  Link primaryLink;

  //System.out.println("Assignment rule");

  while(itr.hasNext())
  {
    primaryLink=(Link)itr.next();
  }


  if(primaryLink!=null &amp;&amp;identity.getAttribute("employeeType")!=null &amp;&amp; identity.getAttribute("unionCode")!=null)
  {
    if((!identity.getAttribute("inactive")) &amp;&amp; identity.getAttribute("employeeType").equalsIgnoreCase("Employee") &amp;&amp; identity.getAttribute("unionCode").equalsIgnoreCase("00"))
    { 
     return true;
    }
    else if(identity.getAttribute("employeeStatus").equalsIgnoreCase("LOA")  &amp;&amp; identity.getAttribute("employeeType").equalsIgnoreCase("Employee") &amp;&amp; identity.getAttribute("unionCode").equalsIgnoreCase("00"))
    {
     return true; 
    }
    else if((identity.getAttribute("employeeStatus").equalsIgnoreCase("Active") &amp;&amp; (primaryLink.getAttribute("extensionAttribute5")!=null &amp;&amp; ((primaryLink.getAttribute("extensionAttribute5").equalsIgnoreCase("L"))||(primaryLink.getAttribute("extensionAttribute5").equalsIgnoreCase("P"))))) &amp;&amp; identity.getAttribute("employeeType").equalsIgnoreCase("Employee") &amp;&amp; identity.getAttribute("unionCode").equalsIgnoreCase("00"))
    {
     return true; 
    }
  }
  
  </Source>
</Rule>