<?xml version='1.0' encoding='UTF-8'?>
<!DOCTYPE Rule PUBLIC "sailpoint.dtd" "sailpoint.dtd">
<Rule language="beanshell" name="EH_CertificationSignOff_Rule" type="CertificationSignOffApprover">
  <Description>This rule is run when the certification is signed off to determine who (if anyone) needs to approve the certification decisions.  If this returns a non-null identity, the certification is forwarded to the returned identity.</Description>
  <Signature returnType="Map">
    <Inputs>
      <Argument name="log">
        <Description>
          The log object associated with the SailPointContext.
        </Description>
      </Argument>
      <Argument name="context">
        <Description>
          A sailpoint.api.SailPointContext object that can be used to query the database if necessary.
        </Description>
      </Argument>
      <Argument name="certification">
        <Description>
          The sailpoint.object.Certification that was signed.
        </Description>
      </Argument>
      <Argument name="certifier">
        <Description>
          The sailpoint.object.Identity that signed the certification.
        </Description>
      </Argument>
    </Inputs>
    <Returns>
      <Argument name="identityName">
        <Description>
          The name of the Identity that should approve the certification.  Either
          this or 'identity' should be non-null if certification sign off approval
          is desired.
        </Description>
      </Argument>
      <Argument name="identity">
        <Description>
          The Identity that should approve the certification.  Either this or
          'identityName' should be non-null if certification sign off approval
          is desired.
        </Description>
      </Argument>
    </Returns>
  </Signature>
  <Source>
  import java.util.ArrayList;
  import java.util.Calendar;
  import java.util.*;

  import sailpoint.api.*;
  import sailpoint.object.*;
  import sailpoint.object.CertificationAction;
  import sailpoint.object.CertificationAction.Status;
  import sailpoint.object.CertificationEntity;
  import sailpoint.object.CertificationItem;
  import sailpoint.object.Identity;
  import sailpoint.object.ProvisioningPlan;
  import sailpoint.object.ProvisioningPlan.AccountRequest;
  import sailpoint.object.ProvisioningPlan.AttributeRequest;
  import sailpoint.object.ProvisioningPlan.*;
  import sailpoint.tools.Message;
  import sailpoint.tools.*;



  
  System.out.println(".....................Inside SignOff Rule..............");
  if(certification != null)
  {
    /*Check first escalation date and compare with current date to determine whether the certification is escalated one or not */
    boolean reassignedWorkItemStatus = false;
    boolean isEscalated=false;
    String certificationId = certification.getId();
    List phaseConfigs=certification.getPhaseConfig();
    if(phaseConfigs!=null)
    {
      for(CertificationPhaseConfig phaseConfig:phaseConfigs)
      {
        if(phaseConfig.getPhase() != null &amp;&amp; phaseConfig.getPhase().toString().equals("Active"))
        {
          NotificationConfig notificationConfig=phaseConfig.getNotificationConfig();
          List newConfigList=new ArrayList();
          if(notificationConfig!=null)
          {
            System.out.println("Inside Notification Config.....");

            List configList=notificationConfig.getConfigs();
            if(configList!=null &amp;&amp; configList.size()&gt;0)
            {
              System.out.println("Inside Notification Config List.....");
              Iterator configitr=configList.iterator();
              while(configitr.hasNext())
              {
                NotificationConfig.IConfig config=configitr.next();
                if(config != null)
                {
                  String emailTemplateName=config.getEmailTemplateName();

                  if(emailTemplateName != null &amp;&amp; emailTemplateName.contains("Escalation"))
                  {
                    System.out.println("Inside Escalation....."+emailTemplateName);

                    long millis = config.getMillis();
                    System.out.println("millis==== "+millis);
                    Date activatedDate = certification.getActivated();
                    System.out.println("Activated==== "+activatedDate);
                    //System.out.println("activatedDate==== "+activatedDate.getTime());
                    if(activatedDate != null)
                    {
                      Calendar instance=Calendar.getInstance();
                      //instance.add(Calendar.DATE,20);
                      long currentTime=instance.getTimeInMillis();
                      System.out.println("Current Date......"+currentTime);
                      Calendar instance2 = Calendar.getInstance();
                      instance2.setTime(activatedDate);
                      int x = (int) (millis/1000/60/60/24);
                      instance2.add(Calendar.DATE,x);
                      long escalationTime = instance2.getTimeInMillis();
                      System.out.println("Escalation Date......"+escalationTime);
                      /*Compare current date with escaltion date*/
                      if(currentTime&gt;escalationTime)
                      {
                        isEscalated=true;
                        System.out.println("Escalation True.....");

                      }

                    }
                    break;
                  }

                }
              }
              Util.flushIterator(configitr);
            }
          }


          //context2.decache(reassignCert);
        }
      }
    }
    /* Check whether the certification is reassigned through sign off rule or not*/
    if(!certification.getName().contains("Reassigned") )
    {
      /*certfication is not escalated */
      if(!isEscalated)
      {
        try{
          // loading the workitems
          List wl = certification.getWorkItems();
          for(WorkItem wl2 : wl)
          {
            context.saveObject(wl2);
          }
          List reassignList = new ArrayList();
          List entities = certification.getEntities();
          String applicationName=null;
          /*Get the approved certification items and put it in a list*/
          if(entities != null)
          {
            for(CertificationEntity entity : entities)
            {
              List items = entity.getItems();
              if(items != null)
              {
                for(CertificationItem item : items)
                {
                  CertificationAction action = item.getAction();
                  if(action != null)
                  {
                    Status status = action.getStatus();        
                    if(status != null &amp;&amp; status.equals(CertificationAction.Status.Approved))
                    {
                      reassignList.add(item);
                    }
                    EntitlementSnapshot snapshot=item.getExceptionEntitlements();
                    if(snapshot != null)
                    {
                      applicationName=snapshot.getApplication();
                    }
                  }
                  context.decache(item);
                  context.decache(action);
                }
              }
              context.decache(entity);
            }

          }
          Custom cusOwnerObj=context.getObject(Custom.class,"EH_Custom_SOX_SignOffCertifierNames");
          String ownerID= "";
          if(cusOwnerObj != null)
          {
            if(applicationName!=null &amp;&amp; applicationName.length()&gt;0)
            {
              ownerID=cusOwnerObj.get(applicationName);
            }
            context.decache(cusOwnerObj);
          }

          boolean needReassign=true;
          if(ownerID!=null &amp;&amp; ownerID.trim().length()&gt;0)
          {
            Identity secondCertifier=context.getObject(Identity.class,ownerID);
            List certifierList=new ArrayList();
            if(secondCertifier!=null)
            {
              if(secondCertifier.isWorkgroup())
              {
                List props = new ArrayList();		              
                props.add("name");
                Iterator certifierItr=ObjectUtil.getWorkgroupMembers(context, secondCertifier, props);
                while(certifierItr.hasNext())          
                {
                  Object[] ownerName = (Object[]) certifierItr.next();
                  System.out.println("Owner in workgroup:...."+(String) ownerName[0]);
                  certifierList.add((String) ownerName[0]);
                }

              }
              else
              {
                certifierList.add(secondCertifier.getName());
              }
              if(applicationName.equals("RACF HMO") || applicationName.equals("RACF PPO"))
              {
                Custom cusNextOwnerObj=context.getObject(Custom.class,"EH_Custom_SOX_EscalatedCertifierNames");
                String nextOwner=null;
                if(applicationName.equals("RACF PPO"))
                {
                  nextOwner=cusNextOwnerObj.get("RACF PPO Next Level");
                  System.out.println("RACF PPO Owner:::"+nextOwner);
                }
                if(applicationName.equals("RACF HMO"))
                {

                  nextOwner=cusNextOwnerObj.get("RACF HMO Next Level");
                  System.out.println("RACF HMO Owner:::"+nextOwner);
                }
                certifierList.add(nextOwner);
              }
            }

            for(String owner:certifierList)
            {
              if(owner.equals(certifier.getName()))
              {
                needReassign=false;
              }
            }
          }
          if(ownerID!=null &amp;&amp; ownerID.length()&gt;0 &amp;&amp; reassignList != null &amp;&amp; !reassignList.isEmpty() &amp;&amp; needReassign)
          {
            Identity newCertifier = context.getObject(Identity.class,ownerID);
            certification.setSigned(new Date());
            context.saveObject(certification);
            context.commitTransaction();
            String certificationName="Reassigned "+certification.getName();    
            certification.bulkReassign(certifier, reassignList, newCertifier,certificationName,"manauall created reassign cert","Review this items",context.getConfiguration());
            new Certificationer(context).refresh(certification,false,false); 
            reassignedWorkItemStatus = true;
            context.decache(newCertifier);
          }

        }catch(Exception e)
        {
          System.out.println("Exception "+e.printStackTrace());
        }
      }
    }

    if(reassignedWorkItemStatus &amp;&amp; certificationId != null &amp;&amp; certificationId.trim().length() &gt; 0 )
    {  
      SailPointContext context2  =  SailPointFactory.getCurrentContext();
      boolean state=false;
      Certification certObj = context2.getObject(Certification.class,certificationId);
      if(certObj != null)
      {
        Certification reassignCert = certObj.getCertifications() != null ? certObj.getCertifications().get(0) : null;
        if(reassignCert != null)
        {
          List workItems = reassignCert.getWorkItems();       
          if(workItems != null)
          {
            for(WorkItem item : workItems)
            {
              NotificationConfig notificationConfig=item.getNotificationConfig();
              List newConfigList=new ArrayList();
              if(notificationConfig!=null)
              {
                notificationConfig.setRemindersEnabled(state);
                List configList=notificationConfig.getConfigs();
                if(configList!=null &amp;&amp; configList.size()&gt;0)
                {
                  Iterator configitr=configList.iterator();
                  while(configitr.hasNext())
                  {
                    NotificationConfig.IConfig config=configitr.next();
                    if(config != null)
                    {
                      String emailTemplateName=config.getEmailTemplateName();
                      if(emailTemplateName != null &amp;&amp; emailTemplateName.contains("Reminder"))
                      {
                        configitr.remove(); 
                      }
                      if(emailTemplateName != null &amp;&amp; emailTemplateName.contains("Escalation"))
                      {
                        configitr.remove();
                        break;
                      }
                    }
                  }
                  Util.flushIterator(configitr);
                }
                System.out.println("configList==== "+configList);
                if(configList!=null &amp;&amp; configList.size()&gt;0)
                {
                  NotificationConfig.IConfig config2 = configList.get(0);
                  if(config2 != null)
                  {
                    long millis = config2.getMillis();
                    System.out.println("millis==== "+millis);
                    Date activatedDate = certObj.getActivated();
                    System.out.println("Activated==== "+activatedDate);
                    System.out.println("activatedDate==== "+activatedDate.getTime());
                    if(activatedDate != null)
                    {
                      Calendar instance2 = Calendar.getInstance();
                      instance2.setTime(activatedDate);
                      int x = (int) (millis/1000/60/60/24);
                      instance2.add(Calendar.DATE,x);
                      Date newWakeupDate = instance2.getTime();
                      System.out.println("newWakeupDate==== "+newWakeupDate);
                      item.setWakeUpDate(newWakeupDate);
                    }
                  }
                }

              }
              context2.saveObject(item);
            }
          }

        }
        context2.decache(reassignCert);
      }	
      context2.decache(certObj);
      context2.commitTransaction();
    }
  }

  return null;
  </Source>
</Rule>