<?xml version='1.0' encoding='UTF-8'?>
<!DOCTYPE Rule PUBLIC "sailpoint.dtd" "sailpoint.dtd">
<Rule language="beanshell" name="EH_Daily_Welcome_Mail_Retrigger">
  <Signature>
    <Inputs>
      <Argument name="config">
        <Description>

        </Description>
      </Argument>
    </Inputs>
  </Signature>
  <Source>
  import sailpoint.object.QueryOptions;
  import sailpoint.object.Filter;
  import java.text.DateFormat;
  import java.text.SimpleDateFormat;
  import java.util.*;
	import sailpoint.tools.Util;
  import sailpoint.object.EmailOptions;
  import sailpoint.object.EmailTemplate;
  import sailpoint.object.Configuration;
  import sailpoint.object.Custom;
  import sailpoint.tools.Message;
  import sailpoint.api.SailPointFactory;
  import sailpoint.api.SailPointContext;
  import sailpoint.object.TaskResult;

  int count = 0;
  String status = "Success";
  List messages = new ArrayList();
  List emailList = new ArrayList();
  EmailTemplate template = context.getObject(EmailTemplate.class,"EH_WelcomeEmail");
  Custom cusADObj = context.getObjectByName(Custom.class,"EH_SOX_Email_List");
  
  try{        

    //Map configMap = new HashMap();
    if(config!=null &amp;&amp; config.size()&gt;0 &amp;&amp; null != config.get("emailAddress") &amp;&amp; null != template){
      
      List bccAddlist = new ArrayList();
      String bcclist = "";
      
      if(null != cusADObj &amp;&amp; null != cusADObj.get("Emblem HR")) {
      	bccAddlist = cusADObj.get("Emblem HR");
      	bcclist = Util.listToCsv(bccAddlist,true);
      }
      
      //System.out.println("Welcome email BCC List : " + bcclist);
      
      template = (EmailTemplate) template.deepCopy(context);          

      if(bcclist.trim().length()&gt;0)
        template.setBcc(bcclist);
      
      Configuration sysConfig = context.getObjectByName(Configuration.class,"SystemConfiguration");
      String serverRootPath = sysConfig.get("serverRootPath");
      
      Map map = new HashMap();            
      map.put("serverRootPath",serverRootPath);
      
      String emailAddresses = (String) config.get("emailAddress");
      
      //System.out.println("emailAddresses : " + emailAddresses);
      
      if(null != emailAddresses &amp;&amp; emailAddresses.trim().length()&gt;0)  {
        
        List emailAddressList = new ArrayList();
        
        if(emailAddresses.contains(";")) {
          String[] emailAddrArray = emailAddresses.split(";");
          emailAddressList = Util.arrayToList(emailAddrArray);
        } else
           emailAddressList.add(emailAddresses);

           if(null != emailAddressList &amp;&amp; emailAddressList.size()&gt;0) {
             
             for(String email : emailAddressList) {

              //System.out.println("Inside If Block##:"+config);
              //String email = config.get(key);

              if(null != email &amp;&amp; email.contains("@")) {
                emailList.add(email);
                //System.out.println("Email got from Run Rule Task!"+email);

                List toAddlist = new ArrayList();
                toAddlist.add(email);            

                EmailOptions emailOptions = new EmailOptions(toAddlist,map);

                context.sendEmailNotification(template,emailOptions);
                count++;
                //System.out.println("Welcome mail sent");
              }

            }
          }
    }
    }
    
  }
  catch(Exception ex){
    System.out.println("Exception while sending mail::"+ex);
    status = "Error";
  }
  
  messages.add(new Message("Total No of Email Sent: "+count,null));
  messages.add(new Message("Processed Email List: "+emailList,null));
  taskResult.addMessages(messages);
  
	return status;

  </Source>
</Rule>