<?xml version='1.0' encoding='UTF-8'?>
<!DOCTYPE Rule PUBLIC "sailpoint.dtd" "sailpoint.dtd">
<Rule language="beanshell" name="EH_EHPMO_HR_BuildMapRule_Ongoing" type="BuildMap">
  <Description>This rule is used by the delimited file connector to build a map representation of the delimited data.</Description>
  <ReferencedRules>
    <Reference class="sailpoint.object.Rule" name="EH_Rule_Library"/>
  </ReferencedRules>
  <Signature returnType="Map">
    <Inputs>
      <Argument name="log">
        <Description>
          The log object associated with the SailPointContext.
        </Description>
      </Argument>
      <Argument name="context">
        <Description>
          A sailpoint.api.SailPointContext object that can be used to query the database if necessary.
        </Description>
      </Argument>
      <Argument name="application">
        <Description>
          The application whose data file is being processed.
        </Description>
      </Argument>
      <Argument name="schema">
        <Description>
          The Schema currently in use.
        </Description>
      </Argument>
      <Argument name="state">
        <Description>
          A Map containing state information.
        </Description>
      </Argument>
      <Argument name="record">
        <Description>
          A List of data tokens parsed from the current line of the data file.
        </Description>
      </Argument>
      <Argument name="cols">
        <Description>
          A List of the columns to use.
        </Description>
      </Argument>
    </Inputs>
    <Returns>
      <Argument name="map">
        <Description>
          A Map of the resource object assembled from the data.
        </Description>
      </Argument>
    </Returns>
  </Signature>
  <Source>
  import java.util.*;
  import sailpoint.object.*;
  import sailpoint.object.Filter.*;
  import sailpoint.connector.*;
  import java.text.*;

  //this rule for creating vendorID ,startdate,end date,employee type,employee status,source,assign manager and modify country code.
  public boolean checkdobFormat(String dobDate)
  {   
    if(dobDate != null &amp;&amp; dobDate.trim().length() &gt; 0)
    {
      String[] split = dobDate.split("/");
      if(split != null &amp;&amp; split.length &gt;= 2)
      {
        String string = split[0];
        String string2 = split[1];

        try{
          int parseInt = Integer.parseInt(string);
          int parseInt2 = Integer.parseInt(string2);
          if(parseInt &gt;= 1 &amp;&amp; parseInt &lt; 13 &amp;&amp; parseInt2 &gt;= 1 &amp;&amp; parseInt2 &lt; 32)
          {
            return false;
          }
          else
          {
            return true;
          }
        }
        catch(Exception e)
        {
          return true;
        }
      }
      else
      {
        return true;
      }
    }
    else
    {
      return true;
    }
  }

  HashMap map = DelimitedFileConnector.defaultBuildMap(cols, record);
  boolean ONE_TIME_DL = false;
  SimpleDateFormat dateFormat = new SimpleDateFormat("MM/dd/yyyy");
  dateFormat.setLenient(false);
  // checking all the mandatory attributes and predefined value for each record
  if(map.get("CTS Emp ID") != null &amp;&amp; !(map.get("CTS Emp ID").equalsIgnoreCase("0")) &amp;&amp; map.get("First Name") != null &amp;&amp; map.get("Last Name") != null &amp;&amp; map.get("External Email") != null &amp;&amp; map.get("EH Planned End Date") != null &amp;&amp; map.get("Status") != null)
  {
    if(((map.get("Status").equals("P")) || (map.get("Status").equals("T"))))
    {
      //checking start,end and dob date format
      try{
        String termDate = map.get("EH Planned End Date");
        if(termDate != null &amp;&amp; termDate.trim().length() &gt; 0)
        {
          boolean flag = false;
          String[] split = termDate.split("/");
          String yr = split[2];
          if(yr.length()== 2){
            flag=true;
            yr="20"+yr;
          }
          String newDate;
          if(flag==true){      
            newDate= split[0]+"/"+split[1]+"/"+yr;
          }else{
            newDate = termDate;
          }

          Date termParse = dateFormat.parse(newDate);
          String termFormat = dateFormat.format(termParse);
          map.put("EH Planned End Date",termFormat);
        }
        String startDate = map.get("EH Start Date");  
        if(startDate != null &amp;&amp; startDate.trim().length() &gt; 0)
        {
          boolean flag = false;
          String[] split = startDate.split("/");
          String yr = split[2];
          if(yr.length()== 2){
            flag=true;
            yr="20"+yr;
          }
          String newDate;
          if(flag==true){      
            newDate= split[0]+"/"+split[1]+"/"+yr;
          }else{ 
            newDate = startDate;
          }
          Date startParse = dateFormat.parse(newDate);
          String startFormat = dateFormat.format(startParse);
          map.put("EH Start Date",startFormat);
        }

      }
      catch(Exception e)
      {
        return new HashMap();
      }


      // checking identity is already present in IDM or not.
      String empID = map.get("CTS Emp ID");
      Filter eq = Filter.eq("ctsEmpID",empID);
      List  idList = context.getObjects(Identity.class,new QueryOptions().addFilter(eq));
      
      if(idList == null || idList.size() == 0)
      {
        // creating and setting start date and end date for new identities(if not present in IDM)
        if(!ONE_TIME_DL)
        {
          // creating and setting vendorId for new Identities
          String vID = getVendorNumber();
          map.put("Vendor ID",vID);
          map.put("EH Emp ID",vID);
          String enddate = getCtsEnddate(map);
          map.put("EH Planned End Date",enddate);
          map.put("EH Start Date",dateFormat.format(new Date()));  
          String mngr = map.get("Manager") != null ?  (String) map.get("Manager") : null;
          if(mngr == null)
          {
            Filter mngreq = Filter.eq("name","v006494"); /*Changed from Subrata Deb's Employee ID to Manish Dhar's ID*/
            Identity mngrObject = context.getUniqueObject(Identity.class,mngreq)  != null ?  context.getUniqueObject(Identity.class,mngreq) : null ;
            if(mngrObject != null)
            {
              map.put("Manager",mngrObject.getAttribute("networkID"));
            }
          }
          String dobDate2 = map.get("DOB");
          if(checkdobFormat(dobDate2))
          {
            return new HashMap();
          }
        }
        else
        {
          String ehEmpID = map.get("EH Emp ID");
          if(ehEmpID != null)
          {
            map.put("Vendor ID",ehEmpID);
          }
        }
      }
      else
      {
        // fetching vendorID,start date and end date from IDM if identity already present in IDM
        Identity uniqueObject = idList.get(0);
        Link ll = uniqueObject.getLink(application) != null ? uniqueObject.getLink(application) : null;
        if(ll != null)
        {
          String VenID = ll.getAttribute("Vendor ID");
          map.put("Vendor ID",VenID);
          map.put("EH Emp ID",VenID);
          map.put("EH Start Date",ll.getAttribute("EH Start Date")); 

          // fetching end date from IDM  if identity already present in IDM and identity status is "T"  
          String status = map.get("Status");
          if(status != null &amp;&amp; status.equalsIgnoreCase("T"))
          {
            map.put("EH Planned End Date",ll.getAttribute("EH Planned End Date"));
          }
          String idmStatus = ll.getAttribute("Status");
          // if status in feed is T and status in IDM is p ,keeping status value and end date as-is in IDM  
          if(status != null &amp;&amp; status.equalsIgnoreCase("T") &amp;&amp; idmStatus != null &amp;&amp; idmStatus.equalsIgnoreCase("P"))
          {
            map.put("Status",idmStatus);
          }

          String mngr = map.get("Manager") != null ?  (String) map.get("Manager") : null;

          if(mngr == null) 
          {
            QueryOptions qo =  new QueryOptions();
            Custom appNameCustomObj = context.getObjectByName(Custom.class,"EH_Application_Names");
            if(appNameCustomObj != null)
            {
              String adAppName = (String)appNameCustomObj.get("ad");
              qo.addFilter(Filter.eq("application.name",adAppName));
              Filter adminAnd = Filter.and(Filter.not(Filter.like("displayName","A-", Filter.MatchMode.START)),Filter.not(Filter.like("displayName","a-", Filter.MatchMode.START)));
              qo.addFilter(adminAnd);
              qo.addFilter(Filter.eq("identity.name",VenID));
              // qo.addFilter(Filter.eq("ehAccountType","primary"));
              List accts = context.getObjects(Link.class,qo);
              if(accts != null &amp;&amp; !accts.isEmpty())
              {
                Link normalAccount = accts.get(0);
                String managerDN = normalAccount.getAttribute("manager");
                if(managerDN != null &amp;&amp; managerDN.trim().length() &gt; 0)
                {
                  QueryOptions qo1 =  new QueryOptions();
                  qo1.addFilter(Filter.eq("application.name",adAppName));
                  qo1.addFilter(Filter.eq("nativeIdentity",managerDN));
                  List spUserList = context.getObjects(Link.class,qo1);
                  if(spUserList != null &amp;&amp; !spUserList.isEmpty())
                  {
                    Link spUser = spUserList.get(0);
                    String spUserNetWorkId = spUser.getAttribute("sAMAccountName");
                    map.put("Manager",spUserNetWorkId);
                  }
                }

              }
            }
          }
        }
      }


      // creating employeetype,employeestatus,source attributes and encrypting the ssn value
      map.put("employeeType",getEmployeeType(application));
      String empStatus = getEmployeeStatus(map.get("EH Planned End Date"),application.getName());
      if(idList != null &amp;&amp; idList.size() != 0)
      {
        Identity id = idList.get(0);
        String oldstatus = id.getAttribute("employeeStatus");
        if(oldstatus != null &amp;&amp; oldstatus.equalsIgnoreCase("Terminated") &amp;&amp; empStatus != null &amp;&amp; empStatus.equalsIgnoreCase("Active"))
        {
          String dobDate3 = map.get("DOB");
          if(checkdobFormat(dobDate3))
          {
            return new HashMap();
          }   
        }
      }
      map.put("employeeStatus",empStatus);
      if(empStatus != null &amp;&amp; empStatus.equalsIgnoreCase("Terminated"))
      {
        map.put("IIQDisabled",true);
        map.put("userStatus","T");
      }
      else if(empStatus != null &amp;&amp; empStatus.equalsIgnoreCase("Active"))
      {
        map.put("userStatus","A");
      }
      map.put("source","EHMPO_HR");
      String dob = map.get("DOB");
      map.put("DOB",getEncryption(dob));
      String ssn = generateSSN_CTS(empID);
      map.put("ssn",getEncryption(ssn));
      // transformation as given below for CTS associates country code: IS-&gt;IND, US-&gt;USA,PHL-&gt;PHL, Any blank/Other value - &gt; USA
      String countryCode = map.get("Country Code(IN/US)") != null ? map.get("Country Code(IN/US)") : null;

      if(countryCode != null &amp;&amp; countryCode.trim().length() &gt; 0)
      {
        if(countryCode.equalsIgnoreCase("IN"))
        {
          map.put("offshoreEmp","Yes");
        }
        else if(countryCode.equalsIgnoreCase("PHL"))
        {
          countryCode = "PH";
          map.put("offshoreEmp","Yes");
        }
        else
        {
          //countryCode = "US";
          map.put("offshoreEmp","No");
        }
        map.put("Country Code(IN/US)",countryCode);
      }
      else
      {
        return new HashMap();
      }

      // Seperating apps access attribute value by ";#" and creating all the value as a list
      String access = map.get("Apps access");
      List accessList = new ArrayList();
      if(access != null &amp;&amp; access.trim().length() &gt; 0)
      {
        if(access.contains(";#"))
        {
          String[] accessArray = access.split(";#");
          accessList = Arrays.asList(accessArray);
          map.put("Apps access",accessList);
        }  
        else
        {
          accessList.add(access);
          map.put("Apps access",accessList);
        }
      }
    }
  }
  return map;
  </Source>
</Rule>