<?xml version='1.0' encoding='UTF-8'?>
<!DOCTYPE Rule PUBLIC "sailpoint.dtd" "sailpoint.dtd">
<Rule language="beanshell" name="EH_EHPMO_HR_PreiterateRule_Onetime" type="PreIterate">
  <Description>This rule is called before the connector processes the data in a file.</Description>
  <ReferencedRules>
    <Reference class="sailpoint.object.Rule" name="EH_Rule_Library"/>
  </ReferencedRules>
  <Signature returnType="void"/>
  <Source>
  import java.io.*;
  import java.util.*;
  import java.text.*;

  import sailpoint.api.*;
  import sailpoint.connector.*;
  import sailpoint.object.*;
  import sailpoint.task.*;
  import sailpoint.tools.*; 
  import java.util.stream.*;

  //create list object for store wrong records.
  List badRecordList = new ArrayList();
  String column = null;
  int HEADER_COL_COUNT = 18;
  //getting file path from application object
  String filePath = (String) application.getAttributeValue("file");  
  File file = new File(filePath);
  if(file.exists())
  {
    // Fetching  all the records from file and stored in buffere reader object
    FileInputStream fs= new FileInputStream(filePath);
    BufferedReader br = new BufferedReader(new InputStreamReader(fs));
    Stream lines = br.lines();
    Iterator  iterator = lines.iterator();
    String cols = (String) iterator.next();
    column = cols;
    List colsList = Util.csvToList(cols); 
    int colsize = colsList.size();
    TaskManager managerTask = new TaskManager(context);
    // checking all the columns are present in feed file or not, if there is columns size mismatch then aggregation task will be terminated.
    if(colsize != HEADER_COL_COUNT)
    {
      TaskResult result = context.getObject(TaskResult.class,"EHPMO HR Aggregation Task");
      managerTask.terminate(result);
      return;
    }

    // iterating records one by one,checking mandatory attribute and predefined values ate there or not.if there is any record without mandatory attributes and predefined values,adding that record to list object.
    while(iterator.hasNext())
    {
      String record = (String)iterator.next();
      if(record != null &amp;&amp; record.trim().length() &gt; 0)
      {
        List recordList = Util.csvToList(record);
        HashMap map = (HashMap) DelimitedFileConnector.defaultBuildMap(colsList, recordList);
        if(map.get("EH Network ID") != null &amp;&amp; map.get("EH Network ID").trim().length() &gt; 0 &amp;&amp; map.get("EH Emp ID") != null &amp;&amp; map.get("EH Emp ID").trim().length() &gt; 0 &amp;&amp; !(map.get("EH Emp ID").equalsIgnoreCase("0")) &amp;&amp; map.get("CTS Emp ID") != null &amp;&amp; !(map.get("CTS Emp ID").equalsIgnoreCase("0")) &amp;&amp; map.get("First Name") != null &amp;&amp; map.get("Last Name") != null &amp;&amp; map.get("External Email") != null &amp;&amp; map.get("DOB") != null &amp;&amp; map.get("EH Start Date") != null &amp;&amp; map.get("EH Planned End Date") != null &amp;&amp; map.get("Status") != null &amp;&amp; map.get("Country Code(IN/US)") != null)
        {
          if((map.get("Status").equals("P")) || (map.get("Status").equals("T")))
          {
            SimpleDateFormat dateFormat = new SimpleDateFormat("MM/dd/yyyy");
            dateFormat.setLenient(false);
            String startDate = map.get("EH Start Date");  
            String termDate = map.get("EH Planned End Date");         
            try{
              Date startParse = dateFormat.parse(startDate);
              Date termParse = dateFormat.parse(termDate);
              //String termFormat = dateFormat.format(termParse);
              String dobDate = map.get("DOB");
              SimpleDateFormat dobDateFormat = new SimpleDateFormat("MM/dd");
              dobDateFormat.setLenient(false);
              Date dobParse = dobDateFormat.parse(dobDate);
              //String dobFormat = dobDateFormat.format(dobParse);
            }
            catch(Exception e)
            {
              badRecordList.add(record);

            }

          }	
          else
          {
            badRecordList.add(record);
          }	
        }
        else
        {
          badRecordList.add(record);
        }	
      }
    }

  }
  // sending emails by directly attaching wrong records to mail 
  if(badRecordList != null &amp;&amp; !badRecordList.isEmpty())
  {
    EmailTemplate templateName = context.getObject(EmailTemplate.class,"EH_Email_Records_Ignored_Notification") != null ? context.getObject(EmailTemplate.class,"EH_Email_Records_Ignored_Notification") : null;
    if(templateName != null)
    {
      notifyApplicationAdmin(templateName,application.getName(),"EHPMO HR Aggregation Task",column,badRecordList,true);
      /*Map var = new HashMap();
      var.put("columns",column);
      var.put("records",badRecordList);
      var.put("taskname","EHPMO HR Aggregation Task");
      var.put("applicationname",application.getName());
      List emailToAddList = new ArrayList();
      EmailOptions options = new EmailOptions(emailToAddList,var);
      notifyIDMAdmin(templateName,options);
      System.out.println("send email of Ehpmo====="+badRecordList);*/
    }
  }
  </Source>
</Rule>