<?xml version='1.0' encoding='UTF-8'?>
<!DOCTYPE Rule PUBLIC "sailpoint.dtd" "sailpoint.dtd">
<Rule language="beanshell" name="EH_FieldValue_AD_Create_DN" type="FieldValue">
  <Description>This rule can be used to generate a field value (eg - an account name) using data from the given Identity. If this rule is run in the context of a workflow step then the arguments passed into the step will also be available. Also, any field values that have been processed so far from the policy related to the Application/Role will be available.</Description>
  <ReferencedRules>
    <Reference class="sailpoint.object.Rule" name="EH_Rule_Library"/>
  </ReferencedRules>
  <Signature returnType="String">
    <Inputs>
      <Argument name="log">
        <Description>
          The log object associated with the SailPointContext.
        </Description>
      </Argument>
      <Argument name="context">
        <Description>
          A sailpoint.api.SailPointContext object that can be used to query the database if necessary.
        </Description>
      </Argument>
      <Argument name="identity" type="Identity">
        <Description>
          The Identity object that represents the user needing the field value.
        </Description>
      </Argument>
      <Argument name="link" type="Link">
        <Description>
          The sailpoint.object.Link that is being acted upon. If the link is not applicable,
          this value will be null.
        </Description>
      </Argument>
      <Argument name="group" type="ManagedAttribute">
        <Description>
          The sailpoint.object.ManagedAttribute that is being acted upon. If the managed attribute
          is not applicable, the value will be null.
        </Description>
      </Argument>
      <Argument name="project" type="ProvisioningProject">
        <Description>
          The provisioning project being acted upon. If a provisioning project is not applicable,
          the value will be null.
        </Description>
      </Argument>
      <Argument name="accountRequest" type="ProvisioningPlan.AccountRequest">
        <Description>
          The account request. If an account request is not applicable, the value will be null.
        </Description>
      </Argument>
      <Argument name="objectRequest" type="ProvisioningPlan.ObjectRequest">
        <Description>
          The object request. If an object request is not applicable, the value will be null.
        </Description>
      </Argument>
      <Argument name="role" type="Bundle">
        <Description>
          The role with the template we are compiling. If the role is
          not applicable, the value will be null.
        </Description>
      </Argument>
      <Argument name="application" type="Application">
        <Description>
          The sailpont.object.Application with the template we are compiling. If the application
          is not applicable, the value will be null.
        </Description>
      </Argument>
      <Argument name="template" type="Template">
        <Description>
          The Template that contains this field.
        </Description>
      </Argument>
      <Argument name="field" type="Field">
        <Description>
          The current field being computed.
        </Description>
      </Argument>
      <Argument name="current" type="Object">
        <Description>
          The current value corresponding to the identity or account attribute that the field represents.
          If no current value is set, this value will be null.
        </Description>
      </Argument>
      <Argument name="operation" type="ProvisioningPlan.Operation">
        <Description>
          The operation being performed.
        </Description>
      </Argument>
    </Inputs>
    <Returns>
      <Argument name="value">
        <Description>
          The string value created.
        </Description>
      </Argument>
    </Returns>
  </Signature>
  <Source>

  import sailpoint.object.*;
  import sailpoint.object.Identity;
  import sailpoint.object.ProvisioningPlan;
  import sailpoint.api.Provisioner;
  import sailpoint.object.ProvisioningPlan.AccountRequest;
  import sailpoint.object.ProvisioningPlan.AttributeRequest;
  import sailpoint.object.Bundle;
  import sailpoint.object.Link;
  import sailpoint.object.Application;
  import java.util.Date;
  import java.util.GregorianCalendar;
  import java.util.TimeZone; 
  import java.text.*;
  import sailpoint.object.Custom;


  String dn = "";

  String ad_ou_userType=getADUserType(identity);
  String businessCity=identity.getAttribute("businessCity");
  if(businessCity==null)
    businessCity="";
  String ctsTempPerm=identity.getAttribute("ctsTempPerm");
  String company=identity.getAttribute("company");
  String key="";
  String ouPath="";

  System.out.println("EH_FieldValue_AD_Create_DN:: ad_ounew:: "+ad_ou_userType);

  Custom custom=context.getObjectByName(Custom.class,"EH_Custom_AD_Objects");

  Map ouMap=new HashMap();
  ouMap=custom.get("DNInfo");

  key = ad_ou_userType;

  if (key.equals("CORP_EMPLOYEES")) {
    Map ouEmpMap=ouMap.get(key); 
    String[] cityChoice = {"Albany", "Lake Katrine", "Melville", "East Syracuse"};
    int i=0;
    for (String a : cityChoice) {
      if(a.equalsIgnoreCase(businessCity))
      {
        i=i+1;
      }}
    if(i==0)
    {
      businessCity="NYC";
    }
    if (businessCity!=null) {
      ouPath=ouEmpMap.get(businessCity);
    }	  
  } else if (key.equals("MEDICARE_EMPLOYEES")) {
    Map ouMedMap=ouMap.get(key); 
    String[] cityChoice = {"Florida", "East Syracuse", "Hollywood"};
    int i=0;
    for (String a : cityChoice) {
      if(a.equalsIgnoreCase(businessCity))
      {
        i=i+1;
      }}
    if(i==0)
    {
      businessCity="NYC";
    }
    if(businessCity.equalsIgnoreCase("Hollywood"))
    {
      businessCity="Florida";
    }
    if (businessCity!=null) {
      ouPath=ouMedMap.get(businessCity);	}  
  } else {
    ouPath=ouMap.get(key);
  }

  System.out.println("EH_FieldValue_AD_Create_DN:: ouPath:: "+ouPath);

  //String networkid=generateSamAccountName(identity); //Update after optimizing code
  System.out.println("EH_FieldValue_AD_Create_DN sAMAccountName: " + sAMAccountName);
  String networkid= sAMAccountName;


  dn="CN="+networkid+","+ouPath;  

  /**
  if ((ad_ou_userType!=null) &amp;&amp; (businessCity!=null)){
    if ((ad_ou_userType.equals("CORP-Employees")) &amp;&amp; ((businessCity.equals("NYC")) || (businessCity.equals("Melville")) || (businessCity.equals("Syracuse")) || (businessCity.equals("Albany")) || (businessCity.equals("LakeKatrine")))) {
      dn="CN="+networkid+",OU="+businessCity+",OU=Employees,OU=Accounts,OU=CORP,OU=EMBLEMHEALTH,DC=test,DC=com";
    } else if ((ad_ou_userType.equals("CORP-Employees")) &amp;&amp; !((businessCity.equals("NYC")) || (businessCity.equals("Melville")) || (businessCity.equals("Syracuse")) || (businessCity.equals("Albany")) || (businessCity.equals("LakeKatrine")))) {
      dn="CN="+networkid+",OU=NYC,OU=Employees,OU=Accounts,OU=CORP,OU=EMBLEMHEALTH,DC=test,DC=com";
    } else if ((ad_ou_userType.equals("MEDICARE-Employees")) &amp;&amp; ((businessCity.equals("NYC")) || (businessCity.equals("Syracuse")) || (businessCity.equals("Florida")))) {
      dn="CN="+networkid+",OU="+businessCity+",OU=Employees,OU=Accounts,OU=MEDICARE,OU=EMBLEMHEALTH,DC=test,DC=com";
    } else if ((ad_ou_userType.equals("MEDICARE-Employees")) &amp;&amp; !((businessCity.equals("NYC")) || (businessCity.equals("Syracuse")) || (businessCity.equals("Florida")))) {
      dn="CN="+networkid+",OU=NYC,OU=Employees,OU=Accounts,OU=MEDICARE,OU=EMBLEMHEALTH,DC=test,DC=com";
    } else if (ad_ou_userType.equals("CORP-CTSEmployees")) {
      dn="CN="+networkid+",OU=Cognizant,OU=Contractors,OU=Accounts,OU=MEDICARE,OU=EMBLEMHEALTH,DC=test,DC=com";
    } else if (ad_ou_userType.equals("CORP-Vendors")) {
      dn="CN="+networkid+",OU=Contractors,OU=Accounts,OU=CORP,OU=EMBLEMHEALTH,DC=test,DC=com";
    } else if (ad_ou_userType.equals("MEDICARE-Vendors")) {
      dn="CN="+networkid+",OU=Contractors,OU=Accounts,OU=MEDICARE,OU=EMBLEMHEALTH,DC=test,DC=com";
    } else {
      dn="CN="+networkid+",OU=NYC,OU=Employees,OU=Accounts,OU=CORP,OU=EMBLEMHEALTH,DC=test,DC=com";
    }
  } else {

    if (ad_ou_userType.equals("CORP-CTSEmployees")) {
      dn="CN="+networkid+",OU=Cognizant,OU=Contractors,OU=Accounts,OU=CORP,OU=EMBLEMHEALTH,DC=test,DC=com";
    } else if (ad_ou_userType.equals("CORP-Vendors")) {
      dn="CN="+networkid+",OU=Contractors,OU=Accounts,OU=CORP,OU=EMBLEMHEALTH,DC=test,DC=com";
    } else if (ad_ou_userType.equals("MEDICARE-Vendors")) {
      dn="CN="+networkid+",OU=Contractors,OU=Accounts,OU=MEDICARE,OU=EMBLEMHEALTH,DC=test,DC=com";
    } else {
      dn="CN="+networkid+",OU=NYC,OU=Employees,OU=Accounts,OU=CORP,OU=EMBLEMHEALTH,DC=test,DC=com";
    }
  }

  **/

  System.out.println("EH_FieldValue_AD_Create_DN:: dn:: "+dn);  
  return dn;


  /** End **/


  </Source>
</Rule>