<?xml version='1.0' encoding='UTF-8'?>
<!DOCTYPE Rule PUBLIC "sailpoint.dtd" "sailpoint.dtd">
<Rule language="beanshell" name="EH_Fastrak_CorrelationRule" type="Correlation">
  <Description>Identity Correlation Rules are used to find identities to which new accounts can be attached.

    A correlation rule must return a Map with one of the specified Return arguments.</Description>
  <Signature returnType="Map">
    <Inputs>
      <Argument name="log">
        <Description>
          The log object associated with the SailPointContext.
        </Description>
      </Argument>
      <Argument name="context">
        <Description>
          A sailpoint.api.SailPointContext object that can be used to query the database if necessary.
        </Description>
      </Argument>
      <Argument name="environment" type="Map">
        <Description>
          Arguments passed to the aggregation task.
        </Description>
      </Argument>
      <Argument name="application">
        <Description>
          Application being aggregated.
        </Description>
      </Argument>
      <Argument name="account">
        <Description>
          A sailpoint.object.ResourceObject returned from the
          collector.
        </Description>
      </Argument>
      <Argument name="link">
        <Description>
          Existing link to this account.
        </Description>
      </Argument>
    </Inputs>
    <Returns>
      <Argument name="identityName">
        <Description>
          The name of an Identity object.
        </Description>
      </Argument>
      <Argument name="identity">
        <Description>
          A fully resolved Identity object if the rule wants
          to do its own queries to locate the identity.
        </Description>
      </Argument>
      <Argument name="identityAttributeName">
        <Description>
          The name of the extended attribute that can be used
          to locate an existing identity.
        </Description>
      </Argument>
      <Argument name="identityAttributeValue">
        <Description>
          The value of the named extended attribute that can be used
          to locate an existing identity. This attribute is used
          together with the identityAttributeName argument.
        </Description>
      </Argument>
    </Returns>
  </Signature>
  <Source>import java.util.HashMap;
  import java.util.Map;
  import java.util.List;

  import sailpoint.api.SailPointContext;
  import sailpoint.object.Identity;
  import sailpoint.object.Custom;
  import sailpoint.object.QueryOptions;
  import sailpoint.object.Filter;
  import sailpoint.object.ResourceObject;
  import sailpoint.object.Link;
  import sailpoint.object.Application;
  import sailpoint.api.IdentityService;

  Map returnMap = new HashMap();
  QueryOptions qo = new QueryOptions();

  //System.out.println("---------------------Fastrak correlation rule--------------");





  String accountracf=account.getAttribute("T0 USERID SECURITY ID");
  //System.out.println("RACF account in account........"+accountracf);

  if(accountracf!=null)
  {
    accountracf=accountracf.trim();
    qo.addFilter(Filter.like("racfID", accountracf, Filter.MatchMode.ANYWHERE));
    //System.out.println("Filtering the account");
    List appids= context.getObjects(Identity.class, qo);


    if(appids != null &amp;&amp; !appids.isEmpty())
    {
      //System.out.println("List Not Empty");

      Identity id=appids.get(0);


      //System.out.println("Identity name:"+id.getDisplayableName());
      //System.out.println("Identity first name:"+id.getFirstname());

      returnMap.put("identity", id);
      System.out.println("Identity Added for:"+accountracf+"identity:"+id.getDisplayableName());


    }
    else
      returnMap.put("identity", null);
  }
  else
  {
    returnMap.put("identity", null);
  }

  return returnMap;
  </Source>
</Rule>