<?xml version='1.0' encoding='UTF-8'?>
<!DOCTYPE Rule PUBLIC "sailpoint.dtd" "sailpoint.dtd">
<Rule language="beanshell" name="EH_FieldValue_AD_CreateUPN" type="FieldValue">
  <Description>This rule can be used to generate a field value (eg - an account name) using data from the given Identity. If this rule is run in the context of a workflow step then the arguments passed into the step will also be available. Also, any field values that have been processed so far from the policy related to the Application/Role will be available.</Description>
  <ReferencedRules>
    <Reference class="sailpoint.object.Rule" name="EH_Rule_Library"/>
  </ReferencedRules>
  <Signature returnType="String">
    <Inputs>
      <Argument name="log">
        <Description>
          The log object associated with the SailPointContext.
        </Description>
      </Argument>
      <Argument name="context">
        <Description>
          A sailpoint.api.SailPointContext object that can be used to query the database if necessary.
        </Description>
      </Argument>
      <Argument name="identity" type="Identity">
        <Description>
          The Identity object that represents the user needing the field value.
        </Description>
      </Argument>
    </Inputs>
  </Signature>
  <Source>

  String upn = "";
  String userType = getADUserType(identity);

  if(userType != null &amp;&amp; (userType.equalsIgnoreCase("MEDICARE_CONTRACTORS") || userType.equalsIgnoreCase("MEDICARE_EMPLOYEES")))
  {
    upn = sAMAccountName + "@emblem.emblemhealth.com";
  }
  else
  {
    upn = getMailNickName(identity);
    upn = upn + "@emblemhealth.com";
  }

  System.out.println("FINAL UPN to be set : " + upn);
  return upn;


  </Source>
</Rule>