<?xml version='1.0' encoding='UTF-8'?>
<!DOCTYPE Rule PUBLIC "sailpoint.dtd" "sailpoint.dtd">
<Rule language="beanshell" name="EH_Fastrak_BuildMapRule" type="BuildMap">
  <Description>This rule is used by the delimited file connector to build a map representation of the delimited data.</Description>
  <Signature returnType="Map">
    <Inputs>
      <Argument name="log">
        <Description>
          The log object associated with the SailPointContext.
        </Description>
      </Argument>
      <Argument name="context">
        <Description>
          A sailpoint.api.SailPointContext object that can be used to query the database if necessary.
        </Description>
      </Argument>
      <Argument name="application">
        <Description>
          The application whose data file is being processed.
        </Description>
      </Argument>
      <Argument name="schema">
        <Description>
          The Schema currently in use.
        </Description>
      </Argument>
      <Argument name="state">
        <Description>
          A Map containing state information.
        </Description>
      </Argument>
      <Argument name="record">
        <Description>
          A List of data tokens parsed from the current line of the data file.
        </Description>
      </Argument>
      <Argument name="cols">
        <Description>
          A List of the columns to use.
        </Description>
      </Argument>
    </Inputs>
    <Returns>
      <Argument name="map">
        <Description>
          A Map of the resource object assembled from the data.
        </Description>
      </Argument>
    </Returns>
  </Signature>
  <Source>import java.util.*;
  import java.io.*;
  import sailpoint.api.*;  
  import sailpoint.object.*;
  import sailpoint.connector.DelimitedFileConnector;

  //System.out.println("....................Fastrak BuildMapRule.................");
  HashMap map = DelimitedFileConnector.defaultBuildMap(cols, record);

  String acracfid=map.get("T0 USERID SECURITY ID");
  QueryOptions qo=new QueryOptions();
  qo.addFilter(Filter.ignoreCase(Filter.eq("nativeIdentity",acracfid)));
  List racflinks=context.getObjects(Link.class,qo);
  String racfstatus="";
  if(racflinks!=null)
  {
    //System.out.println("Link is not null:::"+acracfid);
    for(Link racflink:racflinks)
    {
      if(racflink.isDisabled())
      {
        //System.out.println("Link is Disabled:::"+acracfid);
        map.put("Status","In-active");
        map.put("IIQDisabled", Boolean.TRUE); 
      }
      else
      {
        //System.out.println("Link is not Disabled:::"+acracfid);
        map.put("Status","Active");
      }
    }
  }

  QueryOptions queryOption=new QueryOptions();
  
  acracfid=acracfid.trim();
  if(acracfid!=null &amp;&amp; !acracfid.equals(""))
  {
    String operid=map.get("T0 TMOPID TERM OPER ID");
    String identityArrtibute=acracfid+"-"+operid;
    map.put("OPR RACF",identityArrtibute);

  }
  else
  {
    return new HashMap();
  }
  
  //Code for fetching profile code

  String unitNumber = map.get("T0 RGUNNO UNIT NUMBER");
  String jobClass = map.get("T0 TJOBCL JOB CLASS");
  String sysControl = map.get("T0 TMSCTA SYS CONTROL AUTH");
  String letter = map.get("T0 TMLFMA LETTER F M AUTH");
  String remarks = map.get("T0 TMRMKA REMARKS F M AUTH");
  String termOper = map.get("T0 TMTOAA TERM OPER AUTH");
  String rptHdg = map.get("T0 TMRHDA RPT HDG F M AUTH");
  String sched = map.get("T0 TMSCDA SCHED F M AUTH");
  String batchAdj = map.get("T0 TMBADJ BATCH ADJ AUTH");
  String logCntlNums = map.get("T0 TMLCNA LOG CNTL NUMS AUTH");
  String regAdd = map.get("T0 TMRGAA REG ADD AUTH");
  String regChg = map.get("T0 TMRGCA REG CHG AUTH");
  String regSplit = map.get("T0 TMRGSA REG SPLIT AUTH");
  String regInquiry = map.get("T0 TMRGIA REG INQUIRY AUTH");
  String claimInit = map.get("T0 TMINCA CLAIM INIT AUTH");
  String manualCalc = map.get("T0 TMMCLA MANUAL CALC AUTH");
  String qualControl = map.get("T0 TMQLCA QUAL CONTROL AUTH");
  String historyOnly = map.get("T0 TMHSOA HISTORY ONLY AUTH");
  String clmHistInq = map.get("T0 TMCHSA CLM HIST INQ AUTH");
  String claimProv = map.get("T0 TMCIPV CLAIM PROV AUTH");
  String elClmtAdd = map.get("T0 TMELCL EL CLMT ADD AUTH");
  String eliAddr = map.get("T0 TMELAD ELI ADDR AUTH");
  String eligUcovr = map.get("T0 TMELUC ELIG UCOVR AUTH");
  String batchSeq = map.get("T0 TMBTSQ BATCH SEQ REQ");
  String polPlan = map.get("T0 TMPPLA POL PLAN AUTH");
  String diary = map.get("T0 TMDRYA DIARY AUTH");
  String provProc = map.get("T0 TMPRVA PROV PROC AUTH");
  String eligProc = map.get("T0 TMELGA ELIG PROC AUTH");
  String empAddr = map.get("T0 TMEEAD EMP ADDR AUTH");
  String ctmtAltPay = map.get("T0 TMEEAP CLMT ALT PAY AUTH");
  String adjustAuth = map.get("T0 TMADJA ADJUSTMENT AUTH");
  String adjustPymt = map.get("T0 TMAJML ADJUST PYMT LMT");
  String dentalAuth = map.get("T0 TMDNTA DENTAL AUTH");
  String dentalPymt = map.get("T0 TMDTPL DENTAL PYMT LMT");
  String dentalDnl = map.get("T0 TMDTDL DENTAL DNL LMT");
  String group1 = map.get("T0 TMOEDG ONLY EXC DIV GROUP1");
  String ind1 = map.get("T0 TMOEDI ONLY EXC DIV IND1");
  String group2 = map.get("T0 TMOEDG ONLY EXC DIV GROUP2");
  String ind2 = map.get("T0 TMOEDI ONLY EXC DIV IND2");
  String group3 = map.get("T0 TMOEDG ONLY EXC DIV GROUP3");
  String ind3 = map.get("T0 TMOEDI ONLY EXC DIV IND3");
  String group4 = map.get("T0 TMOEDG ONLY EXC DIV GROUP4");
  String ind4 = map.get("T0 TMOEDI ONLY EXC DIV IND4");
  String group5 = map.get("T0 TMOEDG ONLY EXC DIV GROUP5");
  String ind5 = map.get("T0 TMOEDI ONLY EXC DIV IND5");
  

  Custom allowedValues = context.getObjectByName(Custom.class,"EH_Custom_Fastrak_Profile_Code");
  System.out.println("allowedValues:" + allowedValues);
  //System.out.println("attributes:" + allowedValues.getAttributes());
  System.out.println("outer keys:" + allowedValues.getAttributes().keySet());

  int counter=0;
  HashMap hm = new HashMap();
  ArrayList list = new ArrayList();
  String profileCode;

  for (String key : allowedValues.getAttributes().keySet()) {
    System.out.println("outer key:" + key);
    System.out.println("inner key and value:" + allowedValues.get(key));

    if (unitNumber.equals(allowedValues.get(key).get("UNIT NUMBER"))) {
      counter++;
    }

    if (jobClass.equals(allowedValues.get(key).get("JOB CLASSIFICATION"))) {
      counter++;
    }

    if (sysControl.equals(allowedValues.get(key).get("SYSTEM CONTROL"))) {
      counter++;
    }

    if (letter.equals(allowedValues.get(key).get("LETTERS"))) {
      counter++;
    }

    if (remarks.equals(allowedValues.get(key).get("REMARKS"))) {
      counter++;
    }

    if (termOper.equals(allowedValues.get(key).get("TERMINAL OPERATOR"))) {
      counter++;
    }

    if (rptHdg.equals(allowedValues.get(key).get("REPORT HEADINGS"))) {
      counter++;
    }

    if (sched.equals(allowedValues.get(key).get("SCHEDULES"))) {
      counter++;
    }

    if (batchAdj.equals(allowedValues.get(key).get("BATCH ADJUDICATION"))) {
      counter++;
    }
    
    if (logCntlNums.equals(allowedValues.get(key).get("BATCH CONTROL NUMBERS"))) {
      counter++;
    }

    if (regAdd.equals(allowedValues.get(key).get("REGISTRATION ADD"))) {
      counter++;
    }

    if (regChg.equals(allowedValues.get(key).get("REGISTRATION CHANGE"))) {
      counter++;
    }

    if (regSplit.equals(allowedValues.get(key).get("REGISTRATION SPLIT"))) {
      counter++;
    }

    if (regInquiry.equals(allowedValues.get(key).get("REGISTRATION INQUIRY"))) {
      counter++;
    }

    if (claimInit.equals(allowedValues.get(key).get("CLAIMS INITIATION"))) {
      counter++;
    }

    if (manualCalc.equals(allowedValues.get(key).get("CLAIMS MANUAL CALCULATION"))) {
      counter++;
    }

    if (qualControl.equals(allowedValues.get(key).get("CLAIMS QUALITY CONTROL"))) {
      counter++;
    }

    if (historyOnly.equals(allowedValues.get(key).get("CLAIMS HISTORY ONLY"))) {
      counter++;
    }

    if (clmHistInq.equals(allowedValues.get(key).get("CLAIMS HISTORY INQUIRY"))) {
      counter++;
    }

    if (claimProv.equals(allowedValues.get(key).get("CLAIMS PROVIDER"))) {
      counter++;
    }

    if (elClmtAdd.equals(allowedValues.get(key).get("CLAIMS CLAIMANT ADD"))) {
      counter++;
    }

    if (eliAddr.equals(allowedValues.get(key).get("CLAIMS ADDRESS ONLY"))) {
      counter++;
    }

    if (eligUcovr.equals(allowedValues.get(key).get("CLAIMS U C OVERRIDE"))) {
      counter++;
    }

    if (batchSeq.equals(allowedValues.get(key).get("BATCH SEQUENCING"))) {
      counter++;
    }

    if (polPlan.equals(allowedValues.get(key).get("GROUP ADMIN"))) {
      counter++;
    }

    if (diary.equals(allowedValues.get(key).get("DIARY"))) {
      counter++;
    }

    if (provProc.equals(allowedValues.get(key).get("PROVIDER PROCESSING"))) {
      counter++;
    }

    if (eligProc.equals(allowedValues.get(key).get("EMPLOYEE DEPENDENT"))) {
      counter++;
    }

    if (empAddr.equals(allowedValues.get(key).get("EMPLOYEE DEPENDENT ADDRESS"))) {
      counter++;
    }

    if (ctmtAltPay.equals(allowedValues.get(key).get("EMPLOYEE DEPENDENT CLMT ALTERNATE PAY"))) {
      counter++;
    }

    if (adjustAuth.equals(allowedValues.get(key).get("ADJUSTMENTS"))) {
      counter++;
    }

    if (adjustPymt.equals(allowedValues.get(key).get("ADJUSTMENTS LIMIT"))) {
      counter++;
    }

    if (dentalAuth.equals(allowedValues.get(key).get("DENTAL PAYMENT"))) {
      counter++;
    }

    if (dentalPymt.equals(allowedValues.get(key).get("DENTAL PAYMENT LIMIT"))) {
      counter++;
    }

    if (dentalDnl.equals(allowedValues.get(key).get("DENTAL DENIAL LIMIT"))) {
      counter++;
    }
    
    if (group1.equals(allowedValues.get(key).get("SPECIAL HANDLING GROUP I"))) {
      counter++;
    }
    
    if (ind1.equals(allowedValues.get(key).get("SPECIAL HANDLING IND I"))) {
      counter++;
    }
    
    if (group2.equals(allowedValues.get(key).get("SPECIAL HANDLING GROUP II"))) {
      counter++;
    }
    
    if (ind2.equals(allowedValues.get(key).get("SPECIAL HANDLING IND II"))) {
      counter++;
    }
    
    if (group3.equals(allowedValues.get(key).get("SPECIAL HANDLING GROUP III"))) {
      counter++;
    }
    
    if (ind3.equals(allowedValues.get(key).get("SPECIAL HANDLING IND III"))) {
      counter++;
    }
    
    if (group4.equals(allowedValues.get(key).get("SPECIAL HANDLING GROUP IV"))) {
      counter++;
    }
    
    if (ind4.equals(allowedValues.get(key).get("SPECIAL HANDLING IND IV"))) {
      counter++;
    }
    
    if (group5.equals(allowedValues.get(key).get("SPECIAL HANDLING GROUP V"))) {
      counter++;
    }
    
    if (ind5.equals(allowedValues.get(key).get("SPECIAL HANDLING IND V"))) {
      counter++;
    }


    System.out.println("counter:" + counter);

    hm.put(key,counter);
    counter=0;

  }

  System.out.println("Map:" + hm);

  int maxValueInMap=(Collections.max(hm.values())); 
  System.out.println("maxValueInMap:" + maxValueInMap);

  for (Map.Entry entry : hm.entrySet()) {
    if (entry.getValue().equals(maxValueInMap)) {
      System.out.println("Key with max value:" + entry.getKey());
      profileCode=entry.getKey();
      System.out.println("Profile Code:" + profileCode);
      list.add(entry.getKey());
      System.out.println("list size:" + list.size());
    }
  }

  if (list.size()&gt;1) {
    map.put("Profile Code", "No Profile Matched");
    String totalNumOfMatchingFlags = String.valueOf(maxValueInMap);
    
    StringBuilder strBuilder = new StringBuilder();
    for(String profile : list)
    {
      strBuilder.append(profile+"("+totalNumOfMatchingFlags+"), ");
    }

    map.put("Probable Profile Codes",strBuilder);
  }
  else {
    map.put("Profile Code", profileCode);
  }


  return map;</Source>
</Rule>