<?xml version='1.0' encoding='UTF-8'?>
<!DOCTYPE Rule PUBLIC "sailpoint.dtd" "sailpoint.dtd">
<Rule language="beanshell" name="EH_FieldValue_AD_AssignGroups" type="FieldValue">
  <Description>This rule can be used to generate a field value (eg - an account name) using data from the given Identity. If this rule is run in the context of a workflow step then the arguments passed into the step will also be available. Also, any field values that have been processed so far from the policy related to the Application/Role will be available.</Description>
  <ReferencedRules>
    <Reference class="sailpoint.object.Rule" name="EH_Rule_Library"/>
  </ReferencedRules>
  <Signature returnType="String">
    <Inputs>
      <Argument name="log">
        <Description>
          The log object associated with the SailPointContext.
        </Description>
      </Argument>
      <Argument name="context">
        <Description>
          A sailpoint.api.SailPointContext object that can be used to query the database if necessary.
        </Description>
      </Argument>
      <Argument name="identity" type="Identity">
        <Description>
          The Identity object that represents the user needing the field value.
        </Description>
      </Argument>
      <Argument name="link" type="Link">
        <Description>
          The sailpoint.object.Link that is being acted upon. If the link is not applicable,
          this value will be null.
        </Description>
      </Argument>
      <Argument name="group" type="ManagedAttribute">
        <Description>
          The sailpoint.object.ManagedAttribute that is being acted upon. If the managed attribute
          is not applicable, the value will be null.
        </Description>
      </Argument>
      <Argument name="project" type="ProvisioningProject">
        <Description>
          The provisioning project being acted upon. If a provisioning project is not applicable,
          the value will be null.
        </Description>
      </Argument>
      <Argument name="accountRequest" type="ProvisioningPlan.AccountRequest">
        <Description>
          The account request. If an account request is not applicable, the value will be null.
        </Description>
      </Argument>
      <Argument name="objectRequest" type="ProvisioningPlan.ObjectRequest">
        <Description>
          The object request. If an object request is not applicable, the value will be null.
        </Description>
      </Argument>
      <Argument name="role" type="Bundle">
        <Description>
          The role with the template we are compiling. If the role is
          not applicable, the value will be null.
        </Description>
      </Argument>
      <Argument name="application" type="Application">
        <Description>
          The sailpont.object.Application with the template we are compiling. If the application
          is not applicable, the value will be null.
        </Description>
      </Argument>
      <Argument name="template" type="Template">
        <Description>
          The Template that contains this field.
        </Description>
      </Argument>
      <Argument name="field" type="Field">
        <Description>
          The current field being computed.
        </Description>
      </Argument>
      <Argument name="current" type="Object">
        <Description>
          The current value corresponding to the identity or account attribute that the field represents.
          If no current value is set, this value will be null.
        </Description>
      </Argument>
      <Argument name="operation" type="ProvisioningPlan.Operation">
        <Description>
          The operation being performed.
        </Description>
      </Argument>
    </Inputs>
    <Returns>
      <Argument name="value">
        <Description>
          The string value created.
        </Description>
      </Argument>
    </Returns>
  </Signature>
  <Source>

  import java.util.ArrayList; 
  import sailpoint.object.Custom;
  import sailpoint.object.Identity;

  String userType = identity.getAttribute("employeeType");
  List groupList=new ArrayList();
  List finalGroupList=new ArrayList();
  List groupListDNs=new ArrayList();
  Custom cusADObj=context.getObjectByName(Custom.class,"EH_Custom_AD_Objects");
  Custom customObjDNs = context.getObject(Custom.class,"EH_AD_Dynamic_Groups"); 

  System.out.println("EH_FieldValue_AD_AssignGroups:: userType:: "+userType);

  if(userType.equalsIgnoreCase("Cognizant Associate")) 
  {
    groupList=cusADObj.get("Default_groups").get("CTS Employee").get("Basis AD access");
    finalGroupList.addAll(groupList);
    Application ehpmoApp=context.getObjectByName(Application.class,getApplicationName("ehpmo"));
    Link ehpmoLink=identity.getLink(ehpmoApp);

    if(ehpmoLink != null)
    {
      if(ehpmoLink.getAttribute("Apps access") != null)
      {
        List appList=ehpmoLink.getAttribute("Apps access");
        //finalGroupList.addAll(appList);
        for(int i=0;i&lt;appList.size();i++)
				{
					finalGroupList.add(cusADObj.get("Default_groups").get("CTS Employee").get(appList.get(i)));
				}
        appList = null;
        groupList = null;
      }      
    }
  } 
  else if (userType.equalsIgnoreCase("Employee")) 
  {
    String ad_userType = getADUserType(identity);

    if (ad_userType.contains("CORP_EMPLOYEES"))
    {
      finalGroupList=cusADObj.get("Default_groups").get("CORP_EMPLOYEES");
    }
    else if (ad_userType.contains("MEDICARE_EMPLOYEES"))
    {
      finalGroupList=cusADObj.get("Default_groups").get("MEDICARE_EMPLOYEES");
    }

  }
  else if (userType.equalsIgnoreCase("Vendor")) 
  {
    finalGroupList=cusADObj.get("Default_groups").get("Vendor"); 
  } 
  else
  {
    //groupList=cusADObj.get("Default_groups").get("EH FTE");
    System.out.println("This should never be executed. Since no other employeeType should be available");
  }

  int groupListSize=finalGroupList.size();
  for (int i=0;i&lt;groupListSize;i++) 
  {
    String groupName=finalGroupList.get(i);
    String groupDN=customObjDNs.get(groupName);
    groupListDNs.add(groupDN);
  }
  finalGroupList =  null;
  System.out.println("EH_FieldValue_AD_AssignGroups:: groupListDNs:: "+groupListDNs);

  return groupListDNs;




  </Source>
</Rule>