<?xml version='1.0' encoding='UTF-8'?>
<!DOCTYPE Rule PUBLIC "sailpoint.dtd" "sailpoint.dtd">
<Rule language="beanshell" name="EH_Global_WorkItem_Forwarding_Rule" type="WorkItemForward">
  <Description>A rule used to examine a WorkItem and determine whether or not it needs to be forwarded to a new owner for further analysis or action.  The default forwarding rule in the system configuratin will be called every time a WorkItem is opened, and whenever it is forwarded in the user interface.</Description>
  <Signature returnType="Object">
    <Inputs>
      <Argument name="log">
        <Description>
          The log object associated with the SailPointContext.
        </Description>
      </Argument>
      <Argument name="context">
        <Description>
          A sailpoint.api.SailPointContext object that can be used to query the database if necessary.
        </Description>
      </Argument>
      <Argument name="item">
        <Description>
          The WorkItem being opened or forwarded.
        </Description>
      </Argument>
      <Argument name="owner">
        <Description>
          The Identity that currently owns the work item.
        </Description>
      </Argument>
    </Inputs>
    <Returns>
      <Argument name="newOwner">
        <Description>
          An Identity that should own the work item.  Alternatively, this can
          be a String that is the name or id of the Identity.
        </Description>
      </Argument>
    </Returns>
  </Signature>
  <Source>
  import sailpoint.object.*;
  import sailpoint.tools.Util;
  import sailpoint.api.*;
  import java.util.*;
  import java.text.*;

  System.out.println("Inside Global Forwarding Rule");
  Identity newOwner = owner;
  System.out.println("Owner::::: "+owner);
  System.out.println("Workitem Name"+item.getDescription());
  if(item != null &amp;&amp; owner != null)
  {
    String workItemType = item.getType().toString();
    System.out.println("Work Item Type:::: "+workItemType);

    if(workItemType != null &amp;&amp; workItemType.equalsIgnoreCase("Certification"))
    {
      boolean status = owner.isInactive();
      System.out.println("Status:::: "+status);

      if (status)
      {
        List managerList= new ArrayList();

        newOwner = owner.getManager();
        if(newOwner != null)
        {
          managerList.add(newOwner.getName());
          System.out.println("Inside first if");
          Level: while ( newOwner != null ) 
          {

            status = newOwner.isInactive();
            if ( status != null &amp;&amp; !status)
              break;

            newOwner = newOwner.getManager();
            if(newOwner != null)
            {
              for(String managerName:managerList)
              {
                if(managerName.equalsIgnoreCase(newOwner.getName()))
                {
                  status=true;
                  break Level;
                }
              }
              managerList.add(newOwner.getName());
            }

          }
        }
      }
      if (status)
      {
        // This defaults to not changing the owner,
        // but it could alternatively assign it to a fixed user.
        //newOwner = owner;
        System.out.println("2nd if............");
        newOwner = context.getObjectByName(Identity.class,"spadmin");
        System.out.println("no owner active found");
      }



      String workitemDesc= 	item.getDescription();
      //System.out.println("Workitem Name"+workitemDesc);
      if(workitemDesc != null &amp;&amp; workitemDesc.length() &gt; 0)
      {
        /*
          if((workitemDesc.substring(0, workitemDesc.indexOf("Review for ")-1)) != null)
          {
            String finalItemDesc=workitemDesc.substring(0, workitemDesc.indexOf("Review for ")-1)+" Review for " + newOwner.getDisplayableName();
            System.out.println("final WorkItem Desc" + finalItemDesc);
            //System.out.println("WorkItem name" + item.getNotificationName());
            item.setDescription(finalItemDesc);
          }*/

        String certificationId=item.getCertification();
        //System.out.println("CertificationId: " + certificationId);
        Certification certificate=context.getObjectById(Certification.class,certificationId);
        //System.out.println("Certification: " + certificate);

        String certName = certificate.getName();
        /*
          if((certName.substring(0, certName.indexOf("Review for ")-1)) != null)
          {
            System.out.println("Initial Certification name: " + certName);
            String finalCertName=certName.substring(0, certName.indexOf("Review for ")-1)+" Review for "+newOwner.getDisplayableName();
            System.out.println("final Certification Name: " + finalCertName);
            certificate.setName(finalCertName);
            certificate.setDescription(finalCertName);
          }*/


      }
    }
  }
  else if(owner==null  &amp;&amp; item != null)
  {
    System.out.println("New Null Owner");
    newOwner = context.getObjectByName(Identity.class,"spadmin");
  }
  else
  {
    newOwner=null;
  }


  System.out.println("New Owner::::: "+newOwner.getName());

  return newOwner;</Source>
</Rule>