<?xml version='1.0' encoding='UTF-8'?>
<!DOCTYPE Rule PUBLIC "sailpoint.dtd" "sailpoint.dtd">
<Rule language="beanshell" name="EH_HomeDirectory_Powershell" type="ConnectorAfterCreate">
  <Attributes>
    <Map>
      <entry key="ObjectOrientedScript" value="true"/>
      <entry key="disabled" value="false"/>
      <entry key="extension" value=".ps1"/>
      <entry key="program" value="C:\Windows\System32\WindowsPowerShell\v1.0\powershell.exe"/>
      <entry key="timeout" value="120"/>
    </Map>
  </Attributes>
  <Description>
    This is for IQService Before Script.  This is a sample PowerShell before script which modifies value of an attribute and add one new attribute
    to the request
  </Description>
  <Signature>
    <Inputs>
      <Argument name="log">
        <Description>
          The log object associated with the SailPointContext.
        </Description>
      </Argument>
      <Argument name="context">
        <Description>
          A sailpoint.api.SailPointContext object that can be used to query the database if necessary.
        </Description>
      </Argument>
      <Argument name="plan">
        <Description>
          The ProvisioningPlan object on its way to the Connector.
        </Description>
      </Argument>
      <Argument name="application">
        <Description>
          The application object that references this before/after script.
        </Description>
      </Argument>
    </Inputs>
  </Signature>
  <Source>
  # Refer to SailPoint class library Requires PowerShell v2 installed on the system.
    Add-type -path C:\IQService\utils.dll
    # Read the environment variables
    $sReader = New-Object System.IO.StringReader([System.String]$env:Request);
    $sResult = New-Object System.IO.StringReader([System.String]$env:Result);

    # Form the xml reader object
    $xmlReader = [System.xml.XmlTextReader]([Sailpoint.Utils.xml.XmlUtil]::getReader($sReader));
    $xmlReader_Result = [ System.xml.XmlTextReader]([sailpoint.utils.xml.XmlUtil]::getReader($sResult));
    
  	# Create SailPoint Request object
    $requestObject = New-Object Sailpoint.Utils.objects.AccountRequest($xmlReader);
    $resultObject = New-Object Sailpoint.Utils.objects.ServiceResult($xmlReader_Result);
    ECHO "request object:" $requestObject|Add-Content -path C:\Home_Drive\COMPLETE.CSV -FORCE
    # Retrieve account DN and Check if the employee is medicare or not
    $DN = $requestObject.nativeIdentity;
    $corpIdx = $DN.IndexOf(",OU=CORP,")
  
  	# ($resultObject.Errors.count -ne 0) -or 
    if (($resultObject.Errors.count -ne 0) -or ($corpIdx -eq -1))
    {
       Exit
    }        

    foreach ($attrib in $requestObject.AttributeRequests)
    {
      if ($attrib.Name -eq "sAMAccountName") 
     {
      $NewSAM = $attrib.Value;
      
      if((-Not ($NewSAM.StartsWith("s-"))) -And (-Not ($NewSAM.StartsWith("S-"))) )
      {
      try{
        C:/Home_Drive/CreateHomeDrive.ps1 $NewSAM
      }
      catch
      {
        ECHO "error:" $_.exception.message|Add-Content -path C:\Home_Drive\COMPLETE.CSV -FORCE
      }
      }

    }
  }





  Exit
    </Source>
</Rule>