<?xml version='1.0' encoding='UTF-8'?>
<!DOCTYPE Rule PUBLIC "sailpoint.dtd" "sailpoint.dtd">
<Rule language="beanshell" name="EH_Leaver_rule" type="IdentityTrigger">
  <Description>This rule can be used for Certification Events that use rule triggers. The previousIdentity and newIdentity hold snapshots of the identity before the update has occurred and the state of the identity after the update, respectively.</Description>
  <Signature returnType="boolean">
    <Inputs>
      <Argument name="log">
        <Description>
          The log object associated with the SailPointContext.
        </Description>
      </Argument>
      <Argument name="context">
        <Description>
          A sailpoint.api.SailPointContext object that can be used to query the database if necessary.
        </Description>
      </Argument>
      <Argument name="previousIdentity">
        <Description>
          The identity before the refresh/aggregation (this will be null when an
          identity is created).
        </Description>
      </Argument>
      <Argument name="newIdentity">
        <Description>
          The identity after the refresh/aggregation (this will be null when an
          identity is deleted).
        </Description>
      </Argument>
    </Inputs>
    <Returns>
      <Argument name="result">
        <Description>
          A boolean describing the result of the rule.
        </Description>
      </Argument>
    </Returns>
  </Signature>
  <Source>import java.util.*;
  import java.text.*;

  //System.out.println("Start of Leaver Rule");


  if((previousIdentity == null) || (newIdentity == null) || (newIdentity.getAttribute("employeeStatus")==null) || (previousIdentity.getAttribute("employeeStatus")==null)|| (newIdentity.getAttribute("inactive") == null))
  {
   
    return false;
  }
  else
  {
    System.out.println("Identity Found");


    String userStatus = newIdentity.getAttribute("employeeStatus");
    String oldStatus= previousIdentity.getAttribute("employeeStatus");  
    Boolean oldInactiveStatus;
    oldInactiveStatus = newIdentity.getAttribute("inactive");
    
    //String endDateOD = previousIdentity.getAttribute("enddate");
    //String endDateND = newIdentity.getAttribute("enddate");
    //DateFormat df = new SimpleDateFormat("MM/dd/yyyy");
    //Date endDateO;
    //Date endDateN;
    //endDateO = df.parse(endDateOD);
    //endDateN = df.parse(endDateND);
    String employeeType = newIdentity.getAttribute("employeeType");


    if(((oldStatus.equalsIgnoreCase("Active") &amp;&amp; userStatus.equalsIgnoreCase("Terminated") &amp;&amp; !oldInactiveStatus) ||(oldStatus.equalsIgnoreCase("LOA") &amp;&amp; userStatus.equalsIgnoreCase("Terminated")))  &amp;&amp; employeeType.equalsIgnoreCase("Employee"))
    {
      
      return true;
    }

    else
    {          
      return false;
    }
  }</Source>
</Rule>