<?xml version='1.0' encoding='UTF-8'?>
<!DOCTYPE Rule PUBLIC "sailpoint.dtd" "sailpoint.dtd">
<Rule language="beanshell" name="EH_ManageService_Quicklink_Restriction_Rule" type="IdentitySelector">
  <Description>This rule is used to select an Identity that is related to the given Identity</Description>
  <Signature returnType="boolean">
    <Inputs>
      <Argument name="log">
        <Description>
          The log object associated with the SailPointContext.
        </Description>
      </Argument>
      <Argument name="context">
        <Description>
          A sailpoint.api.SailPointContext object that can be used to query the database if necessary.
        </Description>
      </Argument>
      <Argument name="identity" type="Identity">
        <Description>
          The identity.
        </Description>
      </Argument>
      <Argument name="roleName" type="String">
        <Description>
          The name of the sailpoint.object.Bundle (role) that is being selected for the Identity. 
          If roles are not applicable to this Identity selection, this value will be void.
        </Description>
      </Argument>
    </Inputs>
    <Returns>
      <Argument name="success">
        <Description>
            True if the selection was successful; false otherwise.
        </Description>
      </Argument>
    </Returns>
  </Signature>
  <Source>import sailpoint.object.*;
  import sailpoint.api.*;

  import java.io.*;
  import java.text.*;
  import java.util.*;

/*
    QueryOptions qo= new QueryOptions();
 		 List managerList = new ArrayList(); 
    qo.addFilter(Filter.eq("employeeType","Service IQ"));
    Iterator iterator = context.search(Identity.class ,qo);
    //System.out.println("Iterator value is"+iterator);
    while (iterator.hasNext()) 
    {
      Identity serviceIdentity = iterator.next();     
      Identity manager = serviceIdentity.getManager();
      if(manager.isActive())
      managerList.add(manager);  
      
      //System.out.println("Count is "+l1.add(nameArray[0].getName()));
    }

    if (!managerList.isEmpty())) {
      //System.out.println("Owners list is "+l1);
      //System.out.println("Looged in users is a group owner"+l1.contains(identity.getName()));
      if(managerList.contains(identity()))
      {
        System.out.println("identity is group ownerteam in qlink population");
        return true;
      }

    }

  return false;
  
  */
  </Source>
</Rule>