<?xml version='1.0' encoding='UTF-8'?>
<!DOCTYPE Rule PUBLIC "sailpoint.dtd" "sailpoint.dtd">
<Rule language="beanshell" name="EH_Mover_rule" type="IdentityTrigger">
  <Description>This rule can be used for Certification Events that use rule triggers. The previousIdentity and newIdentity hold snapshots of the identity before the update has occurred and the state of the identity after the update, respectively.</Description>
  <ReferencedRules>
    <Reference class="sailpoint.object.Rule" name="EH_Rule_Library"/>
  </ReferencedRules>
  <Signature returnType="boolean">
    <Inputs>
      <Argument name="log">
        <Description>
          The log object associated with the SailPointContext.
        </Description>
      </Argument>
      <Argument name="context">
        <Description>
          A sailpoint.api.SailPointContext object that can be used to query the database if necessary.
        </Description>
      </Argument>
      <Argument name="previousIdentity">
        <Description>
          The identity before the refresh/aggregation (this will be null when an
          identity is created).
        </Description>
      </Argument>
      <Argument name="newIdentity">
        <Description>
          The identity after the refresh/aggregation (this will be null when an
          identity is deleted).
        </Description>
      </Argument>
    </Inputs>
    <Returns>
      <Argument name="result">
        <Description>
          A boolean describing the result of the rule.
        </Description>
      </Argument>
    </Returns>
  </Signature>
  <Source>import java.util.*;

  System.out.println("Start of Rule : Update Identity");
  System.out.println("Start of Rule : Update Identity"+previousIdentity);
  System.out.println("Start of Rule : Update Identity"+newIdentity);



  if((previousIdentity == null) || (newIdentity == null) || (newIdentity.getAttribute("employeeStatus")==null) || (previousIdentity.getAttribute("employeeStatus")==null)|| (newIdentity.getAttribute("inactive") == null))
  {

    return false;
  }
  else
  {

    String userStatus = newIdentity.getAttribute("employeeStatus");
    System.out.println("userStatus : " + userStatus);
    String oldStatus= previousIdentity.getAttribute("employeeStatus");
    System.out.println("oldStatus : " + oldStatus);
    Boolean oldInactiveStatus;
    boolean result;
    oldInactiveStatus = previousIdentity.getAttribute("inactive");
    System.out.println(oldInactiveStatus );
    String oldCity = previousIdentity.getAttribute("businessCity");
    System.out.println("oldCity : " + oldCity);
    if(oldCity==null)
      oldCity="";

    String newCity = newIdentity.getAttribute("businessCity");
    System.out.println("newCity : " + newCity);
    
    //String ctsTempPerm =  newIdentity.getAttribute("ctsTempPerm");
    //String ctsTempPermOld = previousIdentity.getAttribute("ctsTempPerm");

    String ctsTempPerm =  newIdentity.getAttribute("ctsTempPerm");
    System.out.println("ctsTempPerm : " + ctsTempPerm);

    String ctsTempPermOld = previousIdentity.getAttribute("ctsTempPerm");
    System.out.println("ctsTempPermOld : " + ctsTempPermOld);


    String employeeType = newIdentity.getAttribute("employeeType");

    if(userStatus != null)
    { 
      if((userStatus.equalsIgnoreCase("Active")) &amp;&amp; employeeType.equalsIgnoreCase("Employee"))
      { 
        if(oldStatus != null &amp;&amp; userStatus != null  &amp;&amp; oldStatus.equalsIgnoreCase("LOA") &amp;&amp; !(oldStatus.equalsIgnoreCase(userStatus)))
        {
          result = checkRecordStatus(newIdentity);
          result = true;
          if(!result){
            // Sending Email notification to admin, that identity is not eligible for rehire
            EmailTemplate template = context.getObjectByName(EmailTemplate.class,"EH_Email_ReturnLOA_Check_Notification");
            if(null != template) {

              System.out.println(logName+"Send Email to Admin, if checkRecordStatus returns false");
              Map newVariables = new HashMap();
              if(null != newIdentity.getDisplayName())
                newVariables.put("name", newIdentity.getDisplayName());
              if(null != newIdentity.getEmail())
                newVariables.put("email", newIdentity.getEmail());
              if(null != newIdentity.getStringAttribute("employeeID"))
                newVariables.put("employeeID", newIdentity.getStringAttribute("employeeID"));
              if(null != newIdentity.getStringAttribute("networkID"))
                newVariables.put("networkID", newIdentity.getStringAttribute("networkID"));

              EmailOptions options = new EmailOptions();
              options.addVariables(newVariables);

              notifyOnRehireFailure(template,options,"Employee");
              System.out.println(logName+"Send Failed notification Email to Admin: ");
            }
            return false;
          }
          else {
            return true;
          }
        }
        else if(!(oldCity.equalsIgnoreCase(newCity)) &amp;&amp; !(oldInactiveStatus))
        {
          List list = new ArrayList();
          String ad_ou_userType=getADUserType(newIdentity);
          if (ad_ou_userType.equals("CORP_EMPLOYEES")) {
            String[] cityChoice = {"Albany", "Lake Katrine", "Melville", "East Syracuse"};
            for (String a : cityChoice) {
              System.out.println(a);
              if(a.equalsIgnoreCase(oldCity))
                return true;
              else if(a.equalsIgnoreCase(newCity))
                return true;
            }}
          else if(ad_ou_userType.equals("MEDICARE_EMPLOYEES")){
            String[] cityChoice = {"Florida", "East Syracuse","Hollywood"};
            for (String a : cityChoice) {
              System.out.println(a);
              if(a.equalsIgnoreCase(oldCity))
                return true;
              else if(a.equalsIgnoreCase(newCity))
                return true;
            }}
        }}
      else if(userStatus.equalsIgnoreCase("LOA") &amp;&amp; !oldInactiveStatus &amp;&amp; employeeType.equalsIgnoreCase("Employee"))
      {  

        if(oldStatus != null &amp;&amp; userStatus != null &amp;&amp; !(oldStatus.equalsIgnoreCase(userStatus)))
        {
          return true;
        }}
      else if(ctsTempPerm!=null &amp;&amp; !oldInactiveStatus &amp;&amp; employeeType.equalsIgnoreCase("Cognizant Associate")){

        if(ctsTempPermOld!=null &amp;&amp; ctsTempPermOld.equalsIgnoreCase("T") &amp;&amp; !(ctsTempPermOld.equalsIgnoreCase(ctsTempPerm)))
        { 
          return true;
        }
        else

          System.out.println("User is Permanent");
      }

      else
      {	

        return false;
      }
    }
    else
    {

      return false;
    }
  }</Source>
</Rule>