<?xml version='1.0' encoding='UTF-8'?>
<!DOCTYPE Rule PUBLIC "sailpoint.dtd" "sailpoint.dtd">
<Rule language="beanshell" name="EH_PeopleSoft_HR_CreationRule" type="IdentityCreation">
  <Description>Identity creation rules are used to set attributes on new Identity objects when they are created.  New identities may be created during the aggregation of application accounts, or optionally created after pass-through authentication.

One common operation is to change the name property of the identity when the default application name is complex (such as a directory DN).

Another common operation is to assign a set of initial capabilities based on the attributes pulled from the application account.</Description>
  <ReferencedRules>
    <Reference class="sailpoint.object.Rule" name="EH_Rule_Library"/>
  </ReferencedRules>
  <Signature returnType="void">
    <Inputs>
      <Argument name="log">
        <Description>
          The log object associated with the SailPointContext.
        </Description>
      </Argument>
      <Argument name="context">
        <Description>
          A sailpoint.api.SailPointContext object that can be used to query the database if necessary.
        </Description>
      </Argument>
      <Argument name="environment" type="Map">
        <Description>
          Arguments passed to the aggregation task.
        </Description>
      </Argument>
      <Argument name="application">
        <Description>
          Application being aggregated.
        </Description>
      </Argument>
      <Argument name="account" type="ResourceObject">
        <Description>
          The resource account for the identity being created.
        </Description>
      </Argument>
      <Argument name="identity" type="Identity">
        <Description>
          The identity that is being created.
        </Description>
      </Argument>
    </Inputs>
  </Signature>
  <Source>import sailpoint.object.*;
  //creating displayname by calling getdisplayname method from rule library
  String displayName = getDisplayName(account,application.getName());
  identity.setDisplayName(displayName);
  String status = account.getStringAttribute("employeeStatus");
 /* if(status != null)
  {
    if(status.equalsIgnoreCase("Terminated") || status.equalsIgnoreCase("LOA"))
    {
      identity.setInactive(true);
    }
  }*/</Source>
</Rule>