<?xml version='1.0' encoding='UTF-8'?>
<!DOCTYPE Rule PUBLIC "sailpoint.dtd" "sailpoint.dtd">
<Rule language="beanshell" name="EH_PeopleSoft_HR_BuildMapRule" type="BuildMap">
  <Description>This rule is used by the delimited file connector to build a map representation of the delimited data.</Description>
  <ReferencedRules>
    <Reference class="sailpoint.object.Rule" name="EH_Rule_Library"/>
  </ReferencedRules>
  <Signature returnType="Map"/>
  <Source>
  import java.util.*;
  import sailpoint.object.*;
  import sailpoint.connector.DelimitedFileConnector;
  import java.util.Arrays;
  import java.util.List;
  import sailpoint.tools.*;
  import java.io.*;
  import java.text.*;

  // import org.apache.commons.lang3.StringUtils;

  // this rule for creating employeeStatus,employeeType,source,company attrinbutes and encrypting dob and ssn values.
  HashMap map = DelimitedFileConnector.defaultBuildMap(cols, record);
  String pid = map.get("EMPLID");
  if(pid != null &amp;&amp; pid.trim().length() &gt; 0)
  {
    int ln = pid.length();
    //String eid = org.apache.commons.lang3.StringUtils.leftPad(pid,6,"0");
    if(ln != 6)
    {
      try
      {
        int intEmp = Integer.parseInt(pid);
        String newEmpId = sailpoint.tools.Util.leftPadZeros(intEmp,5);
        map.put("EMPLID",newEmpId);
      }
      catch(Exception e)
      {
        return new HashMap();		
      }

    }
    String status = map.get("EMPL_STATUS");
    String newStatus = null;
    if(status != null &amp;&amp; status.trim().length() &gt; 0)
    {
      newStatus = getEmployeeStatus(map.get("EMPL_STATUS"),application.getName());
      map.put("employeeStatus",newStatus);
      if(newStatus.equals("Terminated"))
        map.put("IIQDisabled",true);
    }
    String empId = map.get("EMPLID");
    Identity id  = context.getObject(Identity.class,empId);
    String oldStatus = null;
    if(id != null)
    {
      oldStatus = id.getAttribute("employeeStatus");
    }
    if((id == null) || (newStatus != null &amp;&amp; newStatus.equalsIgnoreCase("Active") &amp;&amp; oldStatus != null &amp;&amp; oldStatus.equalsIgnoreCase("Terminated")))
    {
      if(map.get("MANAGER_EMPLID")!= null &amp;&amp; map.get("MANAGER_EMPLID").trim().length() &gt; 0 &amp;&amp; !(map.get("MANAGER_EMPLID").equalsIgnoreCase("0")) &amp;&amp;  map.get("ZIP")!= null &amp;&amp; map.get("ZIP").trim().length() &gt; 0 &amp;&amp; !map.get("ZIP").trim().equalsIgnoreCase("0") &amp;&amp; map.get("Home_phone") != null &amp;&amp; map.get("Home_phone").trim().length() &gt; 0 &amp;&amp; !map.get("Home_phone").trim().equalsIgnoreCase("0"))
      {
        // correct record
      }
      else
      {
        return new HashMap();
      }
    }
    map.put("employeeType",getEmployeeType(application));
    map.put("company","EmblemHealth");
    map.put("source","PeopleSoft_HR"); 

    String dob = map.get("DOB");
    if(dob != null &amp;&amp; dob.trim().length() &gt; 0)
    {
      try{
        SimpleDateFormat dobDateFormat = new SimpleDateFormat("MM/dd/yyyy");
        dobDateFormat.setLenient(false);
        Date dobParse = dobDateFormat.parse(dob);
        String dobFormat = dobDateFormat.format(dobParse); 
        String[] split = dobFormat.split("/");
        if(split != null &amp;&amp; split.length &gt;= 2)
        {
          dob = split[0]+"/"+split[1];
        }
        map.put("DOB",getEncryption(dob));
      }
      catch(Exception e)
      {
        return new HashMap();
      }
    }

    String ssn = map.get("SSN_FOUR");

    if(ssn != null &amp;&amp; ssn.trim().length() &gt; 0 )
    {
      map.put("SSN_FOUR",getEncryption(ssn));
    }

    String hireDate = map.get("HIRE_DT");
    if(hireDate != null &amp;&amp; hireDate.trim().length() &gt; 0)
    {
      try{
        SimpleDateFormat hireDateFormat = new SimpleDateFormat("MM/dd/yyyy");
        hireDateFormat.setLenient(false);
        Date hireParse = hireDateFormat.parse(hireDate);
        String hireFormat = hireDateFormat.format(hireParse);
        map.put("HIRE_DT",hireFormat);          
      }
      catch(Exception e)
      {
        return new HashMap();
      }
    }

    String termDate = map.get("TERM_DT");
    if(termDate != null &amp;&amp; termDate.trim().length() &gt; 0)
    {
      try{
        SimpleDateFormat dateFormat = new SimpleDateFormat("MM/dd/yyyy");
        dateFormat.setLenient(false);
        Date termParse = dateFormat.parse(termDate);
        String termFormat = dateFormat.format(termParse);
        String empStatus = map.get("EMPL_STATUS");
        if(empStatus != null &amp;&amp; empStatus.trim().length() &gt; 0)
        {
          if(!(empStatus.equalsIgnoreCase("D") || empStatus.equalsIgnoreCase("T") || empStatus.equalsIgnoreCase("R")))
          {
            return new HashMap();
          }        
        }
        map.put("TERM_DT",termFormat);          
      }
      catch(Exception e)
      {
        return new HashMap();
      }
    }
  }
  return map;
  </Source>
</Rule>