<?xml version='1.0' encoding='UTF-8'?>
<!DOCTYPE Rule PUBLIC "sailpoint.dtd" "sailpoint.dtd">
<Rule language="beanshell" name="EH_Qcare_Correlation_Rule" type="Correlation">
  <Description>Identity Correlation Rules are used to find identities to which new accounts can be attached.

A correlation rule must return a Map with one of the specified Return arguments.</Description>
  <Signature returnType="Map">
    <Inputs>
      <Argument name="log">
        <Description>
          The log object associated with the SailPointContext.
        </Description>
      </Argument>
      <Argument name="context">
        <Description>
          A sailpoint.api.SailPointContext object that can be used to query the database if necessary.
        </Description>
      </Argument>
      <Argument name="environment" type="Map">
        <Description>
          Arguments passed to the aggregation task.
        </Description>
      </Argument>
      <Argument name="application">
        <Description>
          Application being aggregated.
        </Description>
      </Argument>
      <Argument name="account">
        <Description>
          A sailpoint.object.ResourceObject returned from the
          collector.
        </Description>
      </Argument>
      <Argument name="link">
        <Description>
          Existing link to this account.
        </Description>
      </Argument>
    </Inputs>
    <Returns>
      <Argument name="identityName">
        <Description>
          The name of an Identity object.
        </Description>
      </Argument>
      <Argument name="identity">
        <Description>
          A fully resolved Identity object if the rule wants
          to do its own queries to locate the identity.
        </Description>
      </Argument>
      <Argument name="identityAttributeName">
        <Description>
          The name of the extended attribute that can be used
          to locate an existing identity.
        </Description>
      </Argument>
      <Argument name="identityAttributeValue">
        <Description>
          The value of the named extended attribute that can be used
          to locate an existing identity. This attribute is used
          together with the identityAttributeName argument.
        </Description>
      </Argument>
    </Returns>
  </Signature>
  <Source>import java.util.HashMap;
  import java.util.Map;
  import java.util.List;

  import sailpoint.api.SailPointContext;
  import sailpoint.object.Identity;
  import sailpoint.object.QueryOptions;
  import sailpoint.object.Filter;
  import sailpoint.object.ResourceObject;
  import sailpoint.object.Link;
  import sailpoint.object.Application;
  import sailpoint.api.IdentityService;


  Map returnMap = new HashMap();
  QueryOptions qo = new QueryOptions();

  System.out.println("---------------------QCare correlation rule--------------");




  String id=account.getAttribute("FILLER");
  System.out.println("Employee id...."+id);
  
  if(id!=null)
  {
    id=id.trim();
    String sid=id.substring(0,1);
   
      //qo.addFilter(Filter.eq("vendorID", id));
     qo.addFilter(Filter.ignoreCase(Filter.eq("name", id)));
      List appids= context.getObjects(Identity.class, qo);
      if(appids != null)
      {
        for(Identity id:appids)
        {
          returnMap.put("identity", id);

        }

      }

    
      

    

  }

  else
  {
    returnMap.put("identity", null);
  }







  return returnMap;</Source>
</Rule>