<?xml version='1.0' encoding='UTF-8'?>
<!DOCTYPE Rule PUBLIC "sailpoint.dtd" "sailpoint.dtd">
<Rule language="beanshell" name="EH_QCare_BuildMapRule" type="BuildMap">
  <Description>This rule is used by the delimited file connector to build a map representation of the delimited data.</Description>
  <Signature returnType="Map">
    <Inputs>
      <Argument name="log">
        <Description>
          The log object associated with the SailPointContext.
        </Description>
      </Argument>
      <Argument name="context">
        <Description>
          A sailpoint.api.SailPointContext object that can be used to query the database if necessary.
        </Description>
      </Argument>
      <Argument name="application">
        <Description>
          The application whose data file is being processed.
        </Description>
      </Argument>
      <Argument name="schema">
        <Description>
          The Schema currently in use.
        </Description>
      </Argument>
      <Argument name="state">
        <Description>
          A Map containing state information.
        </Description>
      </Argument>
      <Argument name="record">
        <Description>
          A List of data tokens parsed from the current line of the data file.
        </Description>
      </Argument>
      <Argument name="cols">
        <Description>
          A List of the columns to use.
        </Description>
      </Argument>
    </Inputs>
    <Returns>
      <Argument name="map">
        <Description>
          A Map of the resource object assembled from the data.
        </Description>
      </Argument>
    </Returns>
  </Signature>
  <Source>import sailpoint.object.*;
  import sailpoint.api.*;
  import sailpoint.connector.Connector;
  import sailpoint.connector.DelimitedFileConnector;
  import java.util.ArrayList;
  import java.util.HashMap;
  import java.util.List;
  import java.util.Map;
  import java.util.Map.Entry;
  import java.util.Set; 
  import java.text.SimpleDateFormat;
  import java.util.Date;
  import sailpoint.tools.*;
  import sailpoint.connector.*;


  //System.out.println("Mappp....."+map);



  map = DelimitedFileConnector.defaultBuildMap( cols, record );  

  String readFile = Util.readFile("/apphome/sailpoint/CSVFILES/INPUT/Group_Owner_List.csv");
  String[] records = readFile.split("\n");
  List collist = records.length &gt; 0 ?  Util.stringToList(records[0]) : null;
  for(int i=1; i&lt;records.length; i++)
  {
    String record = records[i];
    if(record.contains(map.get("DEPT")) &amp;&amp; record.contains("QCare"))
    {
      List rowlist = Util.stringToList(record);
      Map roleMap = DelimitedFileConnector.defaultBuildMap(collist,rowlist);
      String description = (String) roleMap.get("DESCRIPTION");
      if(description!=null &amp;&amp; description.trim().length()&gt;1)
      {
        map.put("DEPT",description);
      }
      break; 
    }

  }


  String tdate=map.get("TERM DATE");
  if(tdate!=null &amp;&amp; tdate.trim().length()&gt;0)
  {
  int intDate=Integer.parseInt(tdate);
  if(intDate==0)
  {
    map.put("Status","Active");
  }
  else
  {
    SimpleDateFormat dateformat=new SimpleDateFormat("yyyyMMdd");
    String cdate=dateformat.format(new Date());
    System.out.println("Current Date"+cdate);
    Date currentdate=dateformat.parse(cdate);
    Date termdate=dateformat.parse(tdate);

    if(currentdate.compareTo(termdate)&gt;0)
    {

      map.put("Status","In-active");
      map.put("IIQDisabled", Boolean.TRUE); 

    }
    else
    {
      map.put("Status","Active");
    }
  }
  }

  return map;</Source>
</Rule>