<?xml version='1.0' encoding='UTF-8'?>
<!DOCTYPE Rule PUBLIC "sailpoint.dtd" "sailpoint.dtd">
<Rule language="beanshell" name="EH_Rule_FeedFile_SungaurdAssuranceCM">
  <ReferencedRules>
    <Reference class="sailpoint.object.Rule" name="EH_Rule_Library_2"/>
  </ReferencedRules>
  <Signature returnType="String">
    <Inputs>
      <Argument name="log"/>
      <Argument name="context"/>
      <Argument name="config"/>
    </Inputs>
  </Signature>
  <Source>

  import java.util.HashMap;
  import java.util.Map;
  import java.text.SimpleDateFormat;
  import java.util.Calendar;
  import java.util.Date;
  import sailpoint.api.SailPointContext;
  import sailpoint.object.Identity;
  import sailpoint.object.Link;
  import sailpoint.object.QueryOptions;
  import sailpoint.object.Filter;
  import sailpoint.object.ResourceObject;
  import sailpoint.object.*;
  import sailpoint.object.Capability;
  import sailpoint.object.Application;
  import java.util.*;
  import java.util.Map;
  import java.io.File;
  import java.io.FileInputStream;
  import java.io.PrintWriter;
  import sailpoint.object.*;
  import java.util.*;
  import java.text.DateFormat;
  import sailpoint.tools.CloseableIterator;
  import sailpoint.connector.ADLDAPConnector;
  import sailpoint.object.ResourceObject;
  import ch.ethz.ssh2.*;
  import java.io.*;
  import java.net.*;

  private List fetchMedicareData(String ou)
  {

    Application application = context.getObjectByName(Application.class, "AD");

    //create a copy of the application as to not modify the in memory copy
    Application applicationCopy = application.deepCopy(context);
    List existingSearchDNs = new ArrayList();
    int count=0;
    Custom appcus=context.getObjectByName(Custom.class,"EH_Custom_AD_Objects");
    Map DNs=appcus.get("CCIMEDIInfo");
    String activeSearchfilter=DNs.get("activeSearchFilter");
    String inactiveSearchFilter=DNs.get("inactiveSearchFilter");
    String medDN=(String) DNs.get("MEDICAREDN");
    String disabledDN=(String)DNs.get("MEDICAREDISABLEDDN");
    Map newSearchDN = new HashMap();  

    if(ou.equalsIgnoreCase("contractor"))
    {
      newSearchDN.put("searchDN", medDN);
      newSearchDN.put("iterateSearchFilter", activeSearchfilter);  // search DN will be passed as OU=*,DC=*,DC=*.  Will not work for DC=*,DC=*
    }  
    else if(ou.equalsIgnoreCase("disabled"))
    {
      newSearchDN.put("searchDN", disabledDN);
      newSearchDN.put("iterateSearchFilter", inactiveSearchFilter);  // search DN will be passed as OU=*,DC=*,DC=*.  Will not work for DC=*,DC=*
    }
    newSearchDN.put("searchScope", "SUBTREE");  
    newSearchDN.put("primaryGroupSearchDN", "");  
    newSearchDN.put("groupMembershipSearchDN", "");   
    existingSearchDNs.add(newSearchDN);  
    applicationCopy.setAttribute("searchDNs", existingSearchDNs); 
    //applicationCopy.setAttribute("pageSize","100");

    ADLDAPConnector connector = new sailpoint.connector.ADLDAPConnector(applicationCopy);
    CloseableIterator itr = connector.iterateObjects("account", null, null);
    List adUserList= new ArrayList();

    while ( (null != itr) &amp;&amp; (itr.hasNext()) ) {
      count++;
      ResourceObject res=(ResourceObject)itr.next(); 
      System.out.println(itr.next().getAttribute("distinguishedName"));
      System.out.println(res.getAttribute("distinguishedName"));
      adUserList.add(res);

    }

    // System.out.println("Count is"+count);
    return adUserList;
  }


  private void writeMedicareData(BufferedWriter bw,List medicareUserList)
  {

    System.out.println("Inside Write medicare data method");

    if(medicareUserList!=null)
    {

      for(int i=0;i&lt;medicareUserList.size();i++)
      {
        StringBuffer buffer = new StringBuffer();
        ResourceObject res=medicareUserList.get(i);      
        System.out.println("Inside Write medicare while loop");

        res.getAttribute("employeeID") != null ? buffer.append("\""+res.getAttribute("employeeID")+"\"") : buffer.append("");
        buffer.append(",");
        res.getAttribute("givenName") != null ? buffer.append("\""+res.getAttribute("givenName")+"\"") : buffer.append("");
        buffer.append(",");
        res.getAttribute("sn") != null ? buffer.append("\""+res.getAttribute("sn")+"\"") : buffer.append("");
        buffer.append(",");
        res.getAttribute("middleName") != null ? buffer.append("\""+res.getAttribute("middleName")+"\"") : buffer.append("");
        buffer.append(",");
        res.getAttribute("streetAddress") != null ? buffer.append("\""+res.getAttribute("streetAddress")+"\"") : buffer.append("");
        buffer.append(",");
        res.getAttribute("l") != null ? buffer.append("\""+res.getAttribute("l")+"\"") : buffer.append("");
        buffer.append(",");
        res.getAttribute("streetAddress") != null ? buffer.append("\""+res.getAttribute("streetAddress")+"\"") : buffer.append("");
        buffer.append(",");
        res.getAttribute("postalCode") != null ? buffer.append("\""+res.getAttribute("postalCode")+"\"") : buffer.append("");
        buffer.append(",");
        res.getAttribute("title") != null ? buffer.append("\""+res.getAttribute("title")+"\"") : buffer.append("");
        buffer.append(",");
        res.getAttribute("extensionAttribute5") != null ? buffer.append("\""+res.getAttribute("extensionAttribute5")+"\"") : buffer.append("");
        buffer.append(",");
        res.getAttribute("extensionAttribute6") != null ? buffer.append("\""+res.getAttribute("extensionAttribute6")+"\"") : buffer.append("");
        buffer.append(",");
        res.getAttribute("employeeType") != null ? buffer.append("\""+res.getAttribute("employeeType")+"\"") : buffer.append("");
        buffer.append(",");
        res.getAttribute("extensionAttribute3") != null ? buffer.append("\""+res.getAttribute("extensionAttribute3")+"\"") : buffer.append("");
        buffer.append(",");
        res.getAttribute("extensionAttribute4") != null ? buffer.append("\""+res.getAttribute("extensionAttribute4")+"\"") : buffer.append("");
        buffer.append(",");
        res.getAttribute("division") != null ? buffer.append("\""+res.getAttribute("division")+"\"") : buffer.append("");
        buffer.append(",");
        res.getAttribute("departmentNumber") != null ? buffer.append("\""+res.getAttribute("departmentNumber")+"\"") : buffer.append("");
        buffer.append(",");
        res.getAttribute("department") != null ? buffer.append("\""+res.getAttribute("department")+"\"") : buffer.append("");
        buffer.append(",");
        res.getAttribute("physicalDeliveryOfficeName") != null ? buffer.append("\""+res.getAttribute("physicalDeliveryOfficeName")+"\"") : buffer.append("");
        buffer.append(",");
        res.getAttribute("roomNumber") != null ? buffer.append("\""+res.getAttribute("roomNumber")+"\"") : buffer.append("");
        buffer.append(",");
        res.getAttribute("telephoneNumber") != null ? buffer.append("\""+res.getAttribute("telephoneNumber")+"\"") : buffer.append("");
        buffer.append(",");
        res.getAttribute("extensionAttribute10") != null ? buffer.append("\""+res.getAttribute("extensionAttribute10")+"\"") : buffer.append("");
        buffer.append(",");
        res.getAttribute("extensionAttribute11") != null ? buffer.append("\""+res.getAttribute("extensionAttribute11")+"\"") : buffer.append("");
        buffer.append(",");
        res.getAttribute("facsimileTelephoneNumber") != null ? buffer.append("\""+res.getAttribute("facsimileTelephoneNumber").get(0)+"\"") : buffer.append("");
        buffer.append(",");
        res.getAttribute("extensionAttribute13") != null ? buffer.append("\""+res.getAttribute("extensionAttribute13")+"\"") : buffer.append("");
        buffer.append(",");
        res.getAttribute("extensionAttribute2") != null ? buffer.append("\""+res.getAttribute("extensionAttribute2")+"\"") : buffer.append("");
        buffer.append(",");
        res.getAttribute("extensionAttribute7") != null ? buffer.append("\""+res.getAttribute("extensionAttribute7")+"\"") : buffer.append("");
        buffer.append(",");
        res.getAttribute("extensionAttribute8") != null ? buffer.append("\""+res.getAttribute("extensionAttribute8")+"\"") : buffer.append("");
        buffer.append(",");
        res.getAttribute("company") != null ? buffer.append("\""+res.getAttribute("company")+"\"") : buffer.append("");
        buffer.append(",");
        res.getAttribute("mail") != null ? buffer.append("\""+res.getAttribute("mail")+"\"") : buffer.append("");
        buffer.append(",");
        buffer.append("");
        buffer.append(",");
        buffer.append("");
        buffer.append(",");
        buffer.append("");
        buffer.append(",");
        buffer.append("");
        buffer.append(",");
        buffer.append("");
        buffer.append(",");
        buffer.append("");
        buffer.append(",");
        buffer.append("");
        buffer.append(",");
        buffer.append("");
        buffer.append(",");
        buffer.append("\""+"English"+"\"");
        buffer.append(",");
        buffer.append("");
        buffer.append(",");
        buffer.append("");
        buffer.append(",");
        buffer.append("");
        buffer.append(",");
        buffer.append("");
        buffer.append(",");
        buffer.append("");
        buffer.append(",");
        buffer.append("");
        buffer.append(",");
        buffer.append("");
        buffer.append(",");
        buffer.append("");
        buffer.append(",");
        buffer.append("");
        buffer.append(",");
        buffer.append("");
        buffer.append(",");
				
        buffer.append("\r\n");
        bw.write(buffer.toString());
        //bw.newLine();
        //System.out.println(itr.next().getAttribute("distinguishedName"));

      }
    }
    else
    {
      System.out.println("Medicare AD list  is null");
    }


  }

  private List getUsers(int firstRow,int limit)  throws Exception
  {

    QueryOptions ops =  new QueryOptions();

    // Filter employeeFilter=Filter.ignoreCase(Filter.eq("employeeType","employee"));   
    //Filter inactiveFilter=Filter.eq("inactive",false);
    Filter  nameFilter=Filter.not(Filter.ignoreCase(Filter.eq("identity.name","spadmin"))); 
    Filter inactiveFilter=Filter.eq("identity.inactive",false);
    Filter applicationFilter=Filter.ignoreCase(Filter.eq("application.name","AD"));  
    Filter accountTypeFilter=Filter.ignoreCase(Filter.eq("EHaccountType","primary"));  

    //ops.addFilter(employeeFilter);
    // ops.addFilter(inactiveFilter);
    ops.addFilter(inactiveFilter);
    ops.addFilter(nameFilter);
    ops.addFilter(applicationFilter);
    ops.addFilter(accountTypeFilter);
    ops.setFirstRow(firstRow);
    ops.setResultLimit(limit);

    List userListByPage= new ArrayList();
    userListByPage= context.getObjects(Link.class, ops);
    //System.out.println("Printing Identity list-----------------------------"+userListByPage);

    return userListByPage;
  }

  private int userCount()  throws Exception
  {
    System.out.println("inside usercount");

    QueryOptions ops =  new QueryOptions();
    // Filter employeeFilter=Filter.ignoreCase(Filter.eq("employeeType","employee"));   
    // Filter inactiveFilter=Filter.eq("inactive",false);
    Filter  nameFilter=Filter.not(Filter.ignoreCase(Filter.eq("identity.name","spadmin"))); 
    Filter inactiveFilter=Filter.eq("identity.inactive",false);
    Filter applicationFilter=Filter.ignoreCase(Filter.eq("application.name","AD"));  
    Filter accountTypeFilter=Filter.ignoreCase(Filter.eq("EHaccountType","primary"));  


    //ops.addFilter(employeeFilter);
    //ops.addFilter(inactiveFilter);
    ops.addFilter(inactiveFilter);
    ops.addFilter(nameFilter);
    ops.addFilter(applicationFilter);
    ops.addFilter(accountTypeFilter);


    int totalCount=context.countObjects(Link.class,ops);
    System.out.println("Total count is"+totalCount) ;
    return totalCount;
  }

  private void writeHeader(BufferedWriter bw) throws Exception
  {
    StringBuffer buffer = new StringBuffer();
    Custom customHeader = context.getObjectByName(Custom.class,"EH_Feed_Header");
    List columnNames=customHeader.get("metricStreamHeader");

    if(columnNames!=null &amp;&amp; columnNames.size()&gt;0)
    {
      for(int i=0;i&lt;columnNames.size();i++)
      {

        buffer.append("\""+columnNames.get(i)+"\"");

        buffer.append(",");
      }

      buffer.setLength(buffer.length() - 1);
      buffer.append("\r\n");
      bw.write(buffer.toString());
      //bw.newLine();

    }


  }

  private void writeData(BufferedWriter bw,List userList) throws Exception
  {
    //System.out.println("User List in writeData():"+userList);

    for(int i=0;i&lt;userList.size();i++)
    {

      Link link=userList.get(i);

      if(!link.isDisabled())
      {


        // Identity id = userList.get(i);
        Identity id = link.getIdentity();


        StringBuffer buffer = new StringBuffer();
        Identity idManager=id.getManager();
        String managerName="";
        String managerID="";
        if(idManager!=null)
        {
          managerID="\""+idManager.getName()+"\"";
          managerName="\""+idManager.getDisplayName()+"\"";
        }


        buffer.append("\""+id.getName()+"\"");
        buffer.append(",");
        //id.getFirstname()!= null ? buffer.append("\""+id.getFirstname()+"\"") : buffer.append("");
        //buffer.append(",");
        //id.getLastname()!= null ? buffer.append("\""+id.getLastname()+"\"") : buffer.append("");
        //buffer.append(",");
        if(link.getAttribute("givenName")!=null)
        {
          buffer.append("\""+checkAndEscape(link.getAttribute("givenName"))+"\"");
        }
        else
        {
          id.getFirstname()!= null ? buffer.append("\""+id.getFirstname()+"\"") : buffer.append("");
        }
        buffer.append(",");
        //id.getLastname()!= null ? buffer.append("\""+id.getLastname()+"\"") : buffer.append("");
        link.getAttribute("sn") != null ? buffer.append("\""+link.getAttribute("sn")+"\"") : buffer.append("");
        buffer.append(",");
        //id.getAttribute("middleName") != null ? buffer.append("\""+id.getAttribute("middleName")+"\"") : buffer.append("");
        link.getAttribute("middleName") != null ? buffer.append("\""+link.getAttribute("middleName")+"\"") : buffer.append("");
        buffer.append(",");
        /*
      id.getAttribute("businessAddress") != null ? buffer.append("\""+id.getAttribute("businessAddress")+"\"") : buffer.append("");
      buffer.append(",");
      id.getAttribute("businessCity") != null ? buffer.append("\""+id.getAttribute("businessCity")+"\"") : buffer.append("");
      buffer.append(",");
      id.getAttribute("businessState") != null ? buffer.append("\""+id.getAttribute("businessState")+"\"") : buffer.append("");
      buffer.append(",");
      id.getAttribute("businessZIP") != null ? buffer.append("\""+id.getAttribute("businessZIP")+"\"") : buffer.append("");
      buffer.append(",");
      id.getAttribute("jobtitle") != null ? buffer.append("\""+id.getAttribute("jobtitle")+"\"") : buffer.append("");
      buffer.append(",");
      */
        link.getAttribute("streetAddress") != null ? buffer.append("\""+link.getAttribute("streetAddress")+"\"") : buffer.append("");
        buffer.append(",");
        link.getAttribute("l") != null ? buffer.append("\""+link.getAttribute("l")+"\"") : buffer.append("");
        buffer.append(",");
        link.getAttribute("st") != null ? buffer.append("\""+link.getAttribute("st")+"\"") : buffer.append("");
        buffer.append(",");
        link.getAttribute("postalCode") != null ? buffer.append("\""+link.getAttribute("postalCode")+"\"") : buffer.append("");
        buffer.append(",");	  
        link.getAttribute("title") != null ? buffer.append("\""+link.getAttribute("title")+"\"") : buffer.append("");
        buffer.append(",");
        id.getAttribute("userStatus") != null ? buffer.append("\""+id.getAttribute("userStatus")+"\"") : buffer.append("");
        buffer.append(",");
        id.getAttribute("fullPartTime") != null ? buffer.append("\""+id.getAttribute("fullPartTime")+"\"") : buffer.append("");
       // link.getAttribute("extensionAttribute6") != null ? buffer.append("\""+link.getAttribute("extensionAttribute6")+"\"") : buffer.append("");
        buffer.append(",");
        id.getAttribute("userType") != null ? buffer.append("\""+id.getAttribute("userType")+"\"") : buffer.append("");
        buffer.append(",");
        //id.getAttribute("startdate") != null ? buffer.append("\""+id.getAttribute("startdate")+"\"") : buffer.append("");
        link.getAttribute("extensionAttribute3") != null ? buffer.append("\""+link.getAttribute("extensionAttribute3")+"\"") : buffer.append("");
        buffer.append(",");
        //id.getAttribute("enddate") != null ? buffer.append("\""+id.getAttribute("enddate")+"\"") : buffer.append("");
        link.getAttribute("extensionAttribute4") != null ? buffer.append("\""+link.getAttribute("extensionAttribute4")+"\"") : buffer.append("");
        buffer.append(",");
        //id.getAttribute("businessUnit") != null ? buffer.append("\""+id.getAttribute("businessUnit")+"\"") : buffer.append("");
        if(id.getAttribute("employeeType")!=null &amp;&amp; id.getAttribute("employeeType").equalsIgnoreCase("Employee"))
        {
          Custom psApplicationObject = context.getObjectByName(Custom.class,"EH_Application_Names");
          String psApplicationName = psApplicationObject.get("peoplesoft");
          Application peopleSoftApp = context.getObjectByName(Application.class,psApplicationName);
          Link link = id.getLink(peopleSoftApp);
          if(link!=null)
          {    
            link.getAttribute("DIVISION_DESCR") != null ? buffer.append("\""+link.getAttribute("DIVISION_DESCR")+"\"") : buffer.append("");//for Custom Value 3
          }
        }
        else
        {
          buffer.append("");
        }
        buffer.append(",");
        id.getAttribute("departmentID") != null ? buffer.append("\""+id.getAttribute("departmentID")+"\"") : buffer.append("");
        //link.getAttribute("departmentNumber") != null ? buffer.append("\""+link.getAttribute("departmentNumber")+"\"") : buffer.append("");
        buffer.append(",");
        id.getAttribute("department") != null ? buffer.append("\""+id.getAttribute("department")+"\"") : buffer.append("");
        buffer.append(",");
        id.getAttribute("location") != null ? buffer.append("\""+id.getAttribute("location")+"\"") : buffer.append("");
        buffer.append(",");
        id.getAttribute("floor") != null ? buffer.append("\""+id.getAttribute("floor")+"\"") : buffer.append("");
        //link.getAttribute("roomNumber") != null ? buffer.append("\""+link.getAttribute("roomNumber")+"\"") : buffer.append("");
        buffer.append(",");
        //id.getAttribute("phone") != null ? buffer.append("\""+id.getAttribute("phone")+"\"") : buffer.append("");
        link.getAttribute("telephoneNumber") != null ? buffer.append("\""+link.getAttribute("telephoneNumber")+"\"") : buffer.append("");
        buffer.append(",");
        //buffer.append(managerID);
        link.getAttribute("extensionAttribute10") != null ? buffer.append("\""+link.getAttribute("extensionAttribute10")+"\"") : buffer.append("");
        buffer.append(",");
        // buffer.append(managerName);
        link.getAttribute("extensionAttribute11") != null ? buffer.append("\""+link.getAttribute("extensionAttribute11")+"\"") : buffer.append("");
        buffer.append(",");
        // id.getAttribute("fax") != null ? buffer.append("\""+id.getAttribute("fax")+"\"") : buffer.append("");
        link.getAttribute("facsimileTelephoneNumber") != null ? buffer.append("\""+link.getAttribute("facsimileTelephoneNumber").get(0)+"\"") : buffer.append("");
        buffer.append(",");
        id.getAttribute("homeZIP") != null ? buffer.append("\""+id.getAttribute("homeZIP")+"\"") : buffer.append("");
        buffer.append(",");
        id.getAttribute("unionCode") != null ? buffer.append("\""+id.getAttribute("unionCode")+"\"") : buffer.append("");
       // link.getAttribute("extensionAttribute2") != null ? buffer.append("\""+link.getAttribute("extensionAttribute2")+"\"") : buffer.append("");
        buffer.append(",");
        id.getAttribute("jobFunction") != null ? buffer.append("\""+id.getAttribute("jobFunction")+"\"") : buffer.append("");
       // link.getAttribute("extensionAttribute7") != null ? buffer.append("\""+link.getAttribute("extensionAttribute7")+"\"") : buffer.append("");
        buffer.append(",");
         id.getAttribute("division") != null ? buffer.append("\""+id.getAttribute("division")+"\"") : buffer.append("");
        //link.getAttribute("extensionAttribute8") != null ? buffer.append("\""+link.getAttribute("extensionAttribute8")+"\"") : buffer.append("");
        buffer.append(",");
        id.getAttribute("company") != null ? buffer.append("\""+id.getAttribute("company")+"\"") : buffer.append("");
        buffer.append(",");
        // id.getAttribute("email") != null ? buffer.append("\""+id.getAttribute("email")+"\"") : buffer.append("");
        link.getAttribute("mail") != null ? buffer.append("\""+link.getAttribute("mail")+"\"") : buffer.append("");
        buffer.append(",");

        //other values
        buffer.append("");//for suffix
        buffer.append(",");
        //link.getAttribute("c") != null ? buffer.append(link.getAttribute("c")) : buffer.append("");//for country
        // buffer.append(",");

        String empType=id.getAttribute("employeeType");


        if(empType!=null &amp;&amp; empType.equalsIgnoreCase("Employee"))
        {
          Custom psApplicationObject = context.getObjectByName(Custom.class,"EH_Application_Names");
          String psApplicationName = psApplicationObject.get("peoplesoft");
          Application peopleSoftApp = context.getObjectByName(Application.class,psApplicationName);
          Link link = id.getLink(peopleSoftApp);

          if(link!=null)
          {

            link.getAttribute("Home_Country") != null ? buffer.append("\""+link.getAttribute("Home_Country")+"\"") : buffer.append("");//for business phone ext
            buffer.append(",");
            link.getAttribute("Business_Phone_Ext") != null ? buffer.append("\""+link.getAttribute("Business_Phone_Ext")+"\"") : buffer.append("");//for business phone ext
            buffer.append(",");
            link.getAttribute("Home_email") != null ? buffer.append("\""+link.getAttribute("Home_email")+"\"") : buffer.append("");//for alternate email
            buffer.append(",");
            link.getAttribute("Other_email") != null ? buffer.append("\""+link.getAttribute("Other_email")+"\"") : buffer.append("");//for email address 3
            buffer.append(",");
            link.getAttribute("SMS_Device_1") != null ? buffer.append("\""+link.getAttribute("SMS_Device_1")+"\"") : buffer.append("");// for sms device 1
            buffer.append(",");
            link.getAttribute("SMS_Device_2") != null ? buffer.append("\""+link.getAttribute("SMS_Device_2")+"\"") : buffer.append("");// for sms device 2
            buffer.append(",");
            link.getAttribute("DEPT_ROLLUP") != null ? buffer.append("\""+link.getAttribute("DEPT_ROLLUP")+"\"") : buffer.append("");// for role
            buffer.append(",");
          }
        }
        else
        {
          buffer.append("");//for country
          buffer.append(",");
          buffer.append("");//for business phone ext
          buffer.append(",");
          buffer.append("");//for alternate email
          buffer.append(",");
          buffer.append("");//for email address 3
          buffer.append(",");
          buffer.append("");// for sms device 1
          buffer.append(",");
          buffer.append("");// for sms device 2
          buffer.append(",");
          buffer.append("");// for role
          buffer.append(",");
        }

        buffer.append("\""+"English"+"\"");// for primary language
        buffer.append(",");
        if(empType!=null &amp;&amp; empType.equalsIgnoreCase("Employee"))
        {
          Custom psApplicationObject = context.getObjectByName(Custom.class,"EH_Application_Names");
          String psApplicationName = psApplicationObject.get("peoplesoft");
          Application peopleSoftApp = context.getObjectByName(Application.class,psApplicationName);
          Link link = id.getLink(peopleSoftApp);
          if(link!=null)
          {

            link.getAttribute("Home_phone") != null ? buffer.append("\""+link.getAttribute("Home_phone")+"\"") : buffer.append("");//for phone home
            buffer.append(",");
            link.getAttribute("Home_country_code") != null ? buffer.append("\""+link.getAttribute("Home_country_code")+"\"") : buffer.append("");// for home phone country calling code
            buffer.append(",");
            link.getAttribute("other_phone1") != null ? buffer.append("\""+link.getAttribute("other_phone1")+"\"") : buffer.append("");//for alternate home phone
            buffer.append(",");
            link.getAttribute("Mobile_Phone_2") != null ? buffer.append("\""+link.getAttribute("Mobile_Phone_2")+"\"") : buffer.append("");//for cell phone
            buffer.append(",");
            link.getAttribute("Mobile_Phone") != null ? buffer.append("\""+link.getAttribute("Mobile_Phone")+"\"") : buffer.append("");//for alternate cell phone
            buffer.append(",");
            link.getAttribute("cell_phone1") != null ? buffer.append("\""+link.getAttribute("cell_phone1")+"\"") : buffer.append("");//for cell phone 3
            buffer.append(",");
            buffer.append("");// for line of business
            buffer.append(",");
            link.getAttribute("Home_Address") != null ? buffer.append("\""+link.getAttribute("Home_Address")+"\"") : buffer.append("");//for home_address
            buffer.append(",");
            link.getAttribute("Home_City") != null ? buffer.append("\""+link.getAttribute("Home_City")+"\"") : buffer.append("");//for home_city
            buffer.append(",");
            link.getAttribute("Home_State") != null ? buffer.append("\""+link.getAttribute("Home_State")+"\"") : buffer.append("");//for home_state
          }
        }
        else
        {
          buffer.append("");//for phone home
          buffer.append(",");
          buffer.append("");// for home phone country calling code
          buffer.append(",");
          buffer.append("");//for alternate home phone
          buffer.append(",");
          buffer.append("");//for cell phone
          buffer.append(",");
          buffer.append("");//for alternate cell phone
          buffer.append(",");
          buffer.append("");//for cell phone 3
          buffer.append(",");
          buffer.append("");// for line of business
          buffer.append(",");
          buffer.append("");//for home_address
          buffer.append(",");
          buffer.append("");//for home_city
          buffer.append(",");
          buffer.append("");//for home_state
        }

				buffer.append("\r\n");
        bw.write(buffer.toString());
        //bw.newLine();
      }
      else
      {
        System.out.println("AD link disabled but identity active for identity having employeeID"+link.getAttribute("employeeID"));
      }

    }
  }


  private void hostFileTransfer(File file,String fileLoc,String fname)
  {
    String thisHost = InetAddress.getLocalHost().getHostName();
    System.out.println("SungaurdAssurance CM execution started on "+thisHost);


    Custom customGen=context.getObjectByName(Custom.class,"EH_Custom_GenericAttributes");
    Map cusGen=customGen.get("EHPMOfiletransfer");
    // String fileLoc=cusGen.get("fileLoc");
    String destHost=cusGen.get("destHost");
    String userName=cusGen.get("username");
    String password=cusGen.get("password");

    try{
      if(file != null &amp;&amp; file.exists() &amp;&amp; thisHost != null &amp;&amp; thisHost.trim().length() &gt; 0 &amp;&amp; thisHost.indexOf(destHost) == -1)

      {
        transferFile(fname,fileLoc,destHost,userName,password);
      }
    }catch(Exception e)
    {
      throw new Exception("File is not copied");
    }

  }


  FileWriter fw = null;
  BufferedWriter bw = null;
  String fname,path;
  File file;
  try
  {
    int limit = 100;

    int totalCount=userCount();

    System.out.println("Total identity count"+totalCount);
    SimpleDateFormat dateFormat = new SimpleDateFormat("yyyyMMdd") ;
    SimpleDateFormat dateFormat1 = new SimpleDateFormat("yyyy-MM-dd_HH-mm-ss") ;
    Date currdate= new Date();

    Custom customobj=context.getObjectByName(Custom.class,"EH_Report_Feed_Path");
    path=customobj.get("metricStreamOutboundFeed");


    fname="AssetPeople_"+dateFormat.format(currdate)+dateFormat1.format(currdate)+"_8000"+".csv";
    //String filepath="/apphome/sailpoint/EH_Verify"+dateFormat.format(currdate)+".csv";
    String filepath=path+"/"+fname;

    file = new File(filepath);

    if(file.exists()){

      file.delete();
    }

    fw = new FileWriter(file,true);
    bw = new BufferedWriter(fw);

    writeHeader(bw);

    if(totalCount &gt; 0)
    {
      for(int i=0;i&lt;totalCount;i+=limit)
      {
        List identityList=getUsers(i,limit);
        if(identityList != null &amp;&amp; !identityList.isEmpty())
        {
          writeData(bw,identityList);
        }
        identityList =  null;
        bw.flush();
      }
    }
    List medicareList= fetchMedicareData("contractor");
    writeMedicareData(bw,medicareList);

  }

  catch(Exception e)
  {
    //return e;
    e.printStackTrace();
    System.out.println("Exception occured");
  }

  finally
  {
    if(bw != null)
      bw.close();
    if(fw != null)
      fw.close();

    //hostFileTransfer(file,path,fname);

    return "Success";
  }
  </Source>
</Rule>