<?xml version='1.0' encoding='UTF-8'?>
<!DOCTYPE Rule PUBLIC "sailpoint.dtd" "sailpoint.dtd">
<Rule language="beanshell" name="EH_Rule_FeedFile_PeopleSoftSecondary">
  <ReferencedRules>
    <Reference class="sailpoint.object.Rule" name="EH_Rule_Library_2"/>
  </ReferencedRules>
  <Signature returnType="String">
    <Inputs>
      <Argument name="log"/>
      <Argument name="context"/>
      <Argument name="config"/>
    </Inputs>
  </Signature>
  <Source>

  import java.util.HashMap;
  import java.util.Map;
  import java.text.SimpleDateFormat;
  import java.util.Calendar;
  import java.util.Date;
  import sailpoint.api.SailPointContext;
  import sailpoint.object.Identity;
  import sailpoint.object.Link;
  import sailpoint.object.QueryOptions;
  import sailpoint.object.Filter;
  import sailpoint.object.ResourceObject;
  import sailpoint.object.*;
  import sailpoint.object.Capability;
  import sailpoint.object.Application;
  import java.util.*;
  import java.util.Map;
  import java.io.File;
  import java.io.FileInputStream;
  import java.io.PrintWriter;
  import sailpoint.object.*;
  import java.util.*;
  import java.text.DateFormat;
  import ch.ethz.ssh2.*;
  import java.io.*;
  import java.net.*;

  private List getUsers(int firstRow,int limit)  throws Exception
  {

    QueryOptions ops =  new QueryOptions();

    //Filter employeeFilter=Filter.ignoreCase(Filter.eq("employeeType","employee"));   
    //Filter inactiveFilter=Filter.eq("inactive",false);
    Filter employeeFilter=Filter.ignoreCase(Filter.eq("identity.employeeType","employee"));   
    Filter applicationFilter=Filter.ignoreCase(Filter.eq("application.name","AD"));  
    Filter accountTypeFilter=Filter.ignoreCase(Filter.eq("EHaccountType","primary")); 
    //Filter accountStatusFilter=Filter.ignoreCase(Filter.eq("disabled","true")); 
    Filter inactiveFilter=Filter.eq("identity.inactive",false);

    ops.addFilter(employeeFilter);
    ops.addFilter(inactiveFilter);
    ops.addFilter(accountTypeFilter);
    ops.addFilter(applicationFilter);
    ops.setFirstRow(firstRow);
    ops.setResultLimit(limit);

    List userListByPage= new ArrayList();
    userListByPage= context.getObjects(Link.class, ops);
    //System.out.println("Printing Identity list-----------------------------"+userListByPage);

    return userListByPage;
  }

  private int userCount()  throws Exception
  {
    System.out.println("inside usercount");

    QueryOptions ops =  new QueryOptions();
    //Filter employeeFilter=Filter.ignoreCase(Filter.eq("employeeType","employee"));   
    //Filter inactiveFilter=Filter.eq("inactive",false);
    Filter employeeFilter=Filter.ignoreCase(Filter.eq("identity.employeeType","employee"));   
    Filter applicationFilter=Filter.ignoreCase(Filter.eq("application.name","AD"));  
    Filter accountTypeFilter=Filter.ignoreCase(Filter.eq("EHaccountType","primary")); 
    //Filter accountStatusFilter=Filter.ignoreCase(Filter.eq("disabled","true")); 
    Filter inactiveFilter=Filter.eq("identity.inactive",false);

    ops.addFilter(employeeFilter);
    ops.addFilter(inactiveFilter);
    ops.addFilter(accountTypeFilter);
    ops.addFilter(applicationFilter);


    int totalCount=context.countObjects(Link.class,ops);
    System.out.println("Total count is"+totalCount) ;
    return totalCount;
  }

  private void writeHeader(BufferedWriter bw) throws Exception
  {
    StringBuffer buffer = new StringBuffer();
    Custom customHeader = context.getObjectByName(Custom.class,"EH_Feed_Header");
    List columnNames=customHeader.get("peopleSoftInternalHeader");

    if(columnNames!=null &amp;&amp; columnNames.size()&gt;0)
    {
      for(int i=0;i&lt;columnNames.size();i++)
      {
        //buffer.append("\"");
        buffer.append("\""+columnNames.get(i)+"\"");
        // buffer.append("\"");
        buffer.append(";");
      }

      buffer.setLength(buffer.length() - 1);
      buffer.append('\n');
      bw.write(buffer.toString());
      // bw.newLine();

    }


  }

  private void writeData(BufferedWriter bw,List userList) throws Exception
  {
    //System.out.println("User List in writeData():"+userList);

    for(int i=0;i&lt;userList.size();i++)
    {
      Link link=userList.get(i);

      if(!link.isDisabled())
      {
        // Identity id = userList.get(i);
        Identity id = link.getIdentity();


        StringBuffer buffer = new StringBuffer();
        
        String managerName="";
        String managerID="";
        if(id.getName().equals("035114")){
        managerID="\""+"0"+"\"";
        managerName="\""+"N/A"+"\"";
        }
        else{
        Identity idManager=id.getManager();
        if(idManager!=null)
        {
          managerID="\""+idManager.getName()+"\"";
          if(idManager.getDisplayName()!=null)
          {
            managerName="\""+idManager.getDisplayName()+"\"";
          }
        }
        }

        buffer.append("\""+id.getName()+"\"");
        buffer.append(";");
        //buffer.append("\""+id.getName()+"\"");
        buffer.append("");
        buffer.append(";");
        // id.getFirstname()!= null ? buffer.append("\""+id.getFirstname()+"\"") : buffer.append("");
        //buffer.append(",");
        // id.getLastname()!= null ? buffer.append("\""+id.getLastname()+"\"") : buffer.append("");
        if(link.getAttribute("givenName")!=null)
        {
          buffer.append("\""+link.getAttribute("givenName")+"\"");
        }
        else
        {
          id.getFirstname()!= null ? buffer.append("\""+id.getFirstname()+"\"") : buffer.append("");
        }
        buffer.append(";");
        /* if(link.getAttribute("sn")!=null)
        {
          buffer.append("\""+link.getAttribute("sn")+"\"");
        }
        else*/

        id.getLastname()!= null ? buffer.append("\""+id.getLastname()+"\"") : buffer.append("");

        buffer.append(";");
        id.getAttribute("middleName") != null ? buffer.append("\""+id.getAttribute("middleName")+"\"") : buffer.append("");
        buffer.append(";");
        id.getAttribute("businessAddress") != null ? buffer.append("\""+id.getAttribute("businessAddress")+"\"") : buffer.append("");
        buffer.append(";");
        /*
      id.getAttribute("businessCity") != null ? buffer.append("\""+id.getAttribute("businessCity")+"\"") : buffer.append("");
      buffer.append(",");
      id.getAttribute("businessState") != null ? buffer.append("\""+id.getAttribute("businessState")+"\"") : buffer.append("");
      buffer.append(",");
      id.getAttribute("businessZIP") != null ? buffer.append("\""+id.getAttribute("businessZIP")+"\"") : buffer.append("");
      buffer.append(",");
      id.getAttribute("jobtitle") != null ? buffer.append("\""+id.getAttribute("jobtitle")+"\"") : buffer.append("");
      buffer.append(",");
      */
        if(link.getAttribute("l")!=null)
        {
          buffer.append("\""+link.getAttribute("l")+"\"");
        }
        else
        {
          id.getAttribute("businessCity") != null ? buffer.append("\""+id.getAttribute("businessCity")+"\"") : buffer.append("");
        }
        buffer.append(";");
        if(link.getAttribute("st")!=null)
        {
          buffer.append("\""+link.getAttribute("st")+"\"");
        }
        else
        {
          id.getAttribute("businessState") != null ? buffer.append("\""+id.getAttribute("businessState")+"\"") : buffer.append("");
        }
        buffer.append(";");
        if(link.getAttribute("postalCode")!=null)
        {
          buffer.append("\""+link.getAttribute("postalCode")+"\"");
        }
        else
        {
          id.getAttribute("businessZIP") != null ? buffer.append("\""+id.getAttribute("businessZIP")+"\"") : buffer.append("");
        }
        buffer.append(";");
        if(link.getAttribute("title")!=null)
        {
          buffer.append("\""+link.getAttribute("title")+"\"");
        }
        else
        {
          id.getAttribute("jobtitle") != null ? buffer.append("\""+id.getAttribute("jobtitle")+"\"") : buffer.append("");
        }
        buffer.append(";");
        id.getAttribute("userStatus") != null ? buffer.append("\""+id.getAttribute("userStatus")+"\"") : buffer.append("");
        buffer.append(";");
        // id.getAttribute("fullPartTime") != null ? buffer.append("\""+id.getAttribute("fullPartTime")+"\"") : buffer.append("");
       buffer.append("");
        buffer.append(";");
        id.getAttribute("userType") != null ? buffer.append("\""+id.getAttribute("userType")+"\"") : buffer.append("");
        buffer.append(";");
        id.getAttribute("startdate") != null ? buffer.append("\""+id.getAttribute("startdate")+"\"") : buffer.append("");
        buffer.append(";");
        id.getAttribute("enddate") != null ? buffer.append("\""+id.getAttribute("enddate")+"\"") : buffer.append("");
        buffer.append(";");
        id.getAttribute("businessUnit") != null ? buffer.append("\""+id.getAttribute("businessUnit")+"\"") : buffer.append("");
        buffer.append(";");
        id.getAttribute("departmentID") != null ? buffer.append("\""+id.getAttribute("departmentID")+"\"") : buffer.append("");
        buffer.append(";");
        id.getAttribute("department") != null ? buffer.append("\""+id.getAttribute("department")+"\"") : buffer.append("");
        buffer.append(";");
        id.getAttribute("location") != null ? buffer.append("\""+id.getAttribute("location")+"\"") : buffer.append("");
        buffer.append(";");
        id.getAttribute("floor") != null ? buffer.append("\""+id.getAttribute("floor")+"\"") : buffer.append("");
        buffer.append(";");
        link.getAttribute("telephoneNumber")!=null ? buffer.append("\""+link.getAttribute("telephoneNumber")+"\"") : buffer.append("");
        // id.getAttribute("phone") != null ? buffer.append("\""+id.getAttribute("phone")+"\"") : buffer.append("");
        buffer.append(";");
        buffer.append(managerID);
        buffer.append(";");
        buffer.append(managerName);
        buffer.append(";");
        id.getAttribute("empPrefName") != null ? buffer.append("\""+id.getAttribute("empPrefName")+"\"") : buffer.append("");
        buffer.append(";");

        //id.getAttribute("fax") != null ? buffer.append("\""+id.getAttribute("fax")+"\"") : buffer.append("");
        /* if(link.getAttribute("facsimileTelephoneNumber")!=null)
        {
          buffer.append("\""+link.getAttribute("facsimileTelephoneNumber")+"\"");
        }
        else
        {
          id.getAttribute("fax") != null ? buffer.append("\""+id.getAttribute("fax")+"\"") : buffer.append("");
        }*/
        link.getAttribute("facsimileTelephoneNumber")!=null ? buffer.append("\""+link.getAttribute("facsimileTelephoneNumber").get(0)+"\"") : buffer.append("");
        buffer.append(";");
        //id.getAttribute("division") != null ? buffer.append("\""+id.getAttribute("division")+"\"") : buffer.append("");
        buffer.append("");
        buffer.append(";");
        //id.getAttribute("unionCode") != null ? buffer.append("\""+id.getAttribute("unionCode")+"\"") : buffer.append("");
        buffer.append("");
        buffer.append(";");
        //id.getAttribute("jobFunction") != null ? buffer.append("\""+id.getAttribute("jobFunction")+"\"") : buffer.append("");
        buffer.append("");
        buffer.append(";");
        // id.getAttribute("unionCode") != null ? buffer.append("\""+id.getAttribute("unionCode")+"\"") : buffer.append("");
        buffer.append("");
        buffer.append(";");
        id.getAttribute("jobFunction") != null ? buffer.append("\""+id.getAttribute("jobFunction")+"\"") : buffer.append("");
        buffer.append(";");
        //id.getAttribute("businessUnit") != null ? buffer.append("\""+id.getAttribute("businessUnit")+"\"") : buffer.append("");
        buffer.append("");
        //buffer.append(managerName);
        bw.write(buffer.toString());
        bw.newLine();

      }
    }
  }


  private void hostFileTransfer(File file,String fileLoc,String fname)
  {
    String thisHost = InetAddress.getLocalHost().getHostName();
    System.out.println("PeopleSoft Secondary execution started on "+thisHost );


    Custom customGen=context.getObjectByName(Custom.class,"EH_Custom_GenericAttributes");
    Map cusGen=customGen.get("EHPMOfiletransfer");
    //String fileLoc=cusGen.get("fileLoc");
    String destHost=cusGen.get("destHost");
    String userName=cusGen.get("username");
    String password=cusGen.get("password");

    try{
      if(file != null &amp;&amp; file.exists() &amp;&amp; thisHost != null &amp;&amp; thisHost.trim().length() &gt; 0 &amp;&amp; thisHost.indexOf(destHost) == -1)

      {
        transferFile(fname,fileLoc,destHost,userName,password);
      }
    }catch(Exception e)
    {
      throw new Exception("File is not copied");
    }

  }

  FileWriter fw = null;
  BufferedWriter bw = null;
  String fname,path;
  File file;

  try
  {
    int limit = 10;

    int totalCount=userCount();

    System.out.println("Total identity count"+totalCount);
    SimpleDateFormat dateFormat = new SimpleDateFormat("yyyy-MM-dd_HH-mm-ss") ;
    Date currdate= new Date();

    Custom customobj=context.getObjectByName(Custom.class,"EH_Report_Feed_Path");
    path=customobj.get("peopleSoftInternalOutboundFeed");

    //String filepath="/apphome/sailpoint/EH_Verify"+dateFormat.format(currdate)+".csv";
    fname="Export_PeopleSoftSecondary"+dateFormat.format(currdate)+".txt";
    //String filepath=path+"/EH_PEOPLESOFT_INTERNAL_Outbound_Feed_"+dateFormat.format(currdate)+".csv";
    String filepath=path+"/"+fname;

    file = new File(filepath);

    if(file.exists()){

      file.delete();
    }

    fw = new FileWriter(file,true);
    bw = new BufferedWriter(fw);

    writeHeader(bw);

    if(totalCount &gt; 0)
    {
      for(int i=0;i&lt;totalCount;i+=limit)
      {
        List identityList=getUsers(i,limit);
        if(identityList != null &amp;&amp; !identityList.isEmpty())
        {
          writeData(bw,identityList);
        }
        identityList =  null;
        bw.flush();
      }
    }


  }

  catch(Exception e)
  {
    //return e;
    e.printStackTrace();
    System.out.println("Exception occured");
  }

  finally
  {
    if(bw != null)
      bw.close();
    if(fw != null)
      fw.close();
    //hostFileTransfer(file,path,fname);

    return "Success";
  }
  </Source>
</Rule>