<?xml version='1.0' encoding='UTF-8'?>
<!DOCTYPE Rule PUBLIC "sailpoint.dtd" "sailpoint.dtd">
<Rule language="beanshell" name="EH_Rehire_IdentityTrigger_Rule" type="IdentityTrigger">
  <Description>This rule can be used for Certification Events that use rule triggers. The previousIdentity and newIdentity hold snapshots of the identity before the update has occurred and the state of the identity after the update, respectively.</Description>
  <ReferencedRules>
    <Reference class="sailpoint.object.Rule" name="EH_Rule_Library"/>
  </ReferencedRules>
  <Signature returnType="boolean">
    <Inputs>
      <Argument name="log">
        <Description>
          The log object associated with the SailPointContext.
        </Description>
      </Argument>
      <Argument name="context">
        <Description>
          A sailpoint.api.SailPointContext object that can be used to query the database if necessary.
        </Description>
      </Argument>
      <Argument name="previousIdentity">
        <Description>
          The identity before the refresh/aggregation (this will be null when an
          identity is created).
        </Description>
      </Argument>
      <Argument name="newIdentity">
        <Description>
          The identity after the refresh/aggregation (this will be null when an
          identity is deleted).
        </Description>
      </Argument>
    </Inputs>
    <Returns>
      <Argument name="result">
        <Description>
          A boolean describing the result of the rule.
        </Description>
      </Argument>
    </Returns>
  </Signature>
  <Source>
  	import java.lang.NumberFormatException;
  	import java.lang.NullPointerException;
  
  	String logName = "Identity Trigger - Rehire: ";
  
  	public void sendEmail(EmailTemplate template, Identity identity, String newIdentityEmpType) {
    
      //System.out.println(logName+"Send Email to Admin, if checkRecordStatus returns false");
      Map newVariables = new HashMap();
      if(null != identity.getDisplayName())
        newVariables.put("name", identity.getDisplayName());
      if(null != identity.getEmail())
        newVariables.put("email", identity.getEmail());
      if("Employee".equalsIgnoreCase(newIdentityEmpType)) {
        if(null != identity.getStringAttribute("employeeID"))
          newVariables.put("employeeID", identity.getStringAttribute("employeeID"));
      } else {
        if(null != identity.getStringAttribute("vendorID"))
          newVariables.put("employeeID", identity.getStringAttribute("vendorID"));
      }
      if(null != identity.getStringAttribute("networkID"))
        newVariables.put("networkID", identity.getStringAttribute("networkID"));

      EmailOptions options = new EmailOptions();
      options.addVariables(newVariables);

      notifyOnRehireFailure(template,options,newIdentityEmpType);
      //System.out.println(logName+"Send Failed notification Email to Admin: ");
    
  	}
  
  	System.out.println(logName+"Start Rehire Trigger rule: ");
		
		boolean triggerRehire = false;

		if(null == previousIdentity) {
			System.out.println(logName+"Skipped: Previous Identity Object is null");
			return triggerRehire;
		}

		if(null == newIdentity) {
			System.out.println(logName+"Skipped: New Identity Object is null");
			return triggerRehire;
		}

		if(null == previousIdentity.getStringAttribute("employeeStatus")) {
			System.out.println(logName+"Skipped: Previous Identity Employee Status is null");
			return triggerRehire;
		}

		if(null == newIdentity.getStringAttribute("employeeStatus")) {
			System.out.println(logName+"Skipped: New Identity Employee Status is null");
			return triggerRehire;
		}

  	if(null == newIdentity.getStringAttribute("employeeType")) {
			System.out.println(logName+"Skipped: New Identity Employee Type is null");
			return triggerRehire;
		}
  
  
  	String prevIdentityEmpStatus = previousIdentity.getStringAttribute("employeeStatus");
  	String newIdentityEmpStatus = newIdentity.getStringAttribute("employeeStatus");
  	String newIdentityEmpType = newIdentity.getStringAttribute("employeeType");
  
  	System.out.println(logName+"prevIdentityEmpStatus: "+prevIdentityEmpStatus);
  	System.out.println(logName+"newIdentityEmpStatus: "+newIdentityEmpStatus);
  	System.out.println(logName+"newIdentityEmpType: "+newIdentityEmpType);
    System.out.println(logName+"newIdentity Inactive status: "+newIdentity.isInactive());
  	System.out.println(logName+"previousIdentity Inactive status: "+previousIdentity.isInactive());
  
  	//Skip for Employee type : Vendor
  	if("Vendor".equalsIgnoreCase(newIdentityEmpType)) {
       System.out.println(logName+"Skipped: Vendor rehire is through forms");
       return triggerRehire;
		}

		//Skip for Employee Type : Cognizant Associate if the user is Temporary
		if("Cognizant Associate".equalsIgnoreCase(newIdentityEmpType)) {
      if(null != newIdentity.getStringAttribute("ctsTempPerm") &amp;&amp;  "T".equalsIgnoreCase(newIdentity.getStringAttribute("ctsTempPerm"))) {
        System.out.println(logName+"Skipped: Cognizant Associate if the user is Temporary");
        return triggerRehire;
      }
		}  	  	
  	

		//Trigger Rehire if Previous employee status is T and current status is A  	
		if(newIdentity.isInactive() &amp;&amp; "Terminated".equalsIgnoreCase(prevIdentityEmpStatus)) {
			if("Active".equalsIgnoreCase(newIdentityEmpStatus)) {
        
        /* if("Vendor".equalsIgnoreCase(newIdentityEmpType) &amp;&amp; null != newIdentity.getStringAttribute("company") &amp;&amp;
		        "ACP".equalsIgnoreCase(newIdentity.getStringAttribute("company"))) {
		        triggerRehire = true;	
		        return triggerRehire;	
		    } */
        
        //Skip if user is already HotTerm
        boolean hotTerm = false;
        if(null != previousIdentity.getStringAttribute("hotTerm")) {
          String hotTermValue = previousIdentity.getStringAttribute("hotTerm");
          if(hotTermValue.trim().length() &gt; 0)
            hotTerm = true;
        }

        if(hotTerm) {
          // Sending Email notification to admin, that identity is not eligible for rehire
          EmailTemplate template = context.getObjectByName(EmailTemplate.class,"EH_Email_Rehire_HotTerm_Check_Notification");
          if(null != template) {
            sendEmail(template,newIdentity,newIdentityEmpType);
          }
          return triggerRehire;
        } else
          triggerRehire = true;
				
        /*boolean checkADAccount = checkADPrimaryAccountExistence(newIdentity);
        
        if(checkADAccount) {
            boolean flag = false;

            try {

              String adUserType = getADUserType(newIdentity);
              System.out.println(logName+"adUserType: "+adUserType);

              if(null != adUserType &amp;&amp; adUserType.trim().length() &gt;0 &amp;&amp; "MEDICARE_EMPLOYEES".equalsIgnoreCase(adUserType))
                flag = true;
              else           
                flag = checkRecordStatus(previousIdentity);
                 //flag= true;

            } catch(NumberFormatException nfe) {          
              System.out.println(logName+" Exception in checkRecordStatus method: "+nfe);          
            } catch(NullPointerException npe) {          
              System.out.println(logName+" Exception in checkRecordStatus method: "+npe);          
            } catch(GeneralException ge) {          
              System.out.println(logName+" Exception in checkRecordStatus method: "+ge);          
            }

            //System.out.println(logName+"flag: "+flag);

            if(flag)
              triggerRehire = true;	
            else
            {
              // Sending Email notification to admin, that identity is not eligible for rehire
              EmailTemplate template = context.getObjectByName(EmailTemplate.class,"EH_Email_Rehire_Check_Notification");
              if(null != template) {

                sendEmail(template,newIdentity,newIdentityEmpType);

              }
            }
        } else
          triggerRehire = true;	 */

			}
		}

			System.out.println(logName+"Rehire Trigger Status: "+triggerRehire);  

		 return triggerRehire;</Source>
</Rule>