<?xml version='1.0' encoding='UTF-8'?>
<!DOCTYPE Rule PUBLIC "sailpoint.dtd" "sailpoint.dtd">
<Rule language="beanshell" name="EH_RACF_PreiterateRule" type="PreIterate">
  <Description>This rule is called before the connector processes the data in a file.</Description>
  <ReferencedRules>
    <Reference class="sailpoint.object.Rule" name="EH_Rule_Library"/>
  </ReferencedRules>
  <Signature returnType="void">
    <Inputs>
      <Argument name="log">
        <Description>
          The log object associated with the SailPointContext.
        </Description>
      </Argument>
      <Argument name="context">
        <Description>
          A sailpoint.api.SailPointContext object that can be used to query the database if necessary.
        </Description>
      </Argument>
      <Argument name="application">
        <Description>
          Application being iterated.
        </Description>
      </Argument>
      <Argument name="schema">
        <Description>
          Schema representing the data being iterated.
        </Description>
      </Argument>
      <Argument name="stats">
        <Description>
          A map passed by the connector of the stats for the file about to be iterated.
          Contains keys:
            fileName : (String) filename of the file about to be processed
            absolutePath : (String) absolute filename
            length : (Long) length in bytes
            lastModified : (Long) last time the file was updated Java GMT
        </Description>
      </Argument>
    </Inputs>
  </Signature>
  <Source>import java.io.BufferedInputStream;
  import java.io.BufferedReader;
  import java.io.*;
  import java.io.FileInputStream;
  import java.io.InputStream;
  import java.io.InputStreamReader;
  import java.util.ArrayList;
  import java.util.*;
  import java.util.HashMap;
  import java.util.Iterator;
  import java.util.List;
  import java.util.*;
  import java.util.concurrent.TimeUnit;
  import java.util.stream.Stream;
  import java.text.*;

  import sailpoint.api.*;
  import sailpoint.api.TaskManager;
  import sailpoint.connector.DelimitedFileConnector;
  import sailpoint.object.Application;
  import sailpoint.object.Attributes;
  import sailpoint.object.EmailOptions;
  import sailpoint.object.EmailTemplate;
  import sailpoint.object.*;
  import sailpoint.object.Identity;
  import sailpoint.object.QueryOptions;
  import sailpoint.object.TaskResult;
  import sailpoint.object.TaskSchedule;
  import sailpoint.task.*;
  import sailpoint.tools.*; 

  String filePath = (String) application.getAttributeValue("file");

  File file = new File(filePath);
  List mRecordList = new ArrayList();
  String cols=""; 
  if(file.exists())
  {
    FileInputStream fs= new FileInputStream(filePath);
    BufferedReader br = new BufferedReader(new InputStreamReader(fs));
    Stream lines = br.lines();
    Iterator  iterator =null;
    // if(lines!=null)
    // {
    iterator = lines.iterator();
    //  }
    cols = (String) iterator.next();
    List colsList = Util.csvToList(cols);

    int colsize = colsList.size();
    //System.out.println("colsize==="+colsize);

    if(colsize != 43)
    {
      TaskManager managerTask = new TaskManager(context);
      TaskResult result = context.getObject(TaskResult.class,"ImageNow Aggregation Task");
      managerTask.terminate(result);

    }
    while(iterator.hasNext())
    {
      String record = (String)iterator.next();
      List recordList = Util.csvToList(record);
      HashMap map = (HashMap) DelimitedFileConnector.defaultBuildMap(colsList, recordList);

      //System.out.println("USBD_NAME...."+map.get("USBD_NAME"));
      //System.out.println("USBD_NAME...."+map.get("\"USBD_NAME\""));

      if(map.get("USBD_PWD_INTERVAL") != null &amp;&amp; map.get("USBD_PWD_INTERVAL") != ""  &amp;&amp; map.get("USBD_SPECIAL") != null &amp;&amp; map.get("USBD_SPECIAL") != ""  &amp;&amp; map.get("USBD_NAME") != null &amp;&amp; map.get("USBD_NAME") != ""  &amp;&amp; map.get("USBD_REVOKE") != null &amp;&amp; map.get("USBD_REVOKE") != "" &amp;&amp; map.get("USBD_DEFGRP_ID") != null &amp;&amp; map.get("USBD_DEFGRP_ID") != "" &amp;&amp; map.get("USBD_INSTALL_DATA") != null &amp;&amp; map.get("USBD_INSTALL_DATA") != "")
      {
        if(map.get("USBD_REVOKE").equals("YES") || map.get("USBD_REVOKE").equals("NO"))
        {
          //System.out.println(" feed is OK!!!");


        }
        else
        {
          //System.out.println(" feed has Status error!!!");
          mRecordList.add(record);
        }
      }
      else
      {
        //System.out.println(" feed has other error!!!");
        mRecordList.add(record);
      }

    }

  }


  if(mRecordList != null &amp;&amp; !mRecordList.isEmpty() )
  {
    EmailTemplate templateName = context.getObject(EmailTemplate.class,"EH_Email_Records_Ignored_Notification") != null ? context.getObject(EmailTemplate.class,"EH_Email_Records_Ignored_Notification") : null;

    if(templateName != null)
    {
      String taskname=application.getName()+" Aggregation Task";
      notifyApplicationAdmin(templateName, application.getName(),taskname,cols, mRecordList,false);
    }

  }

  //System.out.println("====="+mRecordList);
  </Source>
</Rule>