<?xml version='1.0' encoding='UTF-8'?>
<!DOCTYPE Rule PUBLIC "sailpoint.dtd" "sailpoint.dtd">
<Rule language="beanshell" name="EH_Rule_FeedFile_ServiceDesk">
  <ReferencedRules>
    <Reference class="sailpoint.object.Rule" name="EH_Rule_Library_2"/>
  </ReferencedRules>
  <Signature returnType="String">
    <Inputs>
      <Argument name="log"/>
      <Argument name="context"/>
      <Argument name="config"/>
    </Inputs>
  </Signature>
  <Source>

  import java.util.HashMap;
  import java.util.Map;
  import java.text.SimpleDateFormat;
  import java.util.Calendar;
  import java.util.Date;
  import sailpoint.api.SailPointContext;
  import sailpoint.object.Identity;
  import sailpoint.object.Link;
  import sailpoint.object.QueryOptions;
  import sailpoint.object.Filter;
  import sailpoint.object.ResourceObject;
  import sailpoint.object.*;
  import sailpoint.object.Capability;
  import sailpoint.object.Application;
  import java.util.*;
  import java.util.Map;
  import java.io.File;
  import java.io.FileInputStream;
  import java.io.PrintWriter;
  import sailpoint.object.*;
  import java.util.*;
  import java.text.DateFormat;
  import ch.ethz.ssh2.*;
  import java.io.*;
  import java.net.*;

  private List getUsers(int firstRow,int limit)  throws Exception
  {

    QueryOptions ops =  new QueryOptions();

    //Filter employeeFilter=Filter.ignoreCase(Filter.eq("employeeType","employee"));   
    //Filter inactiveFilter=Filter.eq("inactive",false);
    Filter employeeFilter=Filter.ignoreCase(Filter.eq("identity.employeeType","employee"));   
    Filter applicationFilter=Filter.ignoreCase(Filter.eq("application.name","AD"));  
    Filter accountTypeFilter=Filter.ignoreCase(Filter.eq("EHaccountType","primary"));  
    //Filter accountStatusFilter=Filter.ignoreCase(Filter.eq("disabled","true")); 
    Filter inactiveFilter=Filter.eq("identity.inactive",false);


    ops.addFilter(employeeFilter);
    ops.addFilter(inactiveFilter);
    ops.addFilter(accountTypeFilter);
    ops.addFilter(applicationFilter);
    ops.setFirstRow(firstRow);
    ops.setResultLimit(limit);

    List userListByPage= new ArrayList();
    //  userListByPage= context.getObjects(Identity.class, ops);
    userListByPage= context.getObjects(Link.class, ops);
    //System.out.println("Printing Identity list-----------------------------"+userListByPage);

    return userListByPage;
  }

  private int userCount()  throws Exception
  {
    System.out.println("inside usercount");

    QueryOptions ops =  new QueryOptions();
    // Filter employeeFilter=Filter.ignoreCase(Filter.eq("employeeType","employee"));   
    //Filter inactiveFilter=Filter.eq("inactive",false);
    Filter employeeFilter=Filter.ignoreCase(Filter.eq("identity.employeeType","employee"));   
    Filter applicationFilter=Filter.ignoreCase(Filter.eq("application.name","AD"));  
    Filter accountTypeFilter=Filter.ignoreCase(Filter.eq("EHaccountType","primary"));  
    //Filter accountStatusFilter=Filter.ignoreCase(Filter.eq("disabled","true")); 
    Filter inactiveFilter=Filter.eq("identity.inactive",false);

    ops.addFilter(employeeFilter);
    ops.addFilter(inactiveFilter);
    ops.addFilter(accountTypeFilter);
    ops.addFilter(applicationFilter);


    int totalCount=context.countObjects(Link.class,ops);
    System.out.println("Total count is"+totalCount) ;
    return totalCount;
  }

  private void writeHeader(BufferedWriter bw) throws Exception
  {
    /*StringBuffer buffer = new StringBuffer();
    buffer.append("\""+"givenName"+"\"");
    buffer.append(",");
    buffer.append("\""+"sn"+"\"");
    buffer.append(",");
    buffer.append("\""+"employeeID"+"\"");
    buffer.append(",");
    buffer.append("\""+"sAMAccountName"+"\"");
    buffer.append(",");
    buffer.append("\""+"mail"+"\"");
    buffer.append(",");
    buffer.append("\""+"division"+"\"");
    buffer.append(",");
    buffer.append("\""+"physicalDeliveryOfficeName"+"\"");
    buffer.append(",");
    buffer.append("\""+"roomNumber"+"\"");
    buffer.append(",");
    buffer.append("\""+"telephoneNumber"+"\"");
    buffer.append(",");
    buffer.append("\""+"departmentNumber"+"\"");
    buffer.append(",");
    buffer.append("\""+"extensionAttribute11"+"\"");
    //buffer.append('\n');
    bw.write(buffer.toString());
    bw.newLine();*/

    StringBuffer buffer = new StringBuffer();
    Custom customHeader = context.getObjectByName(Custom.class,"EH_Feed_Header");
    List columnNames=customHeader.get("serviceDeskHeader");

    if(columnNames!=null &amp;&amp; columnNames.size()&gt;0)
    {
      for(int i=0;i&lt;columnNames.size();i++)
      {

        buffer.append("\""+columnNames.get(i)+"\"");

        buffer.append(",");
      }

      buffer.setLength(buffer.length() - 1);
      buffer.append('\n');
      bw.write(buffer.toString());
      //bw.newLine();

    }


  }

  private void writeData(BufferedWriter bw,List userList) throws Exception
  {
    //System.out.println("User List in writeData():"+userList);

    for(int i=0;i&lt;userList.size();i++)
    {

      Link link=userList.get(i);
      if(!link.isDisabled())
      { 
        // Identity id = userList.get(i);
        Identity id = link.getIdentity();
        StringBuffer buffer = new StringBuffer();

        //id.getFirstname()!= null ? buffer.append("\""+id.getFirstname()+"\"") : buffer.append("");
        // buffer.append(",");
        //id.getLastname()!= null ? buffer.append("\""+id.getLastname()+"\"") : buffer.append("");

        if(link.getAttribute("givenName")!=null)
        {
          buffer.append("\""+link.getAttribute("givenName")+"\"");
        }
        else
        {
          id.getFirstname()!= null ? buffer.append("\""+id.getFirstname()+"\"") : buffer.append("");
        }
        buffer.append(",");
        /*if(link.getAttribute("sn")!=null)
        {
          buffer.append("\""+link.getAttribute("sn")+"\"");
        }
        else
        {
          id.getLastname()!= null ? buffer.append("\""+id.getLastname()+"\"") : buffer.append("");
        }*/
        id.getLastname()!= null ? buffer.append("\""+id.getLastname()+"\"") : buffer.append("");
        buffer.append(",");
        buffer.append("\""+id.getName()+"\"");
        buffer.append(",");
        // id.getAttribute("networkID") != null ? buffer.append("\""+id.getAttribute("networkID")+"\"") : buffer.append("");
        link.getAttribute("sAMAccountName") != null ? buffer.append("\""+link.getAttribute("sAMAccountName")+"\"") : buffer.append("");
        buffer.append(",");
        id.getEmail() != null ? buffer.append("\""+id.getEmail()+"\"") : buffer.append("");
        buffer.append(",");
        id.getAttribute("businessUnit") != null ? buffer.append("\""+id.getAttribute("businessUnit")+"\"") : buffer.append("");
        buffer.append(",");
        id.getAttribute("location") != null ? buffer.append("\""+id.getAttribute("location")+"\"") : buffer.append("");
        buffer.append(",");
        id.getAttribute("floor") != null ? buffer.append("\""+id.getAttribute("floor")+"\"") : buffer.append("");
        buffer.append(",");
        link.getAttribute("telephoneNumber")!=null ? buffer.append("\""+link.getAttribute("telephoneNumber")+"\"") : buffer.append("");
        // id.getAttribute("phone") != null ? buffer.append("\""+id.getAttribute("phone")+"\"") : buffer.append("");
        buffer.append(",");
        id.getAttribute("departmentID") != null ? buffer.append("\""+id.getAttribute("departmentID")+"\"") : buffer.append("");
        buffer.append(",");
        // Identity idManager=id.getManager();
        String managerName="";
        /* if(idManager!=null)
        {
          if(idManager.getDisplayName()!=null)
          {
            managerName="\""+idManager.getDisplayName()+"\"";
          }
        }*/
        if(id.getName().equals("035114")){
          managerName="\""+"N/A"+"\"";
        }
        else{
          Identity idManager=id.getManager();
          if(idManager!=null)
          {
            if(idManager.getDisplayName()!=null)
            {
              managerName="\""+idManager.getDisplayName()+"\"";
            }
          }
        }
        buffer.append(managerName);
        bw.write(buffer.toString());
        bw.newLine();
      }
    }
  }

  private void hostFileTransfer(File file,String fileLoc,String fname)
  {
    String thisHost = InetAddress.getLocalHost().getHostName();
    System.out.println("ServiceDesk execution started on "+thisHost );

    Custom customGen=context.getObjectByName(Custom.class,"EH_Custom_GenericAttributes");
    Map cusGen=customGen.get("EHPMOfiletransfer");
    // String fileLoc=cusGen.get("fileLoc");
    String destHost=cusGen.get("destHost");
    String userName=cusGen.get("username");
    String password=cusGen.get("password");

    try{
      if(file != null &amp;&amp; file.exists() &amp;&amp; thisHost != null &amp;&amp; thisHost.trim().length() &gt; 0 &amp;&amp; thisHost.indexOf(destHost) == -1)

      {
        transferFile(fname,fileLoc,destHost,userName,password);
      }
    }catch(Exception e)
    {
      throw new Exception("File is not copied");
    }

  }

  FileWriter fw = null;
  BufferedWriter bw = null;
  String fname,path;
  File file;

  try
  {
    int limit = 10;

    int totalCount=userCount();

    System.out.println("Total identity count"+totalCount);
    SimpleDateFormat dateFormat = new SimpleDateFormat("yyyy-MM-dd_HH-mm-ss") ;
    Date currdate= new Date();

    Custom customobj=context.getObjectByName(Custom.class,"EH_Report_Feed_Path");
    path=customobj.get("serviceDeskOutboundFeed");

    //String filepath="/apphome/sailpoint/EH_Verify"+dateFormat.format(currdate)+".csv";
    fname="ExportServiceDesk-EMBLEM"+dateFormat.format(currdate)+".txt";
    // String filepath=path+"/EH_SERVICEDESK_Outbound_Feed_"+dateFormat.format(currdate)+".csv";
    String filepath=path+"/"+fname;

    file = new File(filepath);

    if(file.exists()){

      file.delete();
    }

    fw = new FileWriter(file,true);
    bw = new BufferedWriter(fw);

    writeHeader(bw);

    if(totalCount &gt; 0)
    {
      for(int i=0;i&lt;totalCount;i+=limit)
      {
        List identityList=getUsers(i,limit);
        if(identityList != null &amp;&amp; !identityList.isEmpty())
        {
          writeData(bw,identityList);
        }
        identityList =  null;
        bw.flush();
      }
    }


  }

  catch(Exception e)
  {
    //return e;
    e.printStackTrace();
    System.out.println("Exception occured");
  }

  finally
  {
    if(bw != null)
      bw.close();
    if(fw != null)
      fw.close();
    // hostFileTransfer(file,path,fname);

    return "Success";
  }
  </Source>
</Rule>