<?xml version='1.0' encoding='UTF-8'?>
<!DOCTYPE Rule PUBLIC "sailpoint.dtd" "sailpoint.dtd">
<Rule language="beanshell" name="EH_Rule_FeedFile_EverBridge">
  <ReferencedRules>
    <Reference class="sailpoint.object.Rule" name="EH_Rule_Library_2"/>
  </ReferencedRules>
  <Signature returnType="String">
    <Inputs>
      <Argument name="log"/>
      <Argument name="context"/>
      <Argument name="config"/>
    </Inputs>
  </Signature>
  <Source>
 
  import java.util.HashMap;
  import java.util.Map;
  import java.text.SimpleDateFormat;
  import java.util.Calendar;
  import java.util.Date;
  import sailpoint.api.SailPointContext;

  import sailpoint.object.Identity;
  import sailpoint.object.Link;
  import sailpoint.object.QueryOptions;
  import sailpoint.object.Filter;
  import sailpoint.object.ResourceObject;
  import sailpoint.object.*;
  import sailpoint.object.Capability;
  import sailpoint.object.Application;
  import java.util.*;
  import java.util.Map;
  import java.io.File;
  import java.io.FileInputStream;
  import java.io.PrintWriter;
  import sailpoint.object.*;
  import java.util.*;
  import java.text.DateFormat;
  import sailpoint.tools.CloseableIterator;
  import sailpoint.connector.ADLDAPConnector;
  import sailpoint.object.ResourceObject;
  import ch.ethz.ssh2.*;
  import java.io.*;
  import java.net.*;

  private List fetchMedicareData(String ou)
  {

    Application application = context.getObjectByName(Application.class, "AD");

    //create a copy of the application as to not modify the in memory copy
    Application applicationCopy = application.deepCopy(context);
    List existingSearchDNs = new ArrayList();
    int count=0;
    Custom appcus=context.getObjectByName(Custom.class,"EH_Custom_AD_Objects");
    Map DNs=appcus.get("CCIMEDIInfo");
    String activeSearchfilter=DNs.get("activeSearchFilter");
    String inactiveSearchFilter=DNs.get("inactiveSearchFilter");
    String medDN=(String) DNs.get("MEDICAREDN");
    String disabledDN=(String)DNs.get("MEDICAREDISABLEDDN");
    Map newSearchDN = new HashMap();  

    if(ou.equalsIgnoreCase("contractor"))
    {
      newSearchDN.put("searchDN", medDN);
      newSearchDN.put("iterateSearchFilter", activeSearchfilter);  // search DN will be passed as OU=*,DC=*,DC=*.  Will not work for DC=*,DC=*
    }  
    else if(ou.equalsIgnoreCase("disabled"))
    {
      newSearchDN.put("searchDN", disabledDN);
      newSearchDN.put("iterateSearchFilter", inactiveSearchFilter);  // search DN will be passed as OU=*,DC=*,DC=*.  Will not work for DC=*,DC=*
    }
    newSearchDN.put("searchScope", "SUBTREE");  
    newSearchDN.put("primaryGroupSearchDN", "");  
    newSearchDN.put("groupMembershipSearchDN", "");   
    existingSearchDNs.add(newSearchDN);  
    applicationCopy.setAttribute("searchDNs", existingSearchDNs); 
    //applicationCopy.setAttribute("pageSize","100");

    ADLDAPConnector connector = new sailpoint.connector.ADLDAPConnector(applicationCopy);
    CloseableIterator itr = connector.iterateObjects("account", null, null);
    List adUserList= new ArrayList();

    while ( (null != itr) &amp;&amp; (itr.hasNext()) ) {
      count++;
      ResourceObject res=(ResourceObject)itr.next(); 
      System.out.println(itr.next().getAttribute("distinguishedName"));
      System.out.println(res.getAttribute("distinguishedName"));
      adUserList.add(res);

    }

    // System.out.println("Count is"+count);
    return adUserList;
  }


  private void writeMedicareData(BufferedWriter bw,List medicareUserList)
  {

    System.out.println("Inside Write medicare data method");

    if(medicareUserList!=null)
    {

      for(int i=0;i&lt;medicareUserList.size();i++)
      {
        StringBuffer buffer = new StringBuffer();
        ResourceObject res=medicareUserList.get(i);         
        System.out.println("Inside Write medicare while loop"+medicareUserList.get(i));
        res.getAttribute("givenName") != null ? buffer.append("\""+res.getAttribute("givenName")+"\"") : buffer.append("");
        buffer.append(",");
        res.getAttribute("sn") != null ? buffer.append("\""+res.getAttribute("sn")+"\"") : buffer.append("");
        buffer.append(",");
        buffer.append("\""+"Middle Name"+"\"");
        buffer.append(",");
        res.getAttribute("middleName") != null ? buffer.append("\""+res.getAttribute("middleName")+"\"") : buffer.append("");
        buffer.append(",");
        res.getAttribute("streetAddress") != null ? buffer.append("\""+res.getAttribute("streetAddress")+"\"") : buffer.append("");
        buffer.append(",");
        res.getAttribute("l") != null ? buffer.append("\""+res.getAttribute("l")+"\"") : buffer.append("");
        buffer.append(",");
        //res.getAttribute("streetAddress") != null ? buffer.append("\""+res.getAttribute("streetAddress")+"\"") : buffer.append("");
        res.getAttribute("st") != null ? buffer.append("\""+res.getAttribute("st")+"\"") : buffer.append("");
        buffer.append(",");
        res.getAttribute("postalCode") != null ? buffer.append("\""+res.getAttribute("postalCode")+"\"") : buffer.append("");
        buffer.append(",");	  
        buffer.append("\""+"Job Title"+"\"");
        buffer.append(",");
        res.getAttribute("title") != null ? buffer.append("\""+res.getAttribute("title")+"\"") : buffer.append("");
        buffer.append(",");
        buffer.append("\""+"Employee Status"+"\"");
        buffer.append(",");
        res.getAttribute("extensionAttribute5") != null ? buffer.append("\""+res.getAttribute("extensionAttribute5")+"\"") : buffer.append("");
        buffer.append(",");
        buffer.append("\""+"Full or Part Time"+"\"");
        buffer.append(",");
        res.getAttribute("extensionAttribute6") != null ? buffer.append("\""+res.getAttribute("extensionAttribute6")+"\"") : buffer.append("");
        buffer.append(",");
        res.getAttribute("employeeType") != null ? buffer.append("\""+res.getAttribute("employeeType")+"\"") : buffer.append("");
        buffer.append(",");
        buffer.append("\""+"Employee Start Date"+"\"");
        buffer.append(",");
        res.getAttribute("extensionAttribute3") != null ? buffer.append("\""+res.getAttribute("extensionAttribute3")+"\"") : buffer.append("");
        buffer.append(",");
        buffer.append("\""+"Employee End Date"+"\"");
        buffer.append(",");
        res.getAttribute("extensionAttribute4") != null ? buffer.append("\""+res.getAttribute("extensionAttribute4")+"\"") : buffer.append("");
        buffer.append(",");
        buffer.append("\""+"Business Unit"+"\"");
        buffer.append(",");
        res.getAttribute("division") != null ? buffer.append("\""+res.getAttribute("division")+"\"") : buffer.append("");
        buffer.append(",");
        buffer.append("\""+"Dept ID"+"\"");
        buffer.append(",");
        res.getAttribute("departmentNumber") != null ? buffer.append("\""+res.getAttribute("departmentNumber")+"\"") : buffer.append("");
        buffer.append(",");
        buffer.append("\""+"Department Name"+"\"");
        buffer.append(",");
        res.getAttribute("department") != null ? buffer.append("\""+res.getAttribute("department")+"\"") : buffer.append("");
        buffer.append(",");
        buffer.append("\""+"Location"+"\"");
        buffer.append(",");
        res.getAttribute("physicalDeliveryOfficeName") != null ? buffer.append("\""+res.getAttribute("physicalDeliveryOfficeName")+"\"") : buffer.append("");
        buffer.append(",");
        buffer.append("\""+"Room Number"+"\"");
        buffer.append(",");
        res.getAttribute("roomNumber") != null ? buffer.append("\""+res.getAttribute("roomNumber")+"\"") : buffer.append("");
        buffer.append(",");
        res.getAttribute("telephoneNumber") != null ? buffer.append("\""+res.getAttribute("telephoneNumber")+"\"") : buffer.append("");
        buffer.append(",");
        buffer.append("\""+"Supervisor ID"+"\"");
        buffer.append(",");
        res.getAttribute("extensionAttribute10") != null ? buffer.append("\""+res.getAttribute("extensionAttribute10")+"\"") : buffer.append("");
        buffer.append(",");
        buffer.append("\""+"Supervisor"+"\"");
        buffer.append(",");
        res.getAttribute("extensionAttribute11") != null ? buffer.append("\""+res.getAttribute("extensionAttribute11")+"\"") : buffer.append("");
        buffer.append(",");
        buffer.append("\""+"Employee Preferred Name"+"\"");
        buffer.append(",");
        res.getAttribute("extensionAttribute9") != null ? buffer.append("\""+res.getAttribute("extensionAttribute9")+"\"") : buffer.append("");
        buffer.append(",");
       // res.getAttribute("facsimileTelephoneNumber") != null ? buffer.append("\""+res.getAttribute("facsimileTelephoneNumber")+"\"") : buffer.append("");
        res.getAttribute("facsimileTelephoneNumber") != null ? buffer.append("\""+res.getAttribute("facsimileTelephoneNumber").get(0)+"\"") : buffer.append("");
        buffer.append(",");
        res.getAttribute("extensionAttribute13") != null ? buffer.append("\""+res.getAttribute("extensionAttribute13")+"\"") : buffer.append("");
        buffer.append(",");
        buffer.append("\""+"Union Code"+"\"");
        buffer.append(",");
        res.getAttribute("extensionAttribute2") != null ? buffer.append("\""+res.getAttribute("extensionAttribute2")+"\"") : buffer.append("");
        buffer.append(",");
        buffer.append("\""+"Job Function Code"+"\"");
        buffer.append(",");
        res.getAttribute("extensionAttribute7") != null ? buffer.append("\""+res.getAttribute("extensionAttribute7")+"\"") : buffer.append("");
        buffer.append(",");
        buffer.append("\""+"PS Division"+"\"");
        buffer.append(",");
        res.getAttribute("extensionAttribute8") != null ? buffer.append("\""+res.getAttribute("extensionAttribute8")+"\"") : buffer.append("");
        buffer.append(",");
        buffer.append("\""+"Leaders of People"+"\"");
        buffer.append(","); 
        res.getAttribute("extensionAttribute14") != null ? buffer.append("\""+res.getAttribute("extensionAttribute14")+"\"") : buffer.append("");
        buffer.append(",");
        buffer.append("");buffer.append(",");
        buffer.append("");buffer.append(",");
        buffer.append("");buffer.append(",");
        buffer.append("");buffer.append(",");
        buffer.append("");buffer.append(",");
        buffer.append("");buffer.append(",");
        buffer.append("\""+"Dept Roll-Up"+"\"");
        buffer.append("");buffer.append(",");
        buffer.append("");buffer.append(",");
        buffer.append("");buffer.append(",");
        buffer.append("");buffer.append(",");
        buffer.append("");buffer.append(",");
        buffer.append("");buffer.append(",");
        buffer.append("");buffer.append(",");
        buffer.append("");buffer.append(",");
        buffer.append("");buffer.append(",");
        buffer.append("");buffer.append(",");
        buffer.append("");buffer.append(",");
        buffer.append("");buffer.append(",");
        buffer.append("");buffer.append(",");
        buffer.append("");buffer.append(",");
        buffer.append("");buffer.append(",");
        buffer.append("");buffer.append(",");
        buffer.append("");buffer.append(",");
        buffer.append("");buffer.append(",");
        buffer.append("");buffer.append(",");
        //"Dept Roll-Up should be added and extra spaces  above are to be removed.
        buffer.append("");buffer.append(",");
        buffer.append("");buffer.append(",");

        res.getAttribute("mail") != null ? buffer.append("\""+res.getAttribute("mail")+"\"") : buffer.append("");
        buffer.append(",");
        res.getAttribute("employeeID") != null ? buffer.append("\""+res.getAttribute("employeeID")+"\"") : buffer.append("");
        buffer.append(",");
        buffer.append("");buffer.append(",");
        buffer.append("");buffer.append(",");
        buffer.append("");buffer.append(",");
        res.getAttribute("company") != null ? buffer.append("\""+res.getAttribute("company")+"\"") : buffer.append("");
        buffer.append(",");
        res.getAttribute("sAMAccountName") != null ? buffer.append("\""+res.getAttribute("sAMAccountName")+"\"") : buffer.append("");
        buffer.append(",");
        buffer.append("");buffer.append(",");
        buffer.append("");buffer.append(",");
        buffer.append("");buffer.append(",");
        buffer.append("");buffer.append(",");
        buffer.append("");buffer.append(",");
        buffer.append("");buffer.append(",");
        buffer.append("");buffer.append(",");
        buffer.append("");buffer.append(",");
        buffer.append("");buffer.append(",");
        buffer.append("");buffer.append(",");
        buffer.append("");buffer.append(",");
        buffer.append("");buffer.append(",");
        buffer.append("");buffer.append(",");
        buffer.append("");buffer.append(",");
        buffer.append("");buffer.append(",");
        buffer.append("");buffer.append(",");
        buffer.append("");buffer.append(",");
        buffer.append("");buffer.append(",");
        buffer.append("");buffer.append(",");
        buffer.append("");buffer.append(",");
        buffer.append("");buffer.append(",");
        buffer.append("");buffer.append(",");
        buffer.append("");buffer.append(",");
        buffer.append("");buffer.append(",");
        buffer.append("");buffer.append(",");
        buffer.append("");buffer.append(",");
        buffer.append("");buffer.append(",");
        buffer.append("");buffer.append(",");
        buffer.append("");buffer.append(",");
        buffer.append("");buffer.append(",");
        buffer.append("");buffer.append(",");
        buffer.append("");buffer.append(",");
        buffer.append("");buffer.append(",");
        buffer.append("");buffer.append(",");
        buffer.append("");buffer.append(",");
        buffer.append("");buffer.append(",");
        buffer.append("");buffer.append(",");
        buffer.append("");buffer.append(",");
        buffer.append("");buffer.append(",");
        buffer.append("");buffer.append(",");
        buffer.append("");buffer.append(",");
        buffer.append("");buffer.append(",");
        buffer.append("");buffer.append(",");
        buffer.append("");buffer.append(",");
        buffer.append("");buffer.append(",");
        buffer.append("");buffer.append(",");
        buffer.append("");buffer.append(",");
        buffer.append("");buffer.append(",");
        buffer.append("");buffer.append(",");
        buffer.append("");buffer.append(",");
        buffer.append("");buffer.append(",");
        buffer.append("");buffer.append(",");
        buffer.append("");buffer.append(",");
        buffer.append("");buffer.append(",");
        buffer.append("");buffer.append(",");
        buffer.append("");buffer.append(",");
        buffer.append("");buffer.append(",");
        buffer.append("");buffer.append(",");
        buffer.append("");buffer.append(",");
        buffer.append("");buffer.append(",");
        buffer.append("");buffer.append(",");
        buffer.append("");buffer.append(",");
        buffer.append("");buffer.append(",");
        buffer.append("");buffer.append(",");
        buffer.append("");buffer.append(",");
        buffer.append("");buffer.append(",");
        buffer.append("");buffer.append(",");
        buffer.append("");buffer.append(",");
        buffer.append("");buffer.append(",");
        buffer.append("");buffer.append(",");
        buffer.append("");buffer.append(",");
        buffer.append("");buffer.append(",");
        buffer.append("");buffer.append(",");
        buffer.append("\""+"Division"+"\"");
        buffer.append(",");
        // res.getAttribute("division") != null ? buffer.append("\""+res.getAttribute("division")+"\"") : buffer.append("");
        buffer.append("");buffer.append(",");
        //buffer.append(",");
        buffer.append("\""+"Career Level"+"\"");
        buffer.append(",");
        buffer.append("");buffer.append(",");//dept_rollup
        buffer.append("\""+"Floor/Room"+"\"");
        buffer.append(",");
        buffer.append("");
        buffer.append(",");
        buffer.append("\""+"Display Name"+"\"");
        buffer.append(",");
        buffer.append("");
        buffer.append(",");
        buffer.append("\""+"Department Description"+"\"");
        buffer.append(",");
        buffer.append("");
        buffer.append(",");
        buffer.append("\""+"Home Zip"+"\"");
        buffer.append(",");
        buffer.append("");
        buffer.append(",");
        buffer.append("\""+"Office Phone"+"\"");
        buffer.append(",");
        buffer.append("");
        buffer.append(",");
        buffer.append("\""+"Distinguished Name"+"\"");
        buffer.append(",");
        res.getAttribute("distinguishedName") != null ? buffer.append("\""+res.getAttribute("distinguishedName")+"\"") : buffer.append("");
        buffer.append(",");
        buffer.append("\""+"Line of Business"+"\"");
        buffer.append(",");
        buffer.append("");
        buffer.append(",");
        buffer.append("\""+"Primary Language"+"\"");
        buffer.append(",");
        buffer.append("\""+"English"+"\"");
        buffer.append(",");
        buffer.append("\""+"END"+"\"");
        bw.write(buffer.toString());
        bw.newLine();
        // System.out.println(itr.next().getAttribute("distinguishedName"));

      }
    }
    else
    {
      System.out.println("Medicare AD list  is null");
    }


  }

  private List getUsers(int firstRow,int limit)  throws Exception
  {

    QueryOptions ops =  new QueryOptions();

    // Filter employeeFilter=Filter.ignoreCase(Filter.eq("employeeType","employee"));   
    //Filter inactiveFilter=Filter.eq("inactive",false);
    Filter  nameFilter=Filter.not(Filter.ignoreCase(Filter.eq("identity.name","spadmin"))); 
    Filter inactiveFilter=Filter.eq("identity.inactive",false);
    Filter applicationFilter=Filter.ignoreCase(Filter.eq("application.name","AD"));  
    Filter accountTypeFilter=Filter.ignoreCase(Filter.eq("EHaccountType","primary"));  


    //ops.addFilter(employeeFilter);
    ops.addFilter(nameFilter);
    ops.addFilter(inactiveFilter);
    ops.addFilter(applicationFilter);
    ops.addFilter(accountTypeFilter);
    ops.setFirstRow(firstRow);
    ops.setResultLimit(limit);

    List userListByPage= new ArrayList();
    userListByPage= context.getObjects(Link.class, ops);
    //System.out.println("Printing Identity list-----------------------------"+userListByPage);

    return userListByPage;
  }

  private int userCount()  throws Exception
  {
    System.out.println("inside usercount");

    QueryOptions ops =  new QueryOptions();
    // Filter employeeFilter=Filter.ignoreCase(Filter.eq("employeeType","employee"));   
    Filter  nameFilter=Filter.not(Filter.ignoreCase(Filter.eq("identity.name","spadmin"))); 
    Filter inactiveFilter=Filter.eq("identity.inactive",false);
    Filter applicationFilter=Filter.ignoreCase(Filter.eq("application.name","AD"));  
    Filter accountTypeFilter=Filter.ignoreCase(Filter.eq("EHaccountType","primary"));  

    //ops.addFilter(employeeFilter);
    ops.addFilter(inactiveFilter);
    ops.addFilter(nameFilter);
    ops.addFilter(applicationFilter);
    ops.addFilter(accountTypeFilter);


    int totalCount=context.countObjects(Link.class,ops);
    System.out.println("Total count is"+totalCount) ;
    return totalCount;
  }

  private void writeHeader(BufferedWriter bw) throws Exception
  {
    StringBuffer buffer = new StringBuffer();
    Custom customHeader = context.getObjectByName(Custom.class,"EH_Feed_Header");
    List columnNames=customHeader.get("everbridgeHeader");

    if(columnNames!=null &amp;&amp; columnNames.size()&gt;0)
    {
      for(int i=0;i&lt;columnNames.size();i++)
      {

        buffer.append("\""+columnNames.get(i)+"\"");

        buffer.append(",");
      }

      buffer.setLength(buffer.length() - 1);
      buffer.append('\n');
      bw.write(buffer.toString());
      //bw.newLine();

    }


  }

  private void writeData(BufferedWriter bw,List userList) throws Exception
  {
    //System.out.println("User List in writeData():"+userList);

    for(int i=0;i&lt;userList.size();i++)
    {

      Link link=userList.get(i);

      if(!link.isDisabled())
      {

        //Identity id = userList.get(i);
        Identity id = link.getIdentity();

        StringBuffer buffer = new StringBuffer();
        Identity idManager=id.getManager();
        String managerName="";
        String managerID="";
        if(idManager!=null)
        {
          managerID="\""+idManager.getName()+"\"";
          if(idManager.getDisplayName()!=null)
          {
            managerName="\""+idManager.getDisplayName()+"\"";
          }

        }


        // id.getFirstname()!= null ? buffer.append("\""+id.getFirstname()+"\"") : buffer.append("");
        //buffer.append(",");
        //id.getLastname()!= null ? buffer.append("\""+id.getLastname()+"\"") : buffer.append("");
        //buffer.append(",");
        if(link.getAttribute("givenName")!=null)
        {
          buffer.append("\""+checkAndEscape(link.getAttribute("givenName"))+"\"");
        }
        else
        {
          id.getFirstname()!= null ? buffer.append("\""+id.getFirstname()+"\"") : buffer.append("");
        }
        buffer.append(",");
        if(link.getAttribute("sn")!=null)
        {
          buffer.append("\""+link.getAttribute("sn")+"\"");
        }
        else
        {
          id.getLastname()!= null ? buffer.append("\""+id.getLastname()+"\"") : buffer.append("");
        }
        buffer.append(",");
        buffer.append("\""+"Middle Name"+"\"");
        buffer.append(",");
        //id.getAttribute("middleName") != null ? buffer.append("\""+id.getAttribute("middleName")+"\"") : buffer.append("");
       link.getAttribute("middleName") != null ? buffer.append("\""+link.getAttribute("middleName")+"\"") : buffer.append("");
        buffer.append(",");
        //id.getAttribute("businessAddress") != null ? buffer.append("\""+id.getAttribute("businessAddress")+"\"") : buffer.append("");
        // buffer.append(",");
        //id.getAttribute("businessCity") != null ? buffer.append("\""+id.getAttribute("businessCity")+"\"") : buffer.append("");
        // buffer.append(",");
        //id.getAttribute("businessState") != null ? buffer.append("\""+id.getAttribute("businessState")+"\"") : buffer.append("");
        //  buffer.append(",");
        //id.getAttribute("businessZIP") != null ? buffer.append("\""+id.getAttribute("businessZIP")+"\"") : buffer.append("");
        // buffer.append(",");
        // buffer.append("\""+"Job Title"+"\"");
        // buffer.append(",");
        // id.getAttribute("jobtitle") != null ? buffer.append(id.getAttribute("jobtitle")) : buffer.append("");
        link.getAttribute("streetAddress") != null ? buffer.append("\""+link.getAttribute("streetAddress")+"\"") : buffer.append("");
        buffer.append(",");
        link.getAttribute("l") != null ? buffer.append("\""+link.getAttribute("l")+"\"") : buffer.append("");
        buffer.append(",");
        link.getAttribute("st") != null ? buffer.append("\""+link.getAttribute("st")+"\"") : buffer.append("");
        buffer.append(",");
        link.getAttribute("postalCode") != null ? buffer.append("\""+link.getAttribute("postalCode")+"\"") : buffer.append("");
        buffer.append(",");	  
        buffer.append("\""+"Job Title"+"\"");
        buffer.append(",");
        link.getAttribute("title") != null ? buffer.append("\""+link.getAttribute("title")+"\"") : buffer.append("");
        buffer.append(",");
        buffer.append("\""+"Employee Status"+"\"");
        buffer.append(",");
        id.getAttribute("userStatus") != null ? buffer.append("\""+id.getAttribute("userStatus")+"\"") : buffer.append("");
        buffer.append(",");
        buffer.append("\""+"Full or Part Time"+"\"");
        buffer.append(",");
        id.getAttribute("fullPartTime") != null ? buffer.append("\""+id.getAttribute("fullPartTime")+"\"") : buffer.append("");
        buffer.append(",");
        id.getAttribute("userType") != null ? buffer.append("\""+id.getAttribute("userType")+"\"") : buffer.append("");
        buffer.append(",");
        buffer.append("\""+"Employee Start Date"+"\"");
        buffer.append(",");
        //id.getAttribute("startdate") != null ? buffer.append("\""+id.getAttribute("startdate")+"\"") : buffer.append("");
        //buffer.append("");
        link.getAttribute("extensionAttribute3") != null ? buffer.append("\""+link.getAttribute("extensionAttribute3")+"\"") : buffer.append("");
        buffer.append(",");
        buffer.append("\""+"Employee End Date"+"\"");
        buffer.append(",");
        //id.getAttribute("enddate") != null ? buffer.append("\""+id.getAttribute("enddate")+"\"") : buffer.append("");
        //buffer.append("");
        link.getAttribute("extensionAttribute4") != null ? buffer.append("\""+link.getAttribute("extensionAttribute4")+"\"") : buffer.append("");
        buffer.append(",");
        buffer.append("\""+"Business Unit"+"\"");
        buffer.append(",");
        id.getAttribute("businessUnit") != null ? buffer.append("\""+id.getAttribute("businessUnit")+"\"") : buffer.append("");
        buffer.append(",");
        buffer.append("\""+"Dept ID"+"\"");
        buffer.append(",");
        id.getAttribute("departmentID") != null ? buffer.append("\""+id.getAttribute("departmentID")+"\"") : buffer.append("");
        buffer.append(",");
        buffer.append("\""+"Department Name"+"\"");
        buffer.append(",");
        id.getAttribute("department") != null ? buffer.append("\""+id.getAttribute("department")+"\"") : buffer.append("");
        buffer.append(",");
        buffer.append("\""+"Location"+"\"");
        buffer.append(",");
        id.getAttribute("location") != null ? buffer.append("\""+id.getAttribute("location")+"\"") : buffer.append("");
        buffer.append(",");
        buffer.append("\""+"Room Number"+"\"");
        buffer.append(",");
        id.getAttribute("floor") != null ? buffer.append("\""+id.getAttribute("floor")+"\"") : buffer.append("");
        buffer.append(",");
        link.getAttribute("telephoneNumber") != null ? buffer.append("\""+link.getAttribute("telephoneNumber")+"\"") : buffer.append("");
        //id.getAttribute("phone") != null ? buffer.append("\""+id.getAttribute("phone")+"\"") : buffer.append("");
        buffer.append(",");
        buffer.append("\""+"Supervisor ID"+"\"");
        buffer.append(",");
        // buffer.append(managerID);
        link.getAttribute("extensionAttribute10") != null ? buffer.append("\""+link.getAttribute("extensionAttribute10")+"\"") : buffer.append("");
        //buffer.append("");
        buffer.append(",");
        buffer.append("\""+"Supervisor"+"\"");
        buffer.append(",");
        // buffer.append(managerName);
        // buffer.append("");
        link.getAttribute("extensionAttribute11") != null ? buffer.append("\""+link.getAttribute("extensionAttribute11")+"\"") : buffer.append("");
        buffer.append(",");
        buffer.append("\""+"Employee Preferred Name"+"\"");
        buffer.append(",");
        id.getAttribute("empPrefName") != null ? buffer.append("\""+id.getAttribute("empPrefName")+"\"") : buffer.append("");
        buffer.append(",");
        // id.getAttribute("fax") != null ? buffer.append("\""+id.getAttribute("fax")+"\"") : buffer.append("");
        link.getAttribute("facsimileTelephoneNumber") != null ? buffer.append("\""+link.getAttribute("facsimileTelephoneNumber").get(0)+"\"") : buffer.append("");
        buffer.append(",");
        id.getAttribute("homeZIP") != null ? buffer.append("\""+id.getAttribute("homeZIP")+"\"") : buffer.append("");
        buffer.append(",");
        buffer.append("\""+"Union Code"+"\"");
        buffer.append(",");
        id.getAttribute("unionCode") != null ? buffer.append("\""+id.getAttribute("unionCode")+"\"") : buffer.append("");
        buffer.append(",");
        buffer.append("\""+"Job Function Code"+"\"");
        buffer.append(",");
        id.getAttribute("jobFunction") != null ? buffer.append("\""+id.getAttribute("jobFunction")+"\"") : buffer.append("");
      
        buffer.append(",");
        buffer.append("\""+"PS Division"+"\"");
        buffer.append(",");
        id.getAttribute("division") != null ? buffer.append("\""+id.getAttribute("division")+"\"") : buffer.append("");
        buffer.append(",");
        buffer.append("\""+"Leaders of People"+"\"");
        buffer.append(","); 
        id.getAttribute("leadersOfPeople") != null ? buffer.append("\""+id.getAttribute("leadersOfPeople")+"\"") : buffer.append("");
        buffer.append(",");
        //other values
        if(id.getAttribute("employeeType")!=null &amp;&amp; id.getAttribute("employeeType").equalsIgnoreCase("Employee"))
        {
          Custom psApplicationObject = context.getObjectByName(Custom.class,"EH_Application_Names");
          String psApplicationName = psApplicationObject.get("peoplesoft");
          Application peopleSoftApp = context.getObjectByName(Application.class,psApplicationName);
          Link psLink = id.getLink(peopleSoftApp);
          if(psLink!=null)
          {        

            psLink.getAttribute("Home_Address") != null ? buffer.append("\""+psLink.getAttribute("Home_Address")+"\"") : buffer.append("");//for Street Address 1
            buffer.append(",");
            psLink.getAttribute("Home_City") != null ? buffer.append("\""+psLink.getAttribute("Home_City")+"\"") : buffer.append("");//for City 1
            buffer.append(",");
            psLink.getAttribute("Home_State") != null ? buffer.append("\""+psLink.getAttribute("Home_State")+"\"") : buffer.append("");//for State/Province 1
            buffer.append(",");
            psLink.getAttribute("Home_Country") != null ? buffer.append("\""+psLink.getAttribute("Home_Country")+"\"") : buffer.append("");//for Country
            buffer.append(",");
            buffer.append("");//blank value
            buffer.append(",");
            //   psLink.getAttribute("DEPT_ROLLUP") != null ? buffer.append("\""+psLink.getAttribute("DEPT_ROLLUP")+"\"") : buffer.append("");// Custom Value 29
            buffer.append("");//blank value
            buffer.append(",");
            buffer.append("\""+"Dept Roll-Up"+"\"");
            buffer.append(",");
            psLink.getAttribute("DEPT_ROLLUP") != null ? buffer.append("\""+psLink.getAttribute("DEPT_ROLLUP")+"\"") : buffer.append("");// Custom Value 7 
            buffer.append(",");
            psLink.getAttribute("Home_email") != null ? buffer.append("\""+psLink.getAttribute("Home_email")+"\"") : buffer.append("");// Email Address 2
            buffer.append(",");
            psLink.getAttribute("Other_email") != null ? buffer.append("\""+psLink.getAttribute("Other_email")+"\"") : buffer.append("");//Email Address 3
            buffer.append(",");
            psLink.getAttribute("Business_Phone") != null ? buffer.append("\""+psLink.getAttribute("Business_Phone")+"\"") : buffer.append("");// Phone 4
            buffer.append(",");
            psLink.getAttribute("Business_Phone_Ext") != null ? buffer.append("\""+psLink.getAttribute("Business_Phone_Ext")+"\"") : buffer.append("");//Extension 1
            buffer.append(",");
            psLink.getAttribute("Work_country_code") != null ? buffer.append("\""+psLink.getAttribute("Work_country_code")+"\"") : buffer.append("");//Extension Phone Country 1
            buffer.append(",");
            psLink.getAttribute("Home_phone") != null ? buffer.append("\""+psLink.getAttribute("Home_phone")+"\"") : buffer.append("");//Phone 3e
            buffer.append(",");
            psLink.getAttribute("Home_country_code") != null ? buffer.append("\""+psLink.getAttribute("Home_country_code")+"\"") : buffer.append("");//Phone Country 3
            buffer.append(",");
            psLink.getAttribute("Mobile_Phone") != null ? buffer.append("\""+psLink.getAttribute("Mobile_Phone")+"\"") : buffer.append("");// Phone 2
            buffer.append(",");
            //psLink.getAttribute("Country_code") != null ? buffer.append("\""+psLink.getAttribute("Country_code")+"\"") : buffer.append("");//Phone Country 2
            psLink.getAttribute("Country_code_2") != null ? buffer.append("\""+psLink.getAttribute("Country_code_2")+"\"") : buffer.append("");
            buffer.append(",");
            psLink.getAttribute("Mobile_Phone_2") != null ? buffer.append("\""+psLink.getAttribute("Mobile_Phone_2")+"\"") : buffer.append("");//Phone 1
            buffer.append(",");
            psLink.getAttribute("Country_code_2") != null ? buffer.append("\""+psLink.getAttribute("Country_code_2")+"\"") : buffer.append("");//Phone Country 1
            buffer.append(",");
            psLink.getAttribute("cell_phone1") != null ? buffer.append("\""+psLink.getAttribute("cell_phone1")+"\"") : buffer.append("");//Phone 5
            buffer.append(",");
            psLink.getAttribute("cell_country_code") != null ? buffer.append("\""+psLink.getAttribute("cell_country_code")+"\"") : buffer.append("");//Phone Country 5
            buffer.append(",");
            psLink.getAttribute("other_phone1") != null ? buffer.append("\""+psLink.getAttribute("other_phone1")+"\"") : buffer.append("");//Phone 6
            buffer.append(",");
            psLink.getAttribute("other_country_code") != null ? buffer.append("\""+psLink.getAttribute("other_country_code")+"\"") : buffer.append("");//Phone Country 6
            buffer.append(",");
            psLink.getAttribute("SMS_Device_1") != null ? buffer.append("\""+psLink.getAttribute("SMS_Device_1")+"\"") : buffer.append("");//SMS 2
            buffer.append(",");
            psLink.getAttribute("Country_code_SMS1") != null ? buffer.append("\""+psLink.getAttribute("Country_code_SMS1")+"\"") : buffer.append("");//SMS 2 Country
            buffer.append(",");
            psLink.getAttribute("SMS_Device_2") != null ? buffer.append("\""+psLink.getAttribute("SMS_Device_2")+"\"") : buffer.append("");//SMS 1
            buffer.append(",");
            psLink.getAttribute("Country_code_SMS2") != null ? buffer.append("\""+psLink.getAttribute("Country_code_SMS2")+"\"") : buffer.append("");//SMS 1 Country
            buffer.append(",");
          }
        }
        else
        {
          buffer.append("");//for Street Address 1
          buffer.append(",");
          buffer.append("");//for City 1
          buffer.append(",");
          buffer.append("");//for State/Province 1
          buffer.append(",");
          buffer.append("");//for Country
          buffer.append(",");
          buffer.append("");//blank value
          buffer.append(",");
          buffer.append("");// Custom Value 29
          buffer.append(",");
          buffer.append("\""+"Dept Roll-Up"+"\"");
          buffer.append(",");
          buffer.append("");// Custom Value 7 
          buffer.append(",");
          buffer.append("");// Email Address 2
          buffer.append(",");
          buffer.append("");//Email Address 3
          buffer.append(",");
          buffer.append("");// Phone 4
          buffer.append(",");
          buffer.append("");//Extension 1
          buffer.append(",");
          buffer.append("");//Extension Phone Country 1
          buffer.append(",");
          buffer.append("");//Phone 3e
          buffer.append(",");
          buffer.append("");//Phone Country 3
          buffer.append(",");
          buffer.append("");// Phone 2
          buffer.append(",");
          buffer.append("");//Phone Country 2
          buffer.append(",");
          buffer.append("");//Phone 1
          buffer.append(",");
          buffer.append("");//Phone Country 1
          buffer.append(",");
          buffer.append("");//Phone 5
          buffer.append(",");
          buffer.append("");//Phone Country 5
          buffer.append(",");
          buffer.append("");//Phone 6
          buffer.append(",");
          buffer.append("");//Phone Country 6
          buffer.append(",");
          buffer.append("");//SMS 2
          buffer.append(",");
          buffer.append("");//SMS 2 Country
          buffer.append(",");
          buffer.append("");//SMS 1
          buffer.append(",");
          buffer.append("");//SMS 1 Country
          buffer.append(",");
        }
        link.getAttribute("mail") != null ? buffer.append("\""+link.getAttribute("mail")+"\"") : buffer.append("");//Email Address 1
        buffer.append(",");
        id.getName() != null ? buffer.append("\""+id.getName()+"\"") : buffer.append("");
        buffer.append(",");
        buffer.append("");
        buffer.append(",");
        buffer.append("");
        buffer.append(",");
        buffer.append("");
        buffer.append(",");
        id.getAttribute("company") != null ? buffer.append("\""+id.getAttribute("company")+"\"") : buffer.append("");
        buffer.append(",");
        //id.getAttribute("networkID") != null ? buffer.append("\""+id.getAttribute("networkID")+"\"") : buffer.append("");
        link.getAttribute("sAMAccountName") != null ? buffer.append("\""+link.getAttribute("sAMAccountName")+"\"") : buffer.append("");
        buffer.append(",");
        buffer.append("");buffer.append(",");
        buffer.append("");buffer.append(",");
        buffer.append("");buffer.append(",");
        buffer.append("");buffer.append(",");
        buffer.append("");buffer.append(",");
        buffer.append("");buffer.append(",");
        buffer.append("");buffer.append(",");
        buffer.append("");buffer.append(",");
        buffer.append("");buffer.append(",");
        buffer.append("");buffer.append(",");
        buffer.append("");buffer.append(",");
        buffer.append("");buffer.append(",");
        buffer.append("");buffer.append(",");
        buffer.append("");buffer.append(",");
        buffer.append("");buffer.append(",");
        buffer.append("");buffer.append(",");
        buffer.append("");buffer.append(",");
        buffer.append("");buffer.append(",");
        buffer.append("");buffer.append(",");
        buffer.append("");buffer.append(",");
        buffer.append("");buffer.append(",");
        buffer.append("");buffer.append(",");
        buffer.append("");buffer.append(",");
        buffer.append("");buffer.append(",");
        buffer.append("");buffer.append(",");
        buffer.append("");buffer.append(",");
        buffer.append("");buffer.append(",");
        buffer.append("");buffer.append(",");
        buffer.append("");buffer.append(",");
        buffer.append("");buffer.append(",");
        buffer.append("");buffer.append(",");
        buffer.append("");buffer.append(",");
        buffer.append("");buffer.append(",");
        buffer.append("");buffer.append(",");
        buffer.append("");buffer.append(",");
        buffer.append("");buffer.append(",");
        buffer.append("");buffer.append(",");
        buffer.append("");buffer.append(",");
        buffer.append("");buffer.append(",");
        buffer.append("");buffer.append(",");
        buffer.append("");buffer.append(",");
        buffer.append("");buffer.append(",");
        buffer.append("");buffer.append(",");
        buffer.append("");buffer.append(",");
        buffer.append("");buffer.append(",");
        buffer.append("");buffer.append(",");
        buffer.append("");buffer.append(",");
        buffer.append("");buffer.append(",");
        buffer.append("");buffer.append(",");
        buffer.append("");buffer.append(",");
        buffer.append("");buffer.append(",");
        buffer.append("");buffer.append(",");
        buffer.append("");buffer.append(",");
        buffer.append("");buffer.append(",");
        buffer.append("");buffer.append(",");
        buffer.append("");buffer.append(",");
        buffer.append("");buffer.append(",");
        buffer.append("");buffer.append(",");
        buffer.append("");buffer.append(",");
        buffer.append("");buffer.append(",");
        buffer.append("");buffer.append(",");
        buffer.append("");buffer.append(",");
        buffer.append("");buffer.append(",");
        buffer.append("");buffer.append(",");
        buffer.append("");buffer.append(",");
        buffer.append("");buffer.append(",");
        buffer.append("");buffer.append(",");
        buffer.append("");buffer.append(",");
        buffer.append("");buffer.append(",");
        buffer.append("");buffer.append(",");
        buffer.append("");buffer.append(",");
        buffer.append("");buffer.append(",");
        buffer.append("");buffer.append(",");
        buffer.append("\""+"Division"+"\"");
        buffer.append(",");
        // buffer.append("");//for Custom Value 2
        if(id.getAttribute("employeeType")!=null &amp;&amp; id.getAttribute("employeeType").equalsIgnoreCase("Employee"))
        {
          Custom psApplicationObject = context.getObjectByName(Custom.class,"EH_Application_Names");
          String psApplicationName = psApplicationObject.get("peoplesoft");
          Application peopleSoftApp = context.getObjectByName(Application.class,psApplicationName);
          Link link = id.getLink(peopleSoftApp);
          if(link!=null)
          {    
            link.getAttribute("DIVISION_DESCR") != null ? buffer.append("\""+link.getAttribute("DIVISION_DESCR")+"\"") : buffer.append("");//for Custom Value 3
          }
        }
        else
        {
          buffer.append("");
        }

        buffer.append(",");
        buffer.append("\""+"Career Level"+"\"");
        buffer.append(",");
        if(id.getAttribute("employeeType")!=null &amp;&amp; id.getAttribute("employeeType").equalsIgnoreCase("Employee"))
        {
          Custom psApplicationObject = context.getObjectByName(Custom.class,"EH_Application_Names");
          String psApplicationName = psApplicationObject.get("peoplesoft");
          Application peopleSoftApp = context.getObjectByName(Application.class,psApplicationName);
          Link link = id.getLink(peopleSoftApp);
          if(link!=null)
          {    
            link.getAttribute("CAREER_LEVEL") != null ? buffer.append("\""+link.getAttribute("CAREER_LEVEL")+"\"") : buffer.append("");//for Custom Value 3
          }
        }
        else
        {
          buffer.append("");
        }
        buffer.append(",");
        buffer.append("\""+"Floor/Room"+"\"");
        buffer.append(",");
        buffer.append("");
        buffer.append(",");
        buffer.append("\""+"Display Name"+"\"");
        buffer.append(",");
        buffer.append("");
        buffer.append(",");
        buffer.append("\""+"Department Description"+"\"");
        buffer.append(",");
        buffer.append("");
        buffer.append(",");
        buffer.append("\""+"Home Zip"+"\"");
        buffer.append(",");
        buffer.append("");
        buffer.append(",");
        buffer.append("\""+"Office Phone"+"\"");
        buffer.append(",");
        buffer.append("");
        buffer.append(",");
        buffer.append("\""+"Distinguished Name"+"\"");
        buffer.append(",");
        //Custom psApplicationObject = context.getObjectByName(Custom.class,"EH_Application_Names");
        //String adApplicationName = psApplicationObject.get("ad");
        //Application ADApp = context.getObjectByName(Application.class,adApplicationName);
        // Link link = id.getLink(ADApp);
        link.getAttribute("distinguishedName") != null ? buffer.append("\""+checkAndEscape(link.getAttribute("distinguishedName"))+"\"") : buffer.append("");
        buffer.append(",");
        buffer.append("\""+"Line of Business"+"\"");
        buffer.append(",");
        buffer.append("");
        buffer.append(",");
        buffer.append("\""+"Primary Language"+"\"");
        buffer.append(",");
        buffer.append("\""+"English"+"\"");
        buffer.append(",");
        buffer.append("\""+"END"+"\"");
        bw.write(buffer.toString());
        bw.newLine();
      }
      else
      {
        System.out.println("AD link disabled but identity active for identity having employeeID"+link.getAttribute("employeeID"));
      }

    }
  }


  private void hostFileTransfer(File file,String fileLoc,String fname)
  {
    String thisHost = InetAddress.getLocalHost().getHostName();
    System.out.println("EverBridge execution started on "+thisHost);


    Custom customGen=context.getObjectByName(Custom.class,"EH_Custom_GenericAttributes");
    Map cusGen=customGen.get("EHPMOfiletransfer");
    //String fileLoc=cusGen.get("fileLoc");
    String destHost=cusGen.get("destHost");
    String userName=cusGen.get("username");
    String password=cusGen.get("password");

    try{
      if(file != null &amp;&amp; file.exists() &amp;&amp; thisHost != null &amp;&amp; thisHost.trim().length() &gt; 0 &amp;&amp; thisHost.indexOf(destHost) == -1)

      {
        transferFile(fname,fileLoc,destHost,userName,password);
      }
    }catch(Exception e)
    {
      throw new Exception("File is not copied");
    }

  }


  FileWriter fw = null;
  BufferedWriter bw = null;
  File file;
  String fname,path;
  try
  {
    int limit = 100;

    int totalCount=userCount();

    System.out.println("Total identity count"+totalCount);
    SimpleDateFormat dateFormat = new SimpleDateFormat("yyyy-MM-dd") ;
    Date currdate= new Date();
    SimpleDateFormat dateFormat1 = new SimpleDateFormat("yyyy-MM-dd_HH-mm-ss") ;

    Custom customobj=context.getObjectByName(Custom.class,"EH_Report_Feed_Path");
    path=customobj.get("everbridgeOutboundFeed");

    //String filepath="/apphome/sailpoint/EH_Verify"+dateFormat.format(currdate)+".csv";
    fname="Everbridge-"+dateFormat.format(currdate)+dateFormat1.format(currdate)+".csv";

    String filepath=path+"/"+fname;

    // File file = new File(filepath);

    file = new File(filepath);

    if(file.exists()){

      file.delete();
    }

    fw = new FileWriter(file,true);
    bw = new BufferedWriter(fw);

    writeHeader(bw);

    if(totalCount &gt; 0)
    {
      for(int i=0;i&lt;totalCount;i+=limit)
      {
        List identityList=getUsers(i,limit);
        if(identityList != null &amp;&amp; !identityList.isEmpty())
        {
          writeData(bw,identityList);
        }
        identityList =  null;
        bw.flush();
      }
    }

    List medicareList= fetchMedicareData("contractor");
    writeMedicareData(bw,medicareList);


  }

  catch(Exception e)
  {
    //return e;
    e.printStackTrace();
    System.out.println("Exception occured");
  }

  finally
  {
    if(bw != null)
      bw.close();
    if(fw != null)
      fw.close();

    // hostFileTransfer(file,path,fname);

    return "Success";
  }
  </Source>
</Rule>