<?xml version='1.0' encoding='UTF-8'?>
<!DOCTYPE Rule PUBLIC "sailpoint.dtd" "sailpoint.dtd">
<Rule language="beanshell" name="EH_Rule_FeedFile_PeopleSoftHR">
  <ReferencedRules>
    <Reference class="sailpoint.object.Rule" name="EH_Rule_Library_2"/>
  </ReferencedRules>
  <Signature returnType="String">
    <Inputs>
      <Argument name="log"/>
      <Argument name="context"/>
      <Argument name="config"/>
    </Inputs>
  </Signature>
  <Source>

  import java.util.HashMap;
  import java.util.Map;
  import java.text.SimpleDateFormat;
  import java.util.Calendar;
  import java.util.Date;
  import sailpoint.api.SailPointContext;
  import sailpoint.object.Identity;
  import sailpoint.object.Link;
  import sailpoint.object.QueryOptions;
  import sailpoint.object.Filter;
  import sailpoint.object.ResourceObject;
  import sailpoint.object.*;
  import sailpoint.object.Capability;
  import sailpoint.object.Application;
  import java.util.*;
  import java.util.Map;
  import java.io.File;
  import java.io.FileInputStream;
  import java.io.PrintWriter;
  import sailpoint.object.*;
  import java.util.*;
  import java.text.DateFormat;
  import ch.ethz.ssh2.*;
  import java.io.*;
  import java.net.*;

  private List getUsers(int firstRow,int limit)  throws Exception
  {

    QueryOptions ops =  new QueryOptions();

    //Filter employeeFilter=Filter.ignoreCase(Filter.eq("employeeType","employee"));   
    //Filter inactiveFilter=Filter.eq("inactive",false);
    Filter employeeFilter=Filter.ignoreCase(Filter.eq("identity.employeeType","employee"));   
    Filter applicationFilter=Filter.ignoreCase(Filter.eq("application.name","AD"));  
    Filter accountTypeFilter=Filter.ignoreCase(Filter.eq("EHaccountType","primary"));  
    //Filter accountStatusFilter=Filter.ignoreCase(Filter.eq("disabled","true")); 
    Filter inactiveFilter=Filter.eq("identity.inactive",false);

    ops.addFilter(employeeFilter);
    ops.addFilter(applicationFilter);
    ops.addFilter(accountTypeFilter);
    ops.addFilter(inactiveFilter);
    //ops.addFilter(accountStatusFilter);
    ops.setFirstRow(firstRow);
    ops.setResultLimit(limit);

    List userListByPage= new ArrayList();
    userListByPage= context.getObjects(Link.class, ops);
    //System.out.println("Printing Identity list-----------------------------"+userListByPage);

    return userListByPage;
  }

  private int userCount()  throws Exception
  {
    System.out.println("inside usercount");

    QueryOptions ops =  new QueryOptions();
    // Filter employeeFilter=Filter.ignoreCase(Filter.eq("employeeType","employee"));   
    //Filter inactiveFilter=Filter.eq("inactive",false);

    // ops.addFilter(employeeFilter);
    //ops.addFilter(inactiveFilter);

    Filter employeeFilter=Filter.ignoreCase(Filter.eq("identity.employeeType","employee"));   
    Filter applicationFilter=Filter.ignoreCase(Filter.eq("application.name","AD"));  
    Filter accountTypeFilter=Filter.ignoreCase(Filter.eq("EHaccountType","primary"));  
    //Filter accountStatusFilter=Filter.ignoreCase(Filter.eq("disabled","true")); 
    Filter inactiveFilter=Filter.eq("identity.inactive",false);

    ops.addFilter(employeeFilter);
    ops.addFilter(applicationFilter);
    ops.addFilter(accountTypeFilter);
    ops.addFilter(inactiveFilter);


    int totalCount=context.countObjects(Link.class,ops);
    System.out.println("Total count is"+totalCount) ;
    return totalCount;
  }

  private void writeHeader(BufferedWriter bw) throws Exception
  {
    /* StringBuffer buffer = new StringBuffer();
    buffer.append("\""+"employeeID"+"\"");
    buffer.append(";");
    buffer.append("\""+"samAccountName"+"\"");
    buffer.append(";");
    buffer.append("\""+"givenName"+"\"");
    buffer.append(";");
    buffer.append("\""+"sn"+"\"");
    buffer.append(";");
    buffer.append("\""+"mail"+"\"");
    buffer.append(";");
    buffer.append("\""+"domain"+"\"");
    //buffer.append('\n');
    bw.write(buffer.toString());
    bw.newLine();*/

    StringBuffer buffer = new StringBuffer();
    Custom customHeader = context.getObjectByName(Custom.class,"EH_Feed_Header");
    //List columnNames=customHeader.get("peopleSoftHRHeader");

    if(columnNames!=null &amp;&amp; columnNames.size()&gt;0)
    {
      for(int i=0;i&lt;columnNames.size();i++)
      {
        String[] arr= columnNames.get(i).split("%");

        buffer.append("\""+arr[1]+"\"");
        //buffer.append("\""+columnNames.get(i)+"\"");

        buffer.append(";");
      }

      buffer.setLength(buffer.length() - 1);
      buffer.append("\r\n");
      bw.write(buffer.toString());
      //bw.newLine();

    }



  }

  /* private void writeData(BufferedWriter bw,List userList) throws Exception
  {
    //System.out.println("User List in writeData():"+userList);


    for(int i=0;i&lt;userList.size();i++)
    {
      Link link= userList.get(i);
      if(!link.isDisabled())
      {      
        Identity id =link.getIdentity();
        count++;

        StringBuffer buffer = new StringBuffer();
        buffer.append("\""+checkAndEscape(id.getName())+"\"");
        buffer.append(";");
        //id.getAttribute("networkID") != null ? buffer.append("\""+id.getAttribute("networkID")+"\"") : buffer.append("");
        link.getAttribute("sAMAccountName") != null ? buffer.append("\""+checkAndEscape(link.getAttribute("sAMAccountName"))+"\"") : buffer.append("");
        buffer.append(";");
        if(link.getAttribute("givenName")!=null)
        {
          buffer.append("\""+checkAndEscape(link.getAttribute("givenName"))+"\"");
        }
        else
        {
          id.getFirstname()!= null ? buffer.append("\""+checkAndEscape(id.getFirstname())+"\"") : buffer.append("");
        }
        //id.getFirstname()!= null ? buffer.append("\""+id.getFirstname()+"\"") : buffer.append("");
        buffer.append(";");
        /*if(link.getAttribute("sn")!=null)
        {
          buffer.append("\""+link.getAttribute("sn")+"\"");
        }
        else
        {
          id.getLastname()!= null ? buffer.append("\""+id.getLastname()+"\"") : buffer.append("");
        }

        id.getLastname()!= null ? buffer.append("\""+checkAndEscape(id.getLastname())+"\"") : buffer.append("");
        buffer.append(";");
        id.getEmail() != null ? buffer.append("\""+checkAndEscape(id.getEmail())+"\"") : buffer.append("");
        buffer.append(";");
        buffer.append("\""+"EMBLEM"+"\"");
        bw.write(buffer.toString());
        bw.newLine();
      }
      else
      {
        System.out.println("AD link disabled but identity active for identity having employeeID"+link.getAttribute("employeeID"));
      }
    }
  }
*/
  private void writeData(BufferedWriter bw,List userList) throws Exception
  {
    //System.out.println("User List in writeData():"+userList);
    for(int i=0;i&lt;userList.size();i++)
    {
      Link link= userList.get(i);
      if(!link.isDisabled())
      {      
        Identity id =link.getIdentity();
        count++;
        StringBuffer buffer = new StringBuffer();
        String columnName="";	
        if(columnNames!=null &amp;&amp; columnNames.size()&gt;0)
        {
          for(int i=0;i&lt;columnNames.size();i++)
          {
            columnName=columnNames.get(i);
            System.out.println("Key Value "+columnName);

            if(columnName.startsWith("iiq%"))
              id.getAttribute(dictionaryMap.get(columnName)) != null ? buffer.append("\""+checkAndEscape(id.getAttribute(dictionaryMap.get(columnName)))+"\"") : buffer.append("");
            else if(columnName.startsWith("link%"))
              link.getAttribute(dictionaryMap.get(columnName)) != null ? buffer.append("\""+checkAndEscape(link.getAttribute(dictionaryMap.get(columnName)))+"\"") : buffer.append("");
            else if(columnName.startsWith("const%"))
              buffer.append("\""+dictionaryMap.get(columnName)+"\"");
              buffer.append(";");

          }
        }
        buffer.setLength(buffer.length() - 1);
        buffer.append("\r\n");
        bw.write(buffer.toString());
        //bw.newLine();
      }
      else
      {
        System.out.println("AD link disabled but identity active for identity having employeeID"+link.getAttribute("employeeID"));
      }
    }
  }

  private void hostFileTransfer(File file,String fileLoc,String fname)
  {
    //String thisHost = InetAddress.getLocalHost().getHostName();
    //System.out.println("EHPMO execution started on "+thisHost +" at "+cdate);
    System.out.println("PeopleSoftHR execution started on "+thisHost);

    Custom customGen=context.getObjectByName(Custom.class,"EH_Custom_GenericAttributes");
    Map cusGen=customGen.get("EHPMOfiletransfer");
    String fileLoc=cusGen.get("peoplesoftHRFileLoc");
    destHost=cusGen.get("destHost");
    String userName=cusGen.get("username");
    String password=cusGen.get("password");
    System.out.println("The file is "+file);
    System.out.println("The fileloc is "+fileLoc);
    System.out.println("The filename is "+fname);
    System.out.println("EHPMO execution started on "+thisHost +" at "+destHost);


    try{
      if(file != null &amp;&amp; file.exists() &amp;&amp; thisHost != null &amp;&amp; thisHost.trim().length() &gt; 0 &amp;&amp; thisHost.indexOf(destHost) == -1)

      {
        System.out.println("PeopleSoftHR execution started and file transfer is called"+thisHost);

        transferFile(fname,fileLoc,destHost,userName,password);

      }
    }catch(Exception e)
    {
      throw new Exception("File is not copied");
    }

  }

  //FileWriter fw = null;
  BufferedWriter bw = null;
  File file;
  String fname,path,thisHost,destHost;
  int count=0;
  boolean transferStatus=false;
  Custom customobj=context.getObjectByName(Custom.class,"EH_Feed_Header");
  Map dictionaryMap=customobj.get("peopleSoftHRMapping");
  //LinkedHashMap dictionaryLinkhashMap= new LinkedHashMap(dictionaryMap);
  List columnNames=customobj.get("peopleSoftHRHeader");
  try
  {
    int limit = 10;
    String filepath="";
    int totalCount=userCount();
    thisHost = InetAddress.getLocalHost().getHostName();
    System.out.println("The current server is "+thisHost);

    System.out.println("Total identity count"+totalCount);
    SimpleDateFormat dateFormat = new SimpleDateFormat("yyyy-MM-dd_HH-mm-ss") ;
    Date currdate= new Date();

    Custom customobj=context.getObjectByName(Custom.class,"EH_Report_Feed_Path");
    path=customobj.get("peopleSoftHROutboundFeed");

    //String filepath="/apphome/sailpoint/EH_Verify"+dateFormat.format(currdate)+".csv";
    fname="ExportPeopleSoft_Emblem"+dateFormat.format(currdate)+".txt";

    // String filepath=path+"/EH_PEOPLESOFTHR_Outbound_Feed_"+dateFormat.format(currdate)+".csv";
    filepath=path+"/"+fname;

    System.out.println("file path is"+filepath);

    file = new File(filepath);

    if(file.exists()){

      file.delete();
    }


   // fw = new FileWriter(file,true);
    //bw = new BufferedWriter(fw);
    bw = new BufferedWriter(new OutputStreamWriter(new FileOutputStream(file), "Cp1252"));

    writeHeader(bw);

    if(totalCount &gt; 0)
    {
      for(int i=0;i&lt;totalCount;i+=limit)
      {
        List identityList=getUsers(i,limit);
        if(identityList != null &amp;&amp; !identityList.isEmpty())
        {
          writeData(bw,identityList);
        }
        identityList =  null;
        bw.flush();
      }
    }

    System.out.println("Total rows is"+count);
    //code to make row count

    Custom customGen=context.getObjectByName(Custom.class,"EH_Custom_GenericAttributes");
    Map cusGen=customGen.get("EHPMOfiletransfer");
    // String fileLoc=cusGen.get("fileLoc");
    destHost=cusGen.get("destHost");
    transferStatus=feedRowCount("peoplesoftfileRowcount","PeopleSoftHR Feed",count,filepath,thisHost,path,destHost);
  }

  catch(Exception e)
  {
    //return e;
    e.printStackTrace();
    System.out.println("Exception occured");
  }

  finally
  {
    if(bw != null)
      bw.close();
  //  if(fw != null)
    //  fw.close();
    if(transferStatus)
    {
      System.out.println("File transfer status is" + transferStatus);
      File newFileName=new File(path+"/"+"ExportPeopleSoft_Emblem"+".txt");
      System.out.println("New file name is "+newFileName);
      if(file.exists())
      {
        file.renameTo(newFileName);
        fname="ExportPeopleSoft_Emblem"+".txt";

      }
      hostFileTransfer(newFileName,path,fname);
    }

    return "Success";
  }
  </Source>
</Rule>