<?xml version='1.0' encoding='UTF-8'?>
<!DOCTYPE Rule PUBLIC "sailpoint.dtd" "sailpoint.dtd">
<Rule language="beanshell" name="EH_ServiceAccount_Certfication_End_Period_Enter_Rule" type="CertificationPhaseChange">
  <Description>This rule is run when the certification either enters or leaves a phase.</Description>
  <Signature returnType="void">
    <Inputs>
      <Argument name="log">
        <Description>
          The log object associated with the SailPointContext.
        </Description>
      </Argument>
      <Argument name="context">
        <Description>
          A sailpoint.api.SailPointContext object that can be used to query the database if necessary.
        </Description>
      </Argument>
      <Argument name="certification">
        <Description>
          The sailpoint.object.Certification being certified.
        </Description>
      </Argument>
      <Argument name="certificationItem">
        <Description>
          The sailpoint.object.CertificationItem that is being certified.
        </Description>
      </Argument>
      <Argument name="previousPhase">
        <Description>
          Certification.Phase (may be null) that is the previous phase.
        </Description>
      </Argument>
      <Argument name="nextPhase">
        <Description>
          Certification.Phase (may be null) that is the next phase.
        </Description>
      </Argument>
    </Inputs>
  </Signature>
  <Source>
  import sailpoint.object.*;
  import sailpoint.api.*;
  import java.util.*;
  import java.text.*;
  import java.io.*;

  String logName = "End Period Enter Rule for Service Account: ";
  
  System.out.println(logName+"Enter Rule: "); 
  
  //if(null != certificationItem)
    //System.out.println(logName+"certificationItem: "+certificationItem.toXml());
    
  if(null != certification.getEntities() &amp;&amp; certification.getEntities().size()&gt;0) {
    
      List entities = certification.getEntities();
    	System.out.println(logName+"entities size: "+entities.size());

      Iterator itr = entities.iterator();
      CertificationEntity entity = null;

      while(itr.hasNext()) {  
        
        entity = (CertificationEntity)itr.next();         

        if(null != entity &amp;&amp; null != entity.getIdentity() &amp;&amp; null != entity.getItems() &amp;&amp; entity.getItems().size() &gt;0) {

          System.out.println(logName+"entity getTargetDisplayName: "+entity.getTargetDisplayName());
          List items = entity.getItems();
          System.out.println(logName+"items size: "+items.size());

          Iterator itr1 = items.iterator();
          CertificationItem item = null;

          while (itr1.hasNext()) {
            item = (CertificationItem)itr1.next();           

            if(null != item &amp;&amp; null != item.getAction() &amp;&amp; null != item.getAction().getStatus())
            {        

              System.out.println(logName+"item.getAction(): "+item.getAction().getActorName());
              Enum status = item.getAction().getStatus();              

              String st = status.toString();              

              Identity identity = context.getObjectByName(Identity.class, entity.getIdentity());

              if(st.equalsIgnoreCase("Remediated")) {                      

                System.out.println(logName+"Service Account Remediated: "+identity.getName());
                HashMap launchArgsMap = new HashMap();
                //Add needed Workflow Launch Variables to map of name/value pairs
                launchArgsMap.put("identityName",identity.getName());                               
                launchArgsMap.put("launcher","spadmin");
                launchArgsMap.put("revokedBy",item.getAction().getActorName());

								System.out.println(logName+"Workflow Launching: "+identity.getName());
                //Create WorkflowLaunch and set values
                WorkflowLaunch wflaunch = new WorkflowLaunch();
                Workflow wf = (Workflow) context.getObjectByName(Workflow.class,"EH - Service Account Disable Workflow");
                wflaunch.setWorkflowName(wf.getName());
                wflaunch.setWorkflowRef(wf.getName());
                wflaunch.setCaseName("EH Certification - Disable Service Account - "+identity.getName());
                wflaunch.setVariables(launchArgsMap);

                //Create Workflower and launch workflow from WorkflowLaunch
                Workflower workflower = new Workflower(context);
                WorkflowLaunch launch = workflower.launch(wflaunch);    
                System.out.println(logName+"Workflow Completed: "+identity.getName());
                
                context.saveObject(certification);
                context.commitTransaction();
                
                

              } 
            }
          }
        }
      }
  }
  </Source>
</Rule>