<?xml version='1.0' encoding='UTF-8'?>
<!DOCTYPE Rule PUBLIC "sailpoint.dtd" "sailpoint.dtd">
<Rule language="beanshell" name="EH_TargetMappingRule_ManagerDN" type="IdentityAttributeTarget">
  <Description>Identity attribute target rules are used to tranform identity attribute values that are being pushed to targets.</Description>
  <Signature returnType="Object">
    <Inputs>
      <Argument name="log">
        <Description>
          The log object associated with the SailPointContext.
        </Description>
      </Argument>
      <Argument name="context">
        <Description>
          A sailpoint.api.SailPointContext object that can be used to query the database if necessary.
        </Description>
      </Argument>
      <Argument name="value" type="Object">
        <Description>
           The value of the identity attribute.  Note that this could be single value or a list of values.
        </Description>
      </Argument>
      <Argument name="sourceIdentityAttribute">
        <Description>
           The sailpoint.object.ObjectAttribute for this target.
        </Description>
      </Argument>
      <Argument name="sourceIdentityAttributeName">
        <Description>
           The name of the identity attribute for this target.
        </Description>
      </Argument>
      <Argument name="sourceAttributeRequest">
        <Description>
           The sailpoint.object.ProvisioningPlan.AttributeRequest that is
           setting the attribute on the identity.
        </Description>
      </Argument>
      <Argument name="target">
        <Description>
           The sailpoint.object.AttributeTarget that is being processed.
        </Description>
      </Argument>
      <Argument name="identity">
        <Description>
           The sailpoint.object.Identity that is being processed.
        </Description>
      </Argument>
      <Argument name="project">
        <Description>
           The sailpoint.object.ProvisioningProject that has the changes that
           are being requested.
        </Description>
      </Argument>
    </Inputs>
    <Returns>
      <Argument name="attributeValue">
        <Description>
          The transformed value that will be pushed to the target.
        </Description>
      </Argument>
    </Returns>
  </Signature>
  <Source>import java.util.*;
  import sailpoint.object.*; 


  if(identity != null)
  {
    String adAppName = "AD";
    Custom appNameCustomObj = context.getObjectByName(Custom.class,"EH_Application_Names");
    if(appNameCustomObj != null)
    {
      adAppName = (String)appNameCustomObj.get("ad");
    }

    String empType = identity.getAttribute("employeeType");
    if(empType != null)
    {

      String terminationStatus = identity.getAttribute("employeeStatus");
      if(terminationStatus!=null &amp;&amp; terminationStatus.equalsIgnoreCase("Terminated")){
        return null;
      }
      Identity mngrobj = identity.getManager();
      if(mngrobj != null)
      {
        QueryOptions options = new QueryOptions();
        options.addFilter(Filter.eq("application.name",adAppName));
        options.addFilter(Filter.eq("identity.name",mngrobj.getName()));
        List linkList = context.getObjects(Link.class,options);
        if(linkList != null &amp;&amp; linkList.size() &gt; 0 )
        {
          for(Link adlink : linkList)
          {
            String ehAcctType = adlink.getAttribute("EHaccountType");
            if(ehAcctType != null &amp;&amp; ehAcctType.equalsIgnoreCase("primary"))
            {
              return adlink.getNativeIdentity();
            }
  	if(ehAcctType != null &amp;&amp; ehAcctType.equalsIgnoreCase("service"))
        {
           return adlink.getNativeIdentity();
        }
          }   
        }
      }
    }

  }
  
  </Source>
</Rule>