<?xml version='1.0' encoding='UTF-8'?>
<!DOCTYPE Rule PUBLIC "sailpoint.dtd" "sailpoint.dtd">
<Rule language="beanshell" name="EH_Vendor_PreDelegationRule" type="CertificationPreDelegation">
  <Description>A pre-delegation rule that is run on every CertificationEntity when the certification is generated in order to cause some entities to be pre-delegated.  As an example, a manager certification could pre-delegate the certification responsibility to each employee that reports to the manager.  This would allow each subordinate to first determine what they need access to, then allow the manager to review their decision.</Description>
  <Signature returnType="Map">
    <Inputs>
      <Argument name="log">
        <Description>
          The log object associated with the SailPointContext.
        </Description>
      </Argument>
      <Argument name="context">
        <Description>
          A sailpoint.api.SailPointContext object that can be used to query the database if necessary.
        </Description>
      </Argument>
      <Argument name="certification">
        <Description>
          The sailpoint.object.Certification being created.
        </Description>
      </Argument>
      <Argument name="entity">
        <Description>
          The sailpoint.object.CertificationEntity to possibly pre-delegate.
        </Description>
      </Argument>
      <Argument name="certContext">
        <Description>
          The sailpoint.api.CertificationContext generating this certification.
        </Description>
      </Argument>
      <Argument name="state">
        <Description>
          A Map containing state information.
        </Description>
      </Argument>
    </Inputs>
    <Returns>
      <Argument name="recipientName">
        <Description>
        The name of the Identity that should certify this entity.  Either
        this or 'recipient' should be non-null if pre-delegation should be
        performed.
        </Description>
      </Argument>
      <Argument name="recipient">
        <Description>
        The Identity that should certify this entity.  Either this or
        'recipientName' should be non-null if pre-delegation should be
        performed.
        </Description>
      </Argument>
      <Argument name="description">
        <Description>
        Optional description to set on the delegation WorkItem.  If null, a
        default description of 'Certify [entity name]' is used.
        </Description>
      </Argument>
      <Argument name="comments">
        <Description>
        Optional comments to set on the delegation WorkItems.
        </Description>
      </Argument>
      <Argument name="reassign">
        <Description>
        Optional boolean to specify to reassign rather than delegate.
        </Description>
      </Argument>
      <Argument name="certificationName">
        <Description>
        Optional String to specify the name for the reassignment certification
        if creating a new certification for reassignment.  This is ignored for
        delegations.
        </Description>
      </Argument>
    </Returns>
  </Signature>
  <Source>import sailpoint.object.*;
  import sailpoint.api.*;

  System.out.println("Enter Vendor Manager Delegation Rule");
  System.out.println("entity: " + entity.toXml());

  Map results = null;
  String idName = entity.getIdentity();
  Identity identity = context.getObject(Identity.class, idName);
  System.out.println("Identity returned from entity: " + identity);

  Identity recipient = null;
  Identity manager = identity.getManager();
  if (manager != null){
    System.out.println("Set recipient to manager: " + manager.getName());
    recipient = manager;
  }
  else{
    System.out.println("Manager is null");
   
  }
  if (recipient != null){
    results = new HashMap();
    results.put("recipient", recipient);
    results.put("reassign", true);

    results.put("description", "Please certify " + identity.getDisplayableName());
    results.put("comments", "Please determine the appropriate access for " + identity.getDisplayableName());
    results.put("certificationName", "Vendor Access Review");
  }

  System.out.println("Exit Vendor Manager Delegation Rule: " + results);

  return results;</Source>
</Rule>