<?xml version='1.0' encoding='UTF-8'?>
<!DOCTYPE Rule PUBLIC "sailpoint.dtd" "sailpoint.dtd">
<Rule language="beanshell" name="EH_Vendor_Update_Manager_From_Feed">
  <Description>For one time vendor dataload.</Description>
  <ReferencedRules>
    <Reference class="sailpoint.object.Rule" name="EH_Rule_Library"/>
  </ReferencedRules>
  <Signature>
    <Inputs>
      <Argument name="config">
        <Description>
          To take inut from rule config as parameter.
        </Description>
      </Argument>
    </Inputs>
  </Signature>
  <Source>
  import java.util.*;
  import java.io.*;
  import java.lang.*;
  import sailpoint.object.*;
  import sailpoint.api.*;
  import java.util.HashMap;
  import sailpoint.integration.ProvisioningPlan;
  import sailpoint.integration.ProvisioningPlan.AccountRequest;
  import sailpoint.integration.ProvisioningPlan.AttributeRequest;
  import sailpoint.tools.GeneralException;
  import sailpoint.tools.xml.XMLObjectFactory;

  String errorMessage = null;
  String csvFile = null;

  /*if(null !=config.get("filePath"))
    csvFile = config.get("filePath");*/

  String csvFile="/apphome/sailpoint/CSVFILES/INPUT/VENDOR/Vendor_Feed_UpdateManager.csv";
  System.out.println("csvFile path::: " + csvFile);

  if(csvFile != null)
  {

    BufferedReader br = null;
    String line = "";
    //String cvsSplitBy = "";

    /*if(null != config.get("fileSeparator"))
      csvSplitBy=config.get("fileSeparator");*/

    String cvsSplitBy = ";";
    System.out.println("CSV splits by::: "+csvSplitBy);


    int counter = 0;
    String[] csvHeader = null;
    String[] csvValue = null;
    Map vendorMap = new HashMap();

    try {

      br = new BufferedReader(new FileReader(csvFile));
      while ((line = br.readLine()) != null) 
      {
        System.out.println(line);

        // use semicolon as separator
        if (counter == 0) 
        {
          csvHeader = line.split(cvsSplitBy);
          System.out.println("csvHeader value :: " + csvHeader+ " "+csvHeader.length);
          counter++;
        } 
        else 
        {
          counter ++;
          csvValue = line.split(cvsSplitBy);

          System.out.println("csvValue value :: " + csvValue+" "+csvValue.length);
          for (int i = 0; i &lt; csvValue.length; i++) {
            if( csvHeader[i] != null &amp;&amp; csvValue[i] != null)
              vendorMap.put(csvHeader[i], csvValue[i]);
            //System.out.println("vendorMap value first time :: " + vendorMap);
          }
          if (vendorMap != null) 
          {

            String employeeID = (String) vendorMap.get("employeeID");
            System.out.println("employeeID Value:::  " + employeeID);


            String manager = (String) vendorMap.get("manager");
            System.out.println("manager Value:::  " + manager);


            if(networkID!=null &amp;&amp; manager !=null)
            {
              System.out.println("Inside If block to update");
              Identity id=context.getObjectByName(Identity.class, employeeID);
              Identity idMgr=context.getObjectByName(Identity.class, manager);

              System.out.println("Id to be updated: "+id);
              System.out.println("manager: "+idMgr);
              if(id != null &amp;&amp; idMgr != null)
              {
                id.setManager(idMgr);
                context.saveObject(id);
                context.commitTransaction();
              }
            }




          }

          //System.out.println("vendorMap Value:::  " + vendorMap);
          vendorMap.clear();
        }

      }//end of while loop to read the file

      if(counter==1)
      {
        errorMessage = "NO RECORD AVAILABLE";
        System.out.println(errorMessage);
      }

      return "success";

    } catch (FileNotFoundException e) {
      errorMessage = "INPUT CSV FILE LOCATION IS NOT PRESENT. PLEASE PROVIDE CORRECT PATH";
      System.out.println(errorMessage);
      e.printStackTrace();
    } catch (IOException e) {
      e.printStackTrace();
    } finally {
      System.out.println("finally");
      if (br != null) {
        try {
          br.close();
        } catch (IOException e) {
          e.printStackTrace();
        }
      }
    }
  } else {
    errorMessage = "INPUT CSV FILE LOCATION IS NOT PRESENT. PLEASE PROVIDE CORRECT PATH";
    System.out.println(errorMessage);
  }



  </Source>
</Rule>