<?xml version='1.0' encoding='UTF-8'?>
<!DOCTYPE Rule PUBLIC "sailpoint.dtd" "sailpoint.dtd">
<Rule language="beanshell" name="EH_Vendor_OneTime_Dataload">
  <Description>For one time vendor dataload.</Description>
  <ReferencedRules>
    <Reference class="sailpoint.object.Rule" name="EH_Rule_Library"/>
  </ReferencedRules>
  <Signature>
    <Inputs>
      <Argument name="config">
        <Description>
          To take inut from rule config as parameter.
        </Description>
      </Argument>
    </Inputs>
  </Signature>
  <Source>
  import java.util.*;
  import java.io.*;
  import java.lang.*;
  import sailpoint.object.*;
  import sailpoint.api.*;
  import java.util.HashMap;
  import sailpoint.integration.ProvisioningPlan;
  import sailpoint.integration.ProvisioningPlan.AccountRequest;
  import sailpoint.integration.ProvisioningPlan.AttributeRequest;
  import sailpoint.tools.GeneralException;
  import sailpoint.tools.xml.XMLObjectFactory;

  String errorMessage = null;
  String csvFile = null;

  if(null !=config.get("filePath"))
    csvFile = config.get("filePath");

  //String csvFile="/apphome/sailpoint/CSVFILES/INPUT/VENDOR/Vendor_Feed_Dataload.csv";
  System.out.println("csvFile path::: " + csvFile);

  if(csvFile != null)
  {

    BufferedReader br = null;
    String line = "";
    //String cvsSplitBy = "";

    /*if(null != config.get("fileSeparator"))
      csvSplitBy=config.get("fileSeparator");*/
    
    String cvsSplitBy = ";";
    System.out.println("CSV splits by::: "+csvSplitBy);

    
    int counter = 0;
    String[] csvHeader = null;
    String[] csvValue = null;
    Map vendorMap = new HashMap();

    try {

      br = new BufferedReader(new FileReader(csvFile));
      while ((line = br.readLine()) != null) 
      {
        System.out.println(line);

        // use semicolon as separator
        if (counter == 0) 
        {
          csvHeader = line.split(cvsSplitBy);
          System.out.println("csvHeader value :: " + csvHeader+ " "+csvHeader.length);
          counter++;
        } 
        else 
        {
          counter ++;
          csvValue = line.split(cvsSplitBy);

          System.out.println("csvValue value :: " + csvValue+" "+csvValue.length);
          for (int i = 0; i &lt; csvValue.length; i++) {
            if( csvHeader[i] != null &amp;&amp; csvValue[i] != null)
              vendorMap.put(csvHeader[i], csvValue[i]);
            //System.out.println("vendorMap value first time :: " + vendorMap);
          }
          if (vendorMap != null) 
          {

            String networkID = (String) vendorMap.get("sAMAccountName");
            System.out.println("networkID Value:::  " + networkID);

            String displayName = (String) vendorMap.get("displayName");
            String firstName = (String) vendorMap.get("givenName");
            String lastname = (String) vendorMap.get("sn");
            String initials = (String) vendorMap.get("initials");
            String mail = (String) vendorMap.get("mail");
            String employeeID = (String) vendorMap.get("employeeID");
            String telephoneNumber = (String) vendorMap.get("telephoneNumber");
            String manager = (String) vendorMap.get("manager");
            System.out.println("manager Value:::  " + manager);

            String company = (String) vendorMap.get("company");
            String companyCode = (String) vendorMap.get("companyCode");
            String startDate = (String) vendorMap.get("whenCreated");
            String location = (String) vendorMap.get("physicalDeliveryOfficeName");
            String description = (String) vendorMap.get("description");
            String department = (String) vendorMap.get("department");
            String title = (String) vendorMap.get("title");
            String endDate = (String) vendorMap.get("accountExpires");
            String userAccountControl = (String) vendorMap.get("userAccountControl");



            HashMap launchArgsMap = new HashMap();
            //Add needed Workflow Launch Variables to map of name/value pairs
            launchArgsMap.put("networkID",networkID);
            launchArgsMap.put("displayName",displayName);
            launchArgsMap.put("firstName",firstName);
            launchArgsMap.put("lastname",lastname);
            launchArgsMap.put("initials",initials);
            launchArgsMap.put("mail",mail);
            launchArgsMap.put("employeeID",employeeID);
            launchArgsMap.put("telephoneNumber",telephoneNumber);
            launchArgsMap.put("manager",manager);
            launchArgsMap.put("company",company);
            launchArgsMap.put("companyCode",companyCode);
            launchArgsMap.put("startDate",startDate);
            launchArgsMap.put("location",location);
            launchArgsMap.put("description",description);
            launchArgsMap.put("department",department);
            launchArgsMap.put("title",title);
            launchArgsMap.put("endDate",endDate);
            launchArgsMap.put("userAccountControl",userAccountControl);


            //Create WorkflowLaunch and set values
            WorkflowLaunch wflaunch = new WorkflowLaunch();
            Workflow wf = (Workflow) context.getObjectByName(Workflow.class,"EH_Vendor_OneTime_Dataloading");
            wflaunch.setWorkflowName(wf.getName());
            wflaunch.setWorkflowRef(wf.getName());
            wflaunch.setCaseName("LCM Provisioning");
            wflaunch.setVariables(launchArgsMap);

            //Create Workflower and launch workflow from WorkflowLaunch
            Workflower workflower = new Workflower(context);
            WorkflowLaunch launch = workflower.launch(wflaunch);
            // print workflowcase ID (example only; might not want to do this in the task)
            String workFlowId = launch.getWorkflowCase().getId();
            System.out.println("workFlowCaseId: "+workFlowId);


          }

          //System.out.println("vendorMap Value:::  " + vendorMap);
          vendorMap.clear();
        }

      }//end of while loop to read the file

      if(counter==1)
      {
        errorMessage = "NO RECORD AVAILABLE";
        System.out.println(errorMessage);
      }
      
      return "success";

    } catch (FileNotFoundException e) {
      errorMessage = "INPUT CSV FILE LOCATION IS NOT PRESENT. PLEASE PROVIDE CORRECT PATH";
      System.out.println(errorMessage);
      e.printStackTrace();
    } catch (IOException e) {
      e.printStackTrace();
    } finally {
      System.out.println("finally");
      if (br != null) {
        try {
          br.close();
        } catch (IOException e) {
          e.printStackTrace();
        }
      }
    }
  } else {
    errorMessage = "INPUT CSV FILE LOCATION IS NOT PRESENT. PLEASE PROVIDE CORRECT PATH";
    System.out.println(errorMessage);
  }



  </Source>
</Rule>