<?xml version='1.0' encoding='UTF-8'?>
<!DOCTYPE Rule PUBLIC "sailpoint.dtd" "sailpoint.dtd">
<Rule language="beanshell" name="EH_Vendor_Certfication_End_Period_Enter_Rule" type="CertificationPhaseChange">
  <Description>This rule is run when the certification either enters or leaves a phase.</Description>
  <Signature returnType="void">
    <Inputs>
      <Argument name="log">
        <Description>
          The log object associated with the SailPointContext.
        </Description>
      </Argument>
      <Argument name="context">
        <Description>
          A sailpoint.api.SailPointContext object that can be used to query the database if necessary.
        </Description>
      </Argument>
      <Argument name="certification">
        <Description>
          The sailpoint.object.Certification being certified.
        </Description>
      </Argument>
      <Argument name="certificationItem">
        <Description>
          The sailpoint.object.CertificationItem that is being certified.
        </Description>
      </Argument>
      <Argument name="previousPhase">
        <Description>
          Certification.Phase (may be null) that is the previous phase.
        </Description>
      </Argument>
      <Argument name="nextPhase">
        <Description>
          Certification.Phase (may be null) that is the next phase.
        </Description>
      </Argument>
    </Inputs>
  </Signature>
  <Source>
  import sailpoint.object.*;
  import sailpoint.api.*;
  import java.util.*;
  import java.text.*;
  import java.io.*;

  System.out.println("cert:" + certification);
  System.out.println("cert entities:" + certification.getEntities());

  //System.out.println("cert item:" + certificationItem);  
  //System.out.println("cert action:" + certificationItem.getAction());

  //CertificationAction ca = certificationItem.getAction();
  //System.out.println("cert status:" + ca.getStatus())

  List entities = certification.getEntities();

  Iterator itr = entities.iterator();
  CertificationEntity entity = null;

  while(itr.hasNext()) {  
    entity = (CertificationEntity)itr.next();

    System.out.println("cert entity:" + entity);    
    System.out.println("cert identity:" + entity.getIdentity());
    System.out.println("cert type:" + entity.getType());

    List items = entity.getItems();

    Iterator itr1 = items.iterator();
    CertificationItem item = null;

    while (itr1.hasNext()) {
      item = (CertificationItem)itr1.next();

      System.out.println("cert item:" + item);
      System.out.println("cert action:" + item.getAction());

      if(item.getAction() !=null )
      {
        System.out.println("cert status:" + item.getAction().getStatus());

        Enum status = item.getAction().getStatus();
        System.out.println("status:" + status);

        String st = status.toString();
        System.out.println("st:" + st);

        Identity identity = context.getObjectByName(Identity.class, entity.getIdentity());
        System.out.println("identity:" + identity);

        if(st.equalsIgnoreCase("Remediated")) {
          System.out.println("if revoked");   
          //identity.setAttribute("inactive", "true");

          /*DateFormat df = new SimpleDateFormat("MM/dd/yyyy");

        Date today = new Date();
        String endDate=df.format(today);
        identity.setAttribute("enddate", endDate);
        context.saveObject(identity);
        context.commitTransaction();


        HashMap launchArgsMap = new HashMap();
        //Add needed Workflow Launch Variables to map of name/value pairs
        launchArgsMap.put("identityName",entity.getIdentity());


        //Create WorkflowLaunch and set values
        WorkflowLaunch wflaunch = new WorkflowLaunch();
        Workflow wf = (Workflow) context.getObjectByName(Workflow.class,"EH_Workflow_Leaver_Deprovision");
        wflaunch.setWorkflowName(wf.getName());
        wflaunch.setWorkflowRef(wf.getName());
        wflaunch.setCaseName("EH_Leaver");
        wflaunch.setVariables(launchArgsMap);

        //Create Workflower and launch workflow from WorkflowLaunch
        Workflower workflower = new Workflower(context);
        WorkflowLaunch launch = workflower.launch(wflaunch);
        // print workflowcase ID (example only; might not want to do this in the task)
        //String workFlowId = launch.getWorkflowCase().getId();
        //System.out.println("workFlowCaseId: "+workFlowId);

        */
        }
        else {
          System.out.println("if approved");

          DateFormat df = new SimpleDateFormat("MM/dd/yyyy");

          String endDateAttr = identity.getAttribute("enddate");
          Date endDate=df.parse(endDateAttr);

          Calendar c = Calendar.getInstance();
          c.setTime(endDate);
          System.out.println("End date::"+c.getTime());
          c.add(Calendar.DAY_OF_MONTH, 90);
          System.out.println("End date Hour::"+c.get(Calendar.HOUR_OF_DAY));
          System.out.println("End date Min::"+c.get(Calendar.MINUTE));
          System.out.println("End date Second::"+c.get(Calendar.SECOND));
          Date eDate = c.getTime();
          System.out.println(eDate);
          String finaleDate=df.format(eDate);
          System.out.println("Final eDate: " + finaleDate);

          identity.setAttribute("enddate", finaleDate);
          context.saveObject(identity);
          context.commitTransaction();
        } 
      }
    }
  } 
  </Source>
</Rule>