<?xml version='1.0' encoding='UTF-8'?>
<!DOCTYPE Rule PUBLIC "sailpoint.dtd" "sailpoint.dtd">
<Rule language="beanshell" name="EH_Vendor_Recertification_Exclusion_Rule_15days" type="CertificationExclusion">
  <Description>This rule is an example Certification Exclusion rule that removes all of the certifiable items from a certification if the identity being certified is marked as inactive.</Description>
  <ReferencedRules>
    <Reference class="sailpoint.object.Rule" name="EH_Rule_Library"/>
  </ReferencedRules>
  <Signature returnType="String">
    <Inputs>
      <Argument name="log">
        <Description>
          The log object associated with the SailPointContext.
        </Description>
      </Argument>
      <Argument name="context">
        <Description>
          A sailpoint.api.SailPointContext object that can be used to query the database if necessary.
        </Description>
      </Argument>
      <Argument name="entity" type="AbstractCertifiableEntity">
        <Description>
          The AbstractCertifiableEntity that is part of the certification.
          Currently, this is either an Identity, ManagedAttribute, or Bundle.
        </Description>
      </Argument>
      <Argument name="certification" type="Certification">
        <Description>
          The certification that this identity is part of.
        </Description>
      </Argument>
      <Argument name="certContext" type="CertificationContext">
        <Description>
          The CertificationContext that is being used to generate the
          certification.
        </Description>
      </Argument>
      <Argument name="items" type="List">
        <Description>
          List of Certifiable items that are currently part of the
          certification for this identity.  Any items that should be excluded
          from the certification should be deleted from this list and added
          to the itemsToExclude list.
        </Description>
      </Argument>
      <Argument name="itemsToExclude" type="List">
        <Description>
          A List of Certifiable items that should not be included in the
          certification.  This list will be empty when the rule is executed
          and any items that should not be part of the certification should
          be moved from the items list to the itemsToExclude list.
        </Description>
      </Argument>
      <Argument name="state">
        <Description>
          A Map containing state information.
        </Description>
      </Argument>
    </Inputs>
    <Returns>
      <Argument name="explanation" type="String">
        <Description>
          An optional explanation describing why the items were excluded.
        </Description>
      </Argument>
    </Returns>
  </Signature>
  <Source>
  import java.text.SimpleDateFormat;
  import java.util.Calendar;
  import java.util.Date;

  import sailpoint.api.*;
  import sailpoint.object.*;
  import sailpoint.tools.DateUtil;
  import sailpoint.tools.GeneralException;
  import sailpoint.tools.Util;

  public static Calendar forStartDate(Calendar calendar)
  {
    calendar.set(Calendar.DATE,1);
    calendar.set(Calendar.HOUR_OF_DAY,00);
    calendar.set(Calendar.MINUTE,00);
    calendar.set(Calendar.SECOND,00);
    calendar.set(Calendar.MILLISECOND,-01);

    return calendar;

  }

  public static Calendar forEndDate(Calendar calendar,int x)
  {
    calendar.add(Calendar.DATE,x);
    calendar.set(Calendar.HOUR,11);
    calendar.set(Calendar.MINUTE,59);
    calendar.set(Calendar.SECOND,59);

    return calendar;
  }


  /*Calendar testCal = Calendar.getInstance();
  testCal.add(Calendar.DATE,3);
  Date testdate = testCal.getTime();*/


  Identity id = (Identity)entity;
  String endDateStr = (String) id.getAttribute("enddate");
  //String endDateStr = "02/16/2018";
  /*EntitlementSnapshot snapshot=item.getExceptionEntitlements();
  String entityNetworkID = snapshot.getDisplayableName().toUpperCase();*/

  Date certificationStartDate = null;
  Date certificationEndDate  = null;
  try{    
    SimpleDateFormat dateFormat = new SimpleDateFormat("MM/dd/yyyy");      
    Date endDate = dateFormat.parse(endDateStr);
    System.out.println(endDate);


    Calendar calendar = Calendar.getInstance();
    calendar.setTime(new Date());
    int launchDate = calendar.get(Calendar.DATE);
    //int launchDate = 12;
    if(launchDate &gt;= 1 &amp;&amp; launchDate &lt;= 15)
    {
      System.out.println("if block in vendor exclusion rule");
      calendar = forStartDate(calendar);
      calendar.add(Calendar.DATE,15);
      certificationStartDate = calendar.getTime();
      System.out.println(certificationStartDate);
      int daysOfMonth = calendar.getActualMaximum(Calendar.DAY_OF_MONTH);
      System.out.println(daysOfMonth);
      int days = daysOfMonth - 15;
      calendar = forEndDate(calendar,days);
      certificationEndDate = calendar.getTime();
      System.out.println(certificationEndDate);           
    }
    else
    {
      System.out.println("else block in vendor exclusion rule");
      calendar.add(Calendar.MONTH,1);
      calendar = forStartDate(calendar);
      certificationStartDate = calendar.getTime();
      System.out.println(certificationStartDate);
      calendar = forEndDate(calendar,15);
      certificationEndDate = calendar.getTime();
      System.out.println(certificationEndDate);
    }

    String appName = getApplicationName("ad");
    Application app = context.getObjectByName(Application.class,appName);
    List links = identity.getLinks(app);

    if(links != null)
    {
      for (Link adLink: links) 
      {
        String linkNetworkID = adLink.getDisplayableName().toUpperCase();

        if(endDate.before(certificationStartDate) || endDate.after(certificationEndDate) || (linkNetworkID!=null &amp;&amp; linkNetworkID.startsWith("A-")))
        {
          System.out.println("clear");
          items.clear();
        }
      }
    }

  }catch(Exception e)
  {
    e.printStackTrace();
  }
  </Source>
</Rule>