<?xml version='1.0' encoding='UTF-8'?>
<!DOCTYPE Rule PUBLIC "sailpoint.dtd" "sailpoint.dtd">
<Rule language="beanshell" name="EHCompanyTypeRule">
  <Description>Allowed Values Rules are used by provisioning policies to determine the possible values of the policy fields.

    Note that an Attributes map of arguments from the current WorkflowContext is passed into the Allowed Values Rule. However, the contents of this map are dependent on the use case of the rule.  In the default case, the allowed value list is considered static.  The rule is evaluated when the form is constructed, and the form will retain that value for the life of the work item presenting the form.  In this case, all of the workflow variables are passed to the rule in the Attributes map.  In the "dynamic" case, the rule will be evaluated whenever the user interacts with the rule component, thereby allowing it to be sensitive to other fields that have been set in the form.  In the "dynamic" case, only the variables that were sent into the work item are passed to the rule in the Attributes map.</Description>
  <Signature returnType="Object">
    <Inputs>
      <Argument name="log">
        <Description>
          The log object associated with the SailPointContext.
        </Description>
      </Argument>
      <Argument name="context">
        <Description>
          A sailpoint.api.SailPointContext object that can be used to query the database if necessary.
        </Description>
      </Argument>
      <Argument name="identity">
        <Description>
          The Identity object being provisioned.
        </Description>
      </Argument>
      <Argument name="form">
        <Description>
          The Form object for the provisioning plan.
        </Description>
      </Argument>
      <Argument name="field">
        <Description>
          The Field object being analyzed.
        </Description>
      </Argument>
    </Inputs>
    <Returns>
      <Argument name="value">
        <Description>
          An Object (possibly a Collection) of the allowed values for the given
          field.
        </Description>
      </Argument>
    </Returns>
  </Signature>
  <Source>
  import sailpoint.object.*;
  import sailpoint.api.*;
  import java.sql.*;
  import java.io.*;
  import java.text.*;
  import java.util.*;

  boolean isSysAdmin=false;
  boolean isCTS=false;
  boolean isEH=false;
  boolean isHelpdesk=false;
  boolean isVRM=false;
  List l1 = new ArrayList();
  String requestor = context.getUserName();
  System.out.println(requestor);
  Identity id = context.getObject(Identity.class, requestor);
  List workgroups = new ArrayList();
  workgroups = id.getWorkgroups();
  List capabilities = id.getCapabilities();
  //System.out.println("before null check###"+workgroups.size());
  if(workgroups!=null &amp;&amp; !workgroups.isEmpty()){
    System.out.println(" wg name : "+ workgroups);
    Iterator iterator = workgroups.iterator();
    while(iterator.hasNext()){
      Identity element =  iterator.next();
      System.out.println(element.getName());
      if((element.getName()).equals("CTS_Procurement Team")){
        isCTS=true;
        break;
      }
      if((element.getName()).equals("EH_Procurement Team")){
        isEH=true;
        break;
      }
      if((element.getName()).equals("EH_Helpdesk")){
        isHelpdesk=true;
        break;
      }
      HashMap args = new HashMap();
   	 	args.put("vendor_relationship_manager",requestor);
    	String query = "sql:Select distinct company_type from EH_SP_Custom_Vendor_Company where vendor_relationship_manager= (:vendor_relationship_manager) AND upper(company_status) = 'ACTIVE'";
      Iterator iteratorsql = context.search(query, args, null);
      if(iteratorsql.hasNext()){
        while (iteratorsql.hasNext()) 
        {
          String companyTypeVrm = iteratorsql.next();        
          l1.add(companyTypeVrm);
        }
        //System.out.println("Company type for VRM is ::"+l1);
      }
      break;
      
    }
  }
  else
  {  
    HashMap args = new HashMap();
    args.put("vendor_relationship_manager",requestor);
    String query = "sql:Select distinct company_type from EH_SP_Custom_Vendor_Company where vendor_relationship_manager= (:vendor_relationship_manager) AND upper(company_status) = 'ACTIVE'";
    Iterator iteratorsql = context.search(query, args, null);
    if(iteratorsql.hasNext()){
      while (iteratorsql.hasNext()) 
      {
        String companyTypeVrm = iteratorsql.next();        
        l1.add(companyTypeVrm);
      }
      System.out.println("Company type for VRM is ::"+l1);
    }
		else{
      isSysAdmin=true;
  	}
 	}
  
	
  if(isSysAdmin==true || isHelpdesk==true){
    l1.add("EH-Managed");
    l1.add("CTS-Managed");
  }
  if(isCTS){
  	 l1.add("CTS-Managed");
  }
  if(isEH){
  	l1.add("EH-Managed");
  }
  Collections.sort(l1);
  return l1;
  </Source>
</Rule>