<?xml version='1.0' encoding='UTF-8'?>
<!DOCTYPE Rule PUBLIC "sailpoint.dtd" "sailpoint.dtd">
<Rule language="beanshell" name="EHCustomVendorCompanyRule">
  <Description>Allowed Values Rules are used by provisioning policies to determine the possible values of the policy fields.

    Note that an Attributes map of arguments from the current WorkflowContext is passed into the Allowed Values Rule. However, the contents of this map are dependent on the use case of the rule.  In the default case, the allowed value list is considered static.  The rule is evaluated when the form is constructed, and the form will retain that value for the life of the work item presenting the form.  In this case, all of the workflow variables are passed to the rule in the Attributes map.  In the "dynamic" case, the rule will be evaluated whenever the user interacts with the rule component, thereby allowing it to be sensitive to other fields that have been set in the form.  In the "dynamic" case, only the variables that were sent into the work item are passed to the rule in the Attributes map.</Description>
  <Signature returnType="Object">
    <Inputs>
      <Argument name="log">
        <Description>
          The log object associated with the SailPointContext.
        </Description>
      </Argument>
      <Argument name="context">
        <Description>
          A sailpoint.api.SailPointContext object that can be used to query the database if necessary.
        </Description>
      </Argument>
      <Argument name="identity">
        <Description>
          The Identity object being provisioned.
        </Description>
      </Argument>
      <Argument name="form">
        <Description>
          The Form object for the provisioning plan.
        </Description>
      </Argument>
      <Argument name="field">
        <Description>
          The Field object being analyzed.
        </Description>
      </Argument>
    </Inputs>
    <Returns>
      <Argument name="value">
        <Description>
          An Object (possibly a Collection) of the allowed values for the given
          field.
        </Description>
      </Argument>
    </Returns>
  </Signature>
  <Source>
  import sailpoint.object.*;
  import sailpoint.api.*;
  import java.sql.*;
  import java.io.*;
  import java.text.*;
  import java.util.*;

  List l1 = new ArrayList();
  String requestor = context.getUserName();

  System.out.println(requestor);


  Identity id = context.getObject(Identity.class, requestor);
  List workgroups = new ArrayList();
  workgroups = id.getWorkgroups();
  System.out.println(" wg name : "+ workgroups);
  Identity element = new Identity();

  if(workgroups!=null &amp;&amp; (!workgroups.isEmpty()))
  {
    Iterator iterator = workgroups.iterator();
    while(iterator.hasNext()){
      element =  iterator.next();
      System.out.println(element.getName());
    }
  }
  System.out.println("Element:: "+element);

  try{  

    System.out.println("Element name: "+element.getName());
    if(element != null &amp;&amp; element.getName() != null)
    {
      if((element.getName()).equals("CTS_Procurement Team"))
      {
        String query = "sql:select company_name from EH_SP_Custom_Vendor_Company where company_type = 'CTS-Managed' AND company_status = 'Active'";

        Iterator iteratorsql = context.search(query, null, null);
        while (iteratorsql.hasNext()) 
        {
          int i = 1;
          String count = iteratorsql.next();
          l1.add(count);

        }
      }
      else if((element.getName()).equals("EH_Procurement Team"))
      {
        String query = "sql:Select company_name from EH_SP_Custom_Vendor_Company where company_type = 'EH-Managed' AND company_status = 'Active'";
        Iterator iteratorsql = context.search(query, null, null);
        System.out.println("watt");
        while (iteratorsql.hasNext()) 
        {
          int i = 0;
          String count = iteratorsql.next();

          l1.add(count);
        }
      }
      else if((element.getName()).equals("EH_Helpdesk"))
      {
        String query = "sql:Select company_name from EH_SP_Custom_Vendor_Company where company_status = 'Active'";
        Iterator iteratorsql = context.search(query, null, null);
        System.out.println("watt");
        while (iteratorsql.hasNext()) 
        {
          int i = 0;
          String count = iteratorsql.next();

          l1.add(count);
        }
      }
      else
      {  HashMap args = new HashMap();
       args.put("vendor_relationship_manager",requestor);
       String query = "sql:Select company_name from EH_SP_Custom_Vendor_Company where vendor_relationship_manager= (:vendor_relationship_manager) AND company_status = 'Active'";
       Iterator iteratorsql = context.search(query, args, null);

       while (iteratorsql.hasNext()) 
       {
         int i = 0;
         String count = iteratorsql.next();

         l1.add(count);
       }
      }
    }
    else{
      HashMap args = new HashMap();
      args.put("vendor_relationship_manager",requestor);
      String query = "sql:Select company_name from EH_SP_Custom_Vendor_Company where vendor_relationship_manager= (:vendor_relationship_manager) AND company_status = 'Active'";
      Iterator iteratorsql = context.search(query, args, null);

      while (iteratorsql.hasNext()) 
      {
        int i = 0;
        String count = iteratorsql.next();

        l1.add(count);
      }
    }
  }
  catch(Exception e){ 
    System.out.println("Exception:::: "+e);} 

  Collections.sort(l1);
  return l1;</Source>
</Rule>