<?xml version='1.0' encoding='UTF-8'?>
<!DOCTYPE Rule PUBLIC "sailpoint.dtd" "sailpoint.dtd">
<Rule language="beanshell" name="EHCustomLocationRule" type="AllowedValues">
  <Description>Allowed Values Rules are used by provisioning policies to determine the possible values of the policy fields.

    Note that an Attributes map of arguments from the current WorkflowContext is passed into the Allowed Values Rule. However, the contents of this map are dependent on the use case of the rule.  In the default case, the allowed value list is considered static.  The rule is evaluated when the form is constructed, and the form will retain that value for the life of the work item presenting the form.  In this case, all of the workflow variables are passed to the rule in the Attributes map.  In the "dynamic" case, the rule will be evaluated whenever the user interacts with the rule component, thereby allowing it to be sensitive to other fields that have been set in the form.  In the "dynamic" case, only the variables that were sent into the work item are passed to the rule in the Attributes map.</Description>
  <Signature returnType="Object">
    <Inputs>
      <Argument name="log">
        <Description>
          The log object associated with the SailPointContext.
        </Description>
      </Argument>
      <Argument name="context">
        <Description>
          A sailpoint.api.SailPointContext object that can be used to query the database if necessary.
        </Description>
      </Argument>
      <Argument name="identity">
        <Description>
          The Identity object being provisioned.
        </Description>
      </Argument>
      <Argument name="form">
        <Description>
          The Form object for the provisioning plan.
        </Description>
      </Argument>
      <Argument name="field">
        <Description>
          The Field object being analyzed.
        </Description>
      </Argument>
    </Inputs>
    <Returns>
      <Argument name="value">
        <Description>
          An Object (possibly a Collection) of the allowed values for the given
          field.
        </Description>
      </Argument>
    </Returns>
  </Signature>
  <Source>

  import sailpoint.object.*;
  import java.text.ParseException;
  import java.util.ArrayList;
  import java.util.HashMap;
  import java.util.List;
  import java.util.Map;
  import java.util.Map.Entry;
  import java.util.Set; 

  Custom customobjcountry = context.getObjectByName(Custom.class,"EH_Custom_GenericAttributes");

  //Attributes atr= customobjcountry.getAttributes();

  //Map map = atr.getMap();
  Map map = customobjcountry.get("location");

  Set entrySet = map.entrySet();

  List finalList = new ArrayList();

  for(Entry entry : entrySet)
  {
    finalList.add(entry.getKey()+" - "+entry.getValue());
  }

  Collections.sort(finalList);
  return finalList; </Source>
</Rule>