<?xml version='1.0' encoding='UTF-8'?>
<!DOCTYPE Application PUBLIC "sailpoint.dtd" "sailpoint.dtd">
<Application connector="sailpoint.connector.ADLDAPConnector" featuresString="PROVISIONING, SYNC_PROVISIONING, AUTHENTICATE, MANAGER_LOOKUP, SEARCH, UNSTRUCTURED_TARGETS, UNLOCK, ENABLE, PASSWORD, CURRENT_PASSWORD" icon="directory1Icon" name="AD" type="Active Directory - Direct">
  <Attributes>
    <Map>
      <entry key="ExchHost">
        <value>
          <List>
            <String>10.32.120.124</String>
          </List>
        </value>
      </entry>
      <entry key="IQServiceHost" value="10.32.24.68"/>
      <entry key="IQServicePort" value="5050"/>
      <entry key="acctAggregationEnd">
        <value>
          <Date>1524122705755</Date>
        </value>
      </entry>
      <entry key="acctAggregationStart">
        <value>
          <Date>1524122416070</Date>
        </value>
      </entry>
      <entry key="afterProvisioningRule" value="EH_AD_AfterProvisioning_Rule"/>
      <entry key="authSearchAttributes">
        <value>
          <List>
            <String>sAMAccountName</String>
          </List>
        </value>
      </entry>
      <entry key="beforeProvisioningRule" value="EH_AD_BeforeProvisioning_Rule"/>
      <entry key="compositeDefinition"/>
      <entry key="deletedObjectsContainer" value="CN=Deleted Objects,DOMAIN"/>
      <entry key="deltaIterationMode" value="DEFAULT"/>
      <entry key="domainSettings">
        <value>
          <List>
            <Map>
              <entry key="authorizationType" value="simple"/>
              <entry key="domainDN" value="dc=emblem,dc=emblemhealth,dc=com"/>
              <entry key="domainNetBiosName"/>
              <entry key="password" value="2:KPprmkpmaoBt3Zmvht42Pw=="/>
              <entry key="port" value="636"/>
              <entry key="servers">
                <value>
                  <List>
                    <String>NYOSEHDC02.emblem.emblemhealth.com</String>
                  </List>
                </value>
              </entry>
              <entry key="useSSL">
                <value>
                  <Boolean>true</Boolean>
                </value>
              </entry>
              <entry key="user" value="emblem\s-iiqiqservice"/>
            </Map>
          </List>
        </value>
      </entry>
      <entry key="exchangeversion" value="2010"/>
      <entry key="forestAdmin"/>
      <entry key="forestAdminPassword"/>
      <entry key="forestGC"/>
      <entry key="group.searchDNs">
        <value>
          <List>
            <Map>
              <entry key="iterateSearchFilter"/>
              <entry key="searchDN" value="dc=emblem,dc=emblemhealth,dc=com"/>
              <entry key="searchScope" value="SUBTREE"/>
            </Map>
          </List>
        </value>
      </entry>
      <entry key="lyncAttributes" value="RegistrarPool,SipAddressType,SipAddress,SipDomain,msRTCSIP-UserEnabled"/>
      <entry key="manageLync">
        <value>
          <Boolean/>
        </value>
      </entry>
      <entry key="manageRecycleBin">
        <value>
          <Boolean/>
        </value>
      </entry>
      <entry key="nativeChangeDetectionAttributeScope" value="entitlements"/>
      <entry key="nativeChangeDetectionAttributes"/>
      <entry key="nativeChangeDetectionEnabled">
        <value>
          <Boolean/>
        </value>
      </entry>
      <entry key="nativeChangeDetectionOperations"/>
      <entry key="nativeRules">
        <value>
          <List>
            <String>EH_HomeDirectory_Powershell</String>
          </List>
        </value>
      </entry>
      <entry key="pageSize" value="100"/>
      <entry key="provisioningMaxRetries" value="3"/>
      <entry key="provisioningRetryThreshold" value="60"/>
      <entry key="referral" value="ignore"/>
      <entry key="retryableErrors">
        <value>
          <List>
            <String>Failed to connect to server</String>
            <String>Connection refused</String>
            <String>Unknown Host</String>
          </List>
        </value>
      </entry>
      <entry key="searchDNs">
        <value>
          <List>
            <Map>
              <entry key="groupMemberFilterString"/>
              <entry key="groupMembershipSearchDN" value="DC=EMBLEM,DC=EMBLEMHEALTH,DC=COM"/>
              <entry key="iterateSearchFilter" value="(&amp;(objectClass=person)(ObjectClass=user))"/>
              <entry key="primaryGroupSearchDN"/>
              <entry key="searchDN" value="OU=Employees,OU=Accounts,OU=CORP,DC=EMBLEM,DC=EMBLEMHEALTH,DC=COM"/>
              <entry key="searchScope" value="SUBTREE"/>
            </Map>
            <Map>
              <entry key="groupMemberFilterString"/>
              <entry key="groupMembershipSearchDN" value="DC=EMBLEM,DC=EMBLEMHEALTH,DC=COM"/>
              <entry key="iterateSearchFilter" value="(&amp;(objectClass=person)(ObjectClass=user))"/>
              <entry key="primaryGroupSearchDN"/>
              <entry key="searchDN" value="OU=Employees,OU=Accounts,OU=HIPA,DC=EMBLEM,DC=EMBLEMHEALTH,DC=COM"/>
              <entry key="searchScope" value="SUBTREE"/>
            </Map>
            <Map>
              <entry key="groupMemberFilterString"/>
              <entry key="groupMembershipSearchDN" value="DC=EMBLEM,DC=EMBLEMHEALTH,DC=COM"/>
              <entry key="iterateSearchFilter" value="(&amp;(objectClass=person)(ObjectClass=user))"/>
              <entry key="primaryGroupSearchDN"/>
              <entry key="searchDN" value="OU=Employees,OU=Accounts,OU=MEDICARE,DC=EMBLEM,DC=EMBLEMHEALTH,DC=COM"/>
              <entry key="searchScope" value="SUBTREE"/>
            </Map>
            <Map>
              <entry key="groupMemberFilterString"/>
              <entry key="groupMembershipSearchDN" value="DC=EMBLEM,DC=EMBLEMHEALTH,DC=COM"/>
              <entry key="iterateSearchFilter" value="(&amp;(objectClass=person)(ObjectClass=user))"/>
              <entry key="primaryGroupSearchDN"/>
              <entry key="searchDN" value="OU=Disabled,OU=Accounts,OU=CORP,DC=EMBLEM,DC=EMBLEMHEALTH,DC=COM"/>
              <entry key="searchScope" value="SUBTREE"/>
            </Map>
            <Map>
              <entry key="groupMemberFilterString"/>
              <entry key="groupMembershipSearchDN" value="DC=EMBLEM,DC=EMBLEMHEALTH,DC=COM"/>
              <entry key="iterateSearchFilter" value="(&amp;(objectClass=person)(ObjectClass=user))"/>
              <entry key="primaryGroupSearchDN"/>
              <entry key="searchDN" value="OU=Contractors,OU=Accounts,OU=CORP,DC=EMBLEM,DC=EMBLEMHEALTH,DC=COM"/>
              <entry key="searchScope" value="SUBTREE"/>
            </Map>
            <Map>
              <entry key="groupMemberFilterString"/>
              <entry key="groupMembershipSearchDN" value="DC=EMBLEM,DC=EMBLEMHEALTH,DC=COM"/>
              <entry key="iterateSearchFilter" value="(&amp;(objectClass=person)(ObjectClass=user))"/>
              <entry key="primaryGroupSearchDN"/>
              <entry key="searchDN" value="OU=Contractors,OU=Accounts,OU=HIPA,DC=EMBLEM,DC=EMBLEMHEALTH,DC=COM"/>
              <entry key="searchScope" value="SUBTREE"/>
            </Map>
            <Map>
              <entry key="groupMemberFilterString"/>
              <entry key="groupMembershipSearchDN" value="DC=EMBLEM,DC=EMBLEMHEALTH,DC=COM"/>
              <entry key="iterateSearchFilter" value="(&amp;(objectClass=person)(ObjectClass=user))"/>
              <entry key="primaryGroupSearchDN"/>
              <entry key="searchDN" value="OU=Disabled,OU=Accounts,OU=HIPA,DC=EMBLEM,DC=EMBLEMHEALTH,DC=COM"/>
              <entry key="searchScope" value="SUBTREE"/>
            </Map>
            <Map>
              <entry key="groupMemberFilterString"/>
              <entry key="groupMembershipSearchDN" value="DC=EMBLEM,DC=EMBLEMHEALTH,DC=COM"/>
              <entry key="iterateSearchFilter" value="(&amp;(objectClass=person)(ObjectClass=user))"/>
              <entry key="primaryGroupSearchDN"/>
              <entry key="searchDN" value="OU=Contractors,OU=Accounts,OU=MEDICARE,DC=EMBLEM,DC=EMBLEMHEALTH,DC=COM"/>
              <entry key="searchScope" value="SUBTREE"/>
            </Map>
            <Map>
              <entry key="groupMemberFilterString"/>
              <entry key="groupMembershipSearchDN" value="DC=EMBLEM,DC=EMBLEMHEALTH,DC=COM"/>
              <entry key="iterateSearchFilter" value="(&amp;(objectClass=person)(ObjectClass=user))"/>
              <entry key="primaryGroupSearchDN"/>
              <entry key="searchDN" value="OU=Disabled,OU=Accounts,OU=MEDICARE,DC=EMBLEM,DC=EMBLEMHEALTH,DC=COM"/>
              <entry key="searchScope" value="SUBTREE"/>
            </Map>
            <Map>
              <entry key="groupMemberFilterString"/>
              <entry key="groupMembershipSearchDN" value="DC=EMBLEM,DC=EMBLEMHEALTH,DC=COM"/>
              <entry key="iterateSearchFilter" value="(&amp;(objectClass=person)(ObjectClass=user))"/>
              <entry key="primaryGroupSearchDN"/>
              <entry key="searchDN" value="OU=Admin,OU=Accounts,OU=CORP,DC=EMBLEM,DC=EMBLEMHEALTH,DC=COM"/>
              <entry key="searchScope" value="SUBTREE"/>
            </Map>
            <Map>
              <entry key="groupMemberFilterString"/>
              <entry key="groupMembershipSearchDN" value="DC=EMBLEM,DC=EMBLEMHEALTH,DC=COM"/>
              <entry key="iterateSearchFilter" value="(&amp;(objectClass=person)(ObjectClass=user))"/>
              <entry key="primaryGroupSearchDN"/>
              <entry key="searchDN" value="OU=Admin,OU=Accounts,OU=HIPA,DC=EMBLEM,DC=EMBLEMHEALTH,DC=COM"/>
              <entry key="searchScope" value="SUBTREE"/>
            </Map>
            <Map>
              <entry key="groupMemberFilterString"/>
              <entry key="groupMembershipSearchDN" value="DC=EMBLEM,DC=EMBLEMHEALTH,DC=COM"/>
              <entry key="iterateSearchFilter" value="(&amp;(objectClass=person)(ObjectClass=user))"/>
              <entry key="primaryGroupSearchDN"/>
              <entry key="searchDN" value="OU=Admin,OU=Accounts,OU=MEDICARE,DC=EMBLEM,DC=EMBLEMHEALTH,DC=COM"/>
              <entry key="searchScope" value="SUBTREE"/>
            </Map>
            <Map>
              <entry key="groupMemberFilterString"/>
              <entry key="groupMembershipSearchDN" value="DC=EMBLEM,DC=EMBLEMHEALTH,DC=COM"/>
              <entry key="iterateSearchFilter" value="(&amp;(objectClass=person)(ObjectClass=user))"/>
              <entry key="primaryGroupSearchDN"/>
              <entry key="searchDN" value="OU=Service,OU=Accounts,OU=CORP,DC=EMBLEM,DC=EMBLEMHEALTH,DC=COM"/>
              <entry key="searchScope" value="SUBTREE"/>
            </Map>
            <Map>
              <entry key="groupMemberFilterString"/>
              <entry key="groupMembershipSearchDN" value="DC=EMBLEM,DC=EMBLEMHEALTH,DC=COM"/>
              <entry key="iterateSearchFilter" value="(&amp;(objectClass=person)(ObjectClass=user))"/>
              <entry key="primaryGroupSearchDN"/>
              <entry key="searchDN" value="OU=Service,OU=Accounts,OU=HIPA,DC=EMBLEM,DC=EMBLEMHEALTH,DC=COM"/>
              <entry key="searchScope" value="SUBTREE"/>
            </Map>
          </List>
        </value>
      </entry>
      <entry key="sysDescriptions">
        <value>
          <Map>
            <entry key="en_US"/>
          </Map>
        </value>
      </entry>
      <entry key="templateApplication" value="Active Directory Template"/>
      <entry key="useHasMoreElements" value="true"/>
      <entry key="useSSL" value="false"/>
      <entry key="userHasMoreElements" value="true"/>
    </Map>
  </Attributes>
  <CorrelationRule>
    <Reference class="sailpoint.object.Rule" name="EH_AD_Correlation_Rule"/>
  </CorrelationRule>
  <CustomizationRule>
    <Reference class="sailpoint.object.Rule" name="EH_AD_Customization_Rule"/>
  </CustomizationRule>
  <Owner>
    <Reference class="sailpoint.object.Identity" name="spadmin"/>
  </Owner>
  <PasswordPolicies>
    <PasswordPolicyHolder>
      <PolicyRef>
        <Reference class="sailpoint.object.PasswordPolicy" name="ADPassword"/>
      </PolicyRef>
    </PasswordPolicyHolder>
  </PasswordPolicies>
  <ProvisioningConfig deleteToDisable="true"/>
  <ProvisioningForms>
    <Form name="Account" objectType="account" type="Create">
      <Attributes>
        <Map>
          <entry key="pageTitle" value="Account"/>
        </Map>
      </Attributes>
      <Section label="Account" name="Account">
        <Field displayName="con_prov_policy_ad_objecttype" name="ObjectType" section="Account" type="string" value="user"/>
        <Field displayName="con_prov_policy_ad_sAMAccountName" helpKey="help_con_prov_policy_ad_sAMAccountName" name="sAMAccountName" section="Account" type="string">
          <RuleRef>
            <Reference class="sailpoint.object.Rule" name="EH_FieldValue_AD_CreatesAMAccountName"/>
          </RuleRef>
        </Field>
        <Field displayName="con_prov_policy_ad_password" helpKey="help_con_prov_policy_ad_password" name="password" section="Account" type="secret">
          <RuleRef>
            <Reference class="sailpoint.object.Rule" name="EH_FieldValue_AD_SetPassword"/>
          </RuleRef>
        </Field>
      </Section>
      <Section label="Account Restrictions" name="Account Restrictions">
        <Attributes>
          <Map>
            <entry key="subtitle" value="Account Restrictions"/>
          </Map>
        </Attributes>
        <Field displayName="accountExpires" helpKey="accountExpires" name="accountExpires" type="string">
          <Script>
            <Source>
              import sailpoint.object.*;
              import sailpoint.object.*;
              import java.text.SimpleDateFormat;
              import java.util.Date;
              String string_date = identity.getAttribute("enddate");
              if (string_date!=null) {
              SimpleDateFormat f = new SimpleDateFormat("MM/dd/yyyy");
              try {
              Date d = f.parse(string_date);
              Calendar c = Calendar.getInstance();
              c.setTime(d);
              c.add(Calendar.DATE, 1);
              Date time = c.getTime();
              log.error(time);
              long milliseconds = time.getTime();
              milliseconds = (milliseconds * 10000L) + 116444736000000000L;
              String dateInMillis =  String.valueOf(milliseconds);
              return dateInMillis;

              } catch (ParseException e) {
              e.printStackTrace();
              }
              }


            </Source>
          </Script>
        </Field>
        <Field displayName="userAccountControl" helpKey="userAccountControl" name="userAccountControl" type="string" value="512"/>
        <Field displayName="pwdLastSet" helpKey="pwdLastSet" name="pwdLastSet" type="boolean">
          <Script>
            <Source>
              Boolean value = true;
              return value;
            </Source>
          </Script>
        </Field>
      </Section>
      <Section label="Personal Information" name="Personal Information">
        <Attributes>
          <Map>
            <entry key="subtitle" value="Personal Information"/>
          </Map>
        </Attributes>
        <Field displayName="City" helpKey="City" name="l" type="string">
          <Script>
            <Source>
              String businessCity = identity.getAttribute("businessCity");
              return businessCity;
            </Source>
          </Script>
        </Field>
        <Field displayName="Country" helpKey="Country" name="c" type="string">
          <Script>
            <Source>
              String country = identity.getAttribute("country");
              return country;
            </Source>
          </Script>
        </Field>
        <Field displayName="Fax" helpKey="Fax" name="facsimileTelephoneNumber" type="string">
          <Script>
            <Source>
              String fax = identity.getAttribute("fax");
              return fax;
            </Source>
          </Script>
        </Field>
        <Field displayName="Mobile" helpKey="Mobile" name="mobile" type="string">
          <Script>
            <Source>
              String mobile = identity.getAttribute("mobile");
              return mobile;
            </Source>
          </Script>
        </Field>
        <Field displayName="Office Location" helpKey="Office Location" name="physicalDeliveryOfficeName" type="string">
          <Script>
            <Source>
              String location = identity.getAttribute("location");
              return location;
            </Source>
          </Script>
        </Field>
        <Field displayName="Postal Code" helpKey="Postal Code" name="postalCode" type="string">
          <Script>
            <Source>
              String businessZIP = identity.getAttribute("businessZIP");
              return businessZIP;
            </Source>
          </Script>
        </Field>
        <Field displayName="State or Province" helpKey="State or Province" name="st" type="string">
          <Script>
            <Source>
              String businessState = identity.getAttribute("businessState");
              return businessState;
            </Source>
          </Script>
        </Field>
        <Field displayName="Street Address" helpKey="Street Address" name="streetAddress" type="string">
          <Script>
            <Source>
              String businessAddress = identity.getAttribute("businessAddress");
              return businessAddress;
            </Source>
          </Script>
        </Field>
        <Field displayName="Telephone Number" helpKey="Telephone Number" name="telephoneNumber" type="string">
          <Script>
            <Source>
              String phone = identity.getAttribute("phone");
              return phone;
            </Source>
          </Script>
        </Field>
      </Section>
      <Section label="Public Information" name="Public Information">
        <Attributes>
          <Map>
            <entry key="subtitle" value="Public Information"/>
          </Map>
        </Attributes>
        <Field displayName="con_prov_policy_ad_distinguishedName" helpKey="help_con_prov_policy_ad_distinguishedName" name="distinguishedName" section="Account" type="string">
          <RuleRef>
            <Reference class="sailpoint.object.Rule" name="EH_FieldValue_AD_Create_DN"/>
          </RuleRef>
        </Field>
        <Field displayName="Company" helpKey="Company" name="company" type="string">
          <Script>
            <Source>
              String company = identity.getAttribute("company");
              return company;
            </Source>
          </Script>
        </Field>
        <Field displayName="Department" helpKey="Department" name="department" type="string">
          <Script>
            <Source>
              String department = identity.getAttribute("department");
              return department;
            </Source>
          </Script>
        </Field>
        <Field displayName="Department Number" helpKey="Department Number" name="departmentNumber" type="string">
          <Script>
            <Source>String departmentID = identity.getAttribute("departmentID");
              return departmentID;</Source>
          </Script>
        </Field>
        <Field displayName="con_prov_policy_ad_description" helpKey="help_con_prov_policy_ad_description" name="description" section="General" type="string">
          <Script>
            <Source>

              String descriptionVal="";
              descriptionVal = identity.getAttribute("descriptionVal");
              if (descriptionVal!=null) {
              return descriptionVal;
              } 


            </Source>
          </Script>
        </Field>
        <Field displayName="Division" helpKey="Division" name="division" type="string">
          <Script>
            <Source>String businessUnit = identity.getAttribute("businessUnit");
              return businessUnit;</Source>
          </Script>
        </Field>
        <Field displayName="con_prov_policy_ad_sn" helpKey="help_con_prov_policy_ad_sn" name="sn" section="General" type="string">
          <Script>
            <Source>return identity.getLastname();</Source>
          </Script>
        </Field>
        <Field displayName="con_prov_policy_ad_givenName" helpKey="help_con_prov_policy_ad_givenName" name="givenName" section="General" type="string">
          <Script>
            <Source>return identity.getFirstname();</Source>
          </Script>
        </Field>
        <Field displayName="middleName" helpKey="middleName" name="middleName" type="string">
          <Script>
            <Source>String middleName = identity.getAttribute("middleName");
              return middleName;</Source>
          </Script>
        </Field>
        <Field displayName="Manager" helpKey="Manager" name="manager" type="string">
          <RuleRef>
            <Reference class="sailpoint.object.Rule" name="EH_FieldValue_AD_GetManager"/>
          </RuleRef>
        </Field>
        <Field displayName="userPrincipalName" helpKey="userPrincipalName" name="userPrincipalName" type="string">
          <RuleRef>
            <Reference class="sailpoint.object.Rule" name="EH_FieldValue_AD_CreateUPN"/>
          </RuleRef>
        </Field>
        <Field displayName="Title" helpKey="Title" name="title" type="string">
          <Script>
            <Source>String jobtitle = identity.getAttribute("jobtitle");
              return jobtitle;</Source>
          </Script>
        </Field>
      </Section>
      <Section label="General Information" name="General Information">
        <Attributes>
          <Map>
            <entry key="subtitle" value="General Information"/>
          </Map>
        </Attributes>
        <Field displayName="Display Name" helpKey="Display Name" name="displayName" type="string">
          <RuleRef>
            <Reference class="sailpoint.object.Rule" name="EH_FieldValue_AD_Create_displayName"/>
          </RuleRef>
        </Field>
        <Field displayName="Employee ID" helpKey="Employee ID" name="employeeID" type="string">
          <Script>
            <Source>
              //String empId = identity.getAttribute("empId");
              String empId = identity.getName();
              return empId;
            </Source>
          </Script>
        </Field>
        <Field displayName="Employee Number" helpKey="Employee Number" name="employeeNumber" type="string">
          <Script>
            <Source>
              String userType = identity.getAttribute("employeeType");
              String empNumber;
              if(userType.equals("Cognizant Associate") || userType.equals("Vendor"))
              {
              empNumber = identity.getName();
              }
              else if(userType.equals("Employee")) 
              {
              empNumber = null;
              } 
              return empNumber;
            </Source>
          </Script>
        </Field>
        <Field displayName="Employee Type" helpKey="Employee Type" name="employeeType" type="string">
          <Script>
            <Source>
              String employeeType = identity.getAttribute("employeeType");
              String userType = identity.getAttribute("userType");              
              String adEmployeeType;

              if(employeeType.equals("Employee"))
              {
              adEmployeeType = userType;
              }
              else
              {
              adEmployeeType = null;
              }

              return adEmployeeType;

            </Source>
          </Script>
        </Field>
        <Field displayName="Room Number" helpKey="Room Number" name="roomNumber" type="string">
          <Script>
            <Source>String floor = identity.getAttribute("floor");
              return floor;</Source>
          </Script>
        </Field>
      </Section>
      <Section label="Logon Information" name="Logon Information">
        <Attributes>
          <Map>
            <entry key="subtitle" value="Logon Information"/>
          </Map>
        </Attributes>
        <Field displayName="Home Drive" helpKey="Home Drive" name="homeDrive" type="string"/>
        <Field displayName="Home Directory" helpKey="Home Directory" name="homeDirectory" type="string"/>
      </Section>
      <Section label="Microsoft Exchange" name="Microsoft Exchange">
        <Attributes>
          <Map>
            <entry key="subtitle" value="Microsoft Exchange"/>
          </Map>
        </Attributes>
        <Field displayName="homeMDB" helpKey="homeMDB" name="homeMDB" type="string">
          <Script>
            <Source>import sailpoint.object.Custom;

              Custom cusADObj = context.getObjectByName(Custom.class,"EH_Custom_AD_Objects");
              String homeMDB = cusADObj.get("HomeMDB");
              return homeMDB;</Source>
          </Script>
        </Field>
        <Field displayName="mailNickname" helpKey="mailNickname" name="mailNickname" type="string">
          <RuleRef>
            <Reference class="sailpoint.object.Rule" name="EH_FieldValue_AD_CreateMailNickName"/>
          </RuleRef>
        </Field>
        <Field displayName="msExchHideFromAddressLists" helpKey="msExchHideFromAddressLists" name="msExchHideFromAddressLists" type="string"/>
        <Field displayName="msExchHomeServerName" helpKey="msExchHomeServerName" name="msExchHomeServerName" type="string"/>
      </Section>
      <Section label="Group Membership" name="Group Membership">
        <Attributes>
          <Map>
            <entry key="subtitle" value="Group Membership"/>
          </Map>
        </Attributes>
        <Field displayName="memberOf" helpKey="memberOf" name="memberOf" type="string">
          <RuleRef>
            <Reference class="sailpoint.object.Rule" name="EH_FieldValue_AD_AssignGroups"/>
          </RuleRef>
        </Field>
      </Section>
      <Section label="Emblem Health Extd Attributes" name="Emblem Health Extd Attributes">
        <Attributes>
          <Map>
            <entry key="subtitle" value="Emblem Health Extd Attributes"/>
          </Map>
        </Attributes>
        <Field displayName="extensionAttribute2" helpKey="extensionAttribute2" name="extensionAttribute2" type="string">
          <Script>
            <Source>
              String unionCode = identity.getAttribute("unionCode");
              return unionCode;
            </Source>
          </Script>
        </Field>
        <Field displayName="extensionAttribute3" helpKey="extensionAttribute3" name="extensionAttribute3" type="string">
          <Script>
            <Source>
              String userType = identity.getAttribute("employeeType");
              String startdate;
              if(userType.equalsIgnoreCase("Cognizant Associate") || userType.equalsIgnoreCase("Vendor"))
              {
              startdate= null;
              }
              else if(userType.equals("Employee")) 
              {
              startdate = identity.getAttribute("startdate");
              } 
           
              return startdate;
            
            </Source>
          </Script>
        </Field>
        <Field displayName="extensionAttribute4" helpKey="extensionAttribute4" name="extensionAttribute4" type="string">
          <Script>
            <Source>
              String userType = identity.getAttribute("employeeType");
              String enddate;
              if(userType.equalsIgnoreCase("Cognizant Associate") || userType.equalsIgnoreCase("Vendor"))
              {
              enddate = null;
              }
              else if(userType.equals("Employee")) 
              {
              enddate = identity.getAttribute("enddate");
              } 
              return enddate;
              //return "Ended by IDM on: "+(new Date());
            </Source>
          </Script>
        </Field>
        <Field displayName="extensionAttribute5" helpKey="extensionAttribute5" name="extensionAttribute5" type="string">
          <Script>
            <Source>
              String userStatus = identity.getAttribute("userStatus");
              return userStatus;
            </Source>
          </Script>
        </Field>
        <Field displayName="extensionAttribute6" helpKey="extensionAttribute6" name="extensionAttribute6" type="string">
          <Script>
            <Source>
              String fullPartTime = identity.getAttribute("fullPartTime");
              return fullPartTime;
            </Source>
          </Script>
        </Field>
        <Field displayName="extensionAttribute7" helpKey="extensionAttribute7" name="extensionAttribute7" type="string">
          <Script>
            <Source>
              String jobFunction = identity.getAttribute("jobFunction");
              return jobFunction;
            </Source>
          </Script>
        </Field>
        <Field displayName="extensionAttribute8" helpKey="extensionAttribute8" name="extensionAttribute8" type="string">
          <Script>
            <Source>
              String division = identity.getAttribute("division");
              return division;
            </Source>
          </Script>
        </Field>
        <Field displayName="extensionAttribute9" helpKey="extensionAttribute9" name="extensionAttribute9" type="string">
          <Script>
            <Source>
              String empPrefName = identity.getAttribute("empPrefName");
              return empPrefName;
            </Source>
          </Script>
        </Field>
        <Field displayName="extensionAttribute10" helpKey="extensionAttribute10" name="extensionAttribute10" type="string">
          <Script>
            <Source>
              import sailpoint.object.Identity;

              String userType = identity.getAttribute("employeeType");
              Identity mgr = identity.getManager();
              String managerID;
              if(userType.equalsIgnoreCase("Cognizant Associate") || userType.equalsIgnoreCase("Vendor"))
              {
              managerID=null;
              }
              else if(userType.equals("Employee")) 
              {
              if(mgr!=null) 
              {
              managerID = mgr.getName();
              }
              else
              {
              managerID = null;
              }
              }
              return managerID;

            </Source>
          </Script>
        </Field>
        <Field displayName="extensionAttribute11" helpKey="extensionAttribute11" name="extensionAttribute11" type="string">
          <Script>
            <Source>
              import sailpoint.object.Identity;

              
              String userType = identity.getAttribute("employeeType");
              String managerName = identity.getAttribute("managerName");
              if(userType.equalsIgnoreCase("Cognizant Associate") || userType.equalsIgnoreCase("Vendor"))
              {
              managerName=null;
              }
              else if(userType.equals("Employee")) 
              {
              if(managerName!=null) 
              {
              managerName = managerName;
              }
              else
              {
              managerName = null;
              }
              }
           
              return managerName;
            </Source>
          </Script>
        </Field>
        <Field displayName="extensionAttribute12" helpKey="extensionAttribute12" name="extensionAttribute12" type="string">
          <Script>
            <Source>
              String userType = identity.getAttribute("employeeType");
              String ad_ou_userType;
              if(userType.equalsIgnoreCase("Cognizant Associate") || userType.equalsIgnoreCase("Vendor"))
              {
              ad_ou_userType="CORP-Contractors";
              }

              return ad_ou_userType;
            </Source>
          </Script>
        </Field>
        <Field displayName="extensionAttribute13" helpKey="extensionAttribute13" name="extensionAttribute13" type="string">
          <Script>
            <Source>
              String homeZIP = identity.getAttribute("homeZIP");
              return homeZIP;
            </Source>
          </Script>
        </Field>
        <Field displayName="extensionAttribute14" helpKey="extensionAttribute14" name="extensionAttribute14" type="string">
          <Script>
            <Source>
              String leadersofPeople = identity.getAttribute("leadersOfPeople");
              return leadersofPeople;
            </Source>
          </Script>
        </Field>
        <Field displayName="extensionAttribute15" helpKey="extensionAttribute15" name="extensionAttribute15" type="string">
          <Script>
            <Source>
              //String ctsEmployeeID = identity.getAttribute("ctsEmployeeID");
              String ctsEmployeeID = identity.getAttribute("ctsEmpID");
              return ctsEmployeeID;
            </Source>
          </Script>
        </Field>
      </Section>
    </Form>
    <Form name="Create Group" objectType="group" type="Create">
      <Attributes>
        <Map>
          <entry key="pageTitle" value="Create Group"/>
        </Map>
      </Attributes>
      <Section>
        <Field displayName="con_prov_policy_ad_distinguishedName_group" helpKey="help_con_prov_policy_ad_group_distinguishedName" name="distinguishedName" required="true" type="string"/>
        <Field displayName="con_prov_policy_ad_sAMAccountName" helpKey="help_con_prov_policy_ad_group_sAMAccountName" name="sAMAccountName" required="true" type="string"/>
      </Section>
    </Form>
    <Form name="Update Group" objectType="group" type="Update">
      <Attributes>
        <Map>
          <entry key="pageTitle" value="Update Group"/>
        </Map>
      </Attributes>
      <Section>
        <Field displayName="con_prov_policy_ad_GroupType" helpKey="help_con_prov_policy_ad_GroupType" name="GroupType" reviewRequired="true" type="string" value="Security">
          <AllowedValuesDefinition>
            <Value>
              <List>
                <String>Security</String>
                <String>Distribution</String>
              </List>
            </Value>
          </AllowedValuesDefinition>
        </Field>
        <Field displayName="con_prov_policy_ad_GroupScope" helpKey="help_con_prov_policy_ad_GroupScope" name="GroupScope" reviewRequired="true" type="string" value="Global">
          <AllowedValuesDefinition>
            <Value>
              <List>
                <String>Domain local</String>
                <String>Global</String>
                <String>Universal</String>
              </List>
            </Value>
          </AllowedValuesDefinition>
        </Field>
        <Field displayName="con_prov_policy_ad_description" helpKey="help_con_prov_policy_ad_group_description" name="description" reviewRequired="true" type="string"/>
        <Field displayName="con_prov_policy_ad_mailNickname" helpKey="help_con_prov_policy_ad_group_mailNickname" name="mailNickname" reviewRequired="true" type="string"/>
      </Section>
    </Form>
  </ProvisioningForms>
  <Schemas>
    <Schema displayAttribute="sAMAccountName" identityAttribute="distinguishedName" nativeObjectType="User" objectType="account">
      <AttributeDefinition name="businessCategory" type="string">
        <Description>business category</Description>
      </AttributeDefinition>
      <AttributeDefinition multi="true" name="carLicense" type="string">
        <Description>vehicle license or registration plate</Description>
      </AttributeDefinition>
      <AttributeDefinition name="cn" type="string">
        <Description>common name(s) for which the entity is known by</Description>
      </AttributeDefinition>
      <AttributeDefinition name="departmentNumber" type="string">
        <Description>identifies a department within an organization</Description>
      </AttributeDefinition>
      <AttributeDefinition name="description" type="string">
        <Description>descriptive information</Description>
      </AttributeDefinition>
      <AttributeDefinition name="destinationIndicator" type="string">
        <Description>destination indicator</Description>
      </AttributeDefinition>
      <AttributeDefinition name="displayName" type="string">
        <Description>preferred name to be used when displaying entries</Description>
      </AttributeDefinition>
      <AttributeDefinition name="distinguishedName" type="string">
        <Description>distinguished name for which the entity is known by</Description>
      </AttributeDefinition>
      <AttributeDefinition name="employeeNumber" type="string">
        <Description>numerically identifies an employee within an organization</Description>
      </AttributeDefinition>
      <AttributeDefinition name="employeeType" type="string">
        <Description>type of employment for a person</Description>
      </AttributeDefinition>
      <AttributeDefinition multi="true" name="facsimileTelephoneNumber" type="string">
        <Description>Facsimile (Fax) Telephone Number</Description>
      </AttributeDefinition>
      <AttributeDefinition name="givenName" type="string">
        <Description>first name(s) for which the entity is known by</Description>
      </AttributeDefinition>
      <AttributeDefinition name="homePhone" type="string">
        <Description>home telephone number</Description>
      </AttributeDefinition>
      <AttributeDefinition name="homePostalAddress" type="string">
        <Description>home postal address</Description>
      </AttributeDefinition>
      <AttributeDefinition name="initials" type="string">
        <Description>initials of some or all of names, but not the surname(s).</Description>
      </AttributeDefinition>
      <AttributeDefinition name="internationalISDNNumber" type="string">
        <Description>international ISDN number</Description>
      </AttributeDefinition>
      <AttributeDefinition name="l" type="string">
        <Description>city</Description>
      </AttributeDefinition>
      <AttributeDefinition name="mail" type="string">
        <Description>RFC822 Mailbox</Description>
      </AttributeDefinition>
      <AttributeDefinition name="manager" type="string">
        <Description>DN of manager</Description>
      </AttributeDefinition>
      <AttributeDefinition name="mobile" type="string">
        <Description>mobile telephone number</Description>
      </AttributeDefinition>
      <AttributeDefinition name="o" type="string">
        <Description>organization this object belongs to</Description>
      </AttributeDefinition>
      <AttributeDefinition multi="true" name="ou" type="string">
        <Description>organizational unit this object belongs to</Description>
      </AttributeDefinition>
      <AttributeDefinition name="pager" type="string">
        <Description>pager telephone number</Description>
      </AttributeDefinition>
      <AttributeDefinition name="physicalDeliveryOfficeName" type="string">
        <Description>Physical Delivery Office Name</Description>
      </AttributeDefinition>
      <AttributeDefinition name="postOfficeBox" type="string">
        <Description>Post Office Box</Description>
      </AttributeDefinition>
      <AttributeDefinition name="postalAddress" type="string">
        <Description>postal address</Description>
      </AttributeDefinition>
      <AttributeDefinition name="postalCode" type="string">
        <Description>postal code</Description>
      </AttributeDefinition>
      <AttributeDefinition name="preferredDeliveryMethod" type="string">
        <Description>preferred delivery method</Description>
      </AttributeDefinition>
      <AttributeDefinition name="preferredLanguage" type="string">
        <Description>preferred written or spoken language for a person</Description>
      </AttributeDefinition>
      <AttributeDefinition name="registeredAddress" type="string">
        <Description>registered postal address</Description>
      </AttributeDefinition>
      <AttributeDefinition name="roomNumber" type="string">
        <Description>room number</Description>
      </AttributeDefinition>
      <AttributeDefinition name="secretary" type="string">
        <Description>DN of secretary</Description>
      </AttributeDefinition>
      <AttributeDefinition name="seeAlso" type="string">
        <Description>DN of related object</Description>
      </AttributeDefinition>
      <AttributeDefinition name="sn" type="string">
        <Description>last (family) name(s) for which the entity is known by</Description>
      </AttributeDefinition>
      <AttributeDefinition name="st" type="string">
        <Description>state or province which this object resides in</Description>
      </AttributeDefinition>
      <AttributeDefinition name="streetAddress" type="string">
        <Description>street address of this object</Description>
      </AttributeDefinition>
      <AttributeDefinition name="telephoneNumber" type="string">
        <Description>Telephone Number</Description>
      </AttributeDefinition>
      <AttributeDefinition name="teletexTerminalIdentifier" type="string">
        <Description>Teletex Terminal Identifier</Description>
      </AttributeDefinition>
      <AttributeDefinition name="telexNumber" type="string">
        <Description>Telex Number</Description>
      </AttributeDefinition>
      <AttributeDefinition name="title" type="string">
        <Description>title associated with the entity</Description>
      </AttributeDefinition>
      <AttributeDefinition name="uid" type="string">
        <Description>user identifier</Description>
      </AttributeDefinition>
      <AttributeDefinition name="userPrincipalName" type="string">
        <Description>user principal name</Description>
      </AttributeDefinition>
      <AttributeDefinition multi="true" name="objectClass" type="string">
        <Description>object classes of the entity</Description>
      </AttributeDefinition>
      <AttributeDefinition entitlement="true" managed="true" multi="true" name="memberOf" schemaObjectType="group" type="string">
        <Description>Group Membership</Description>
      </AttributeDefinition>
      <AttributeDefinition name="objectSid" type="string">
        <Description>Windows Security Identifier</Description>
      </AttributeDefinition>
      <AttributeDefinition name="objectguid" type="string">
        <Description>Object globally unique identifier </Description>
      </AttributeDefinition>
      <AttributeDefinition name="sAMAccountName" type="string">
        <Description>sAMAccountName</Description>
      </AttributeDefinition>
      <AttributeDefinition name="primaryGroupID" type="string">
        <Description>RID of users primary group</Description>
      </AttributeDefinition>
      <AttributeDefinition name="primaryGroupDN" type="string">
        <Description>DN of users primary group</Description>
      </AttributeDefinition>
      <AttributeDefinition multi="true" name="accountFlags" type="string">
        <Description>List of the flags enabled on an account</Description>
      </AttributeDefinition>
      <AttributeDefinition name="department" type="string">
        <Description>User's department</Description>
      </AttributeDefinition>
      <AttributeDefinition multi="true" name="msNPCallingStationID" type="string">
        <Description>CallingStationID</Description>
      </AttributeDefinition>
      <AttributeDefinition multi="true" name="msRADIUSFramedRoute" type="string">
        <Description>Static Routes for Dial-In connection</Description>
      </AttributeDefinition>
      <AttributeDefinition name="msNPAllowDialin" type="string">
        <Description>Is dial-in allowed</Description>
      </AttributeDefinition>
      <AttributeDefinition name="msRADIUSCallbackNumber" type="string">
        <Description>Callback Number</Description>
      </AttributeDefinition>
      <AttributeDefinition name="msRADIUSFramedIPAddress" type="string">
        <Description>Define Static IP Address</Description>
      </AttributeDefinition>
      <AttributeDefinition name="mailNickname" type="string">
        <Description>Exchange Alias</Description>
      </AttributeDefinition>
      <AttributeDefinition name="homeMDB" type="string">
        <Description>Exchange Database</Description>
      </AttributeDefinition>
      <AttributeDefinition name="msExchHideFromAddressLists" type="string">
        <Description>Hide from Exchange address lists</Description>
      </AttributeDefinition>
      <AttributeDefinition name="msRTCSIP-UserEnabled" type="string">
        <Description>User enabled for Skype for Business Server</Description>
      </AttributeDefinition>
      <AttributeDefinition name="SipAddress" type="string">
        <Description>Skype for Business sipAddress</Description>
      </AttributeDefinition>
      <AttributeDefinition name="RegistrarPool" type="string">
        <Description>Skype for Business Registrar pool</Description>
      </AttributeDefinition>
      <AttributeDefinition name="LyncPinSet" type="string">
        <Description>Skype for Business user pin set status</Description>
      </AttributeDefinition>
      <AttributeDefinition name="LyncPinLockedOut" type="string">
        <Description>Skype for Business user pin lock status</Description>
      </AttributeDefinition>
      <AttributeDefinition name="msDS-PrincipalName" type="string">
        <Description>Name of the entity in the format "NetBIOS domain name\sAMAccountName"</Description>
      </AttributeDefinition>
      <AttributeDefinition name="employeeID" type="string">
        <Description>employeeID</Description>
      </AttributeDefinition>
      <AttributeDefinition name="name" type="string">
        <Description>name</Description>
      </AttributeDefinition>
      <AttributeDefinition name="homeDirectory" type="string">
        <Description>homeDirectory</Description>
      </AttributeDefinition>
      <AttributeDefinition name="homeDrive" type="string">
        <Description>homeDrive</Description>
      </AttributeDefinition>
      <AttributeDefinition name="division" type="string">
        <Description>division</Description>
      </AttributeDefinition>
      <AttributeDefinition name="extensionattribute12" type="string">
        <Description>extensionattribute12</Description>
      </AttributeDefinition>
      <AttributeDefinition name="extensionAttribute2" type="string">
        <Description>extensionAttribute2</Description>
      </AttributeDefinition>
      <AttributeDefinition name="extensionAttribute3" type="string">
        <Description>extensionAttribute3</Description>
      </AttributeDefinition>
      <AttributeDefinition name="extensionAttribute4" type="string">
        <Description>extensionAttribute4</Description>
      </AttributeDefinition>
      <AttributeDefinition name="extensionAttribute5" type="string">
        <Description>extensionAttribute5</Description>
      </AttributeDefinition>
      <AttributeDefinition name="extensionAttribute6" type="string">
        <Description>extensionAttribute6</Description>
      </AttributeDefinition>
      <AttributeDefinition name="extensionAttribute7" type="string">
        <Description>extensionAttribute7</Description>
      </AttributeDefinition>
      <AttributeDefinition name="extensionAttribute8" type="string">
        <Description>extensionAttribute8</Description>
      </AttributeDefinition>
      <AttributeDefinition name="extensionAttribute9" type="string">
        <Description>extensionAttribute9</Description>
      </AttributeDefinition>
      <AttributeDefinition name="extensionAttribute10" type="string">
        <Description>extensionAttribute10</Description>
      </AttributeDefinition>
      <AttributeDefinition name="extensionAttribute11" type="string">
        <Description>extensionAttribute11</Description>
      </AttributeDefinition>
      <AttributeDefinition name="extensionAttribute13" type="string">
        <Description>extensionAttribute13</Description>
      </AttributeDefinition>
      <AttributeDefinition name="extensionAttribute14" type="string">
        <Description>extensionAttribute14</Description>
      </AttributeDefinition>
      <AttributeDefinition name="extensionAttribute15" type="string">
        <Description>extensionAttribute15</Description>
      </AttributeDefinition>
      <AttributeDefinition name="accountExpires" type="string">
        <Description>accountExpires</Description>
      </AttributeDefinition>
      <AttributeDefinition name="userAccountControl" type="string">
        <Description>userAccountControl</Description>
      </AttributeDefinition>
      <AttributeDefinition name="pwdLastSet" type="string">
        <Description>pwdLastSet</Description>
      </AttributeDefinition>
      <AttributeDefinition name="whenCreated" type="string">
        <Description>whenCreated</Description>
      </AttributeDefinition>
      <AttributeDefinition name="lastlogonTimestamp" type="string">
        <Description>lastlogonTimestamp</Description>
      </AttributeDefinition>
      <AttributeDefinition name="Exch_EmailAddresses" type="string">
        <Description>Exch_EmailAddresses</Description>
      </AttributeDefinition>
      <AttributeDefinition name="c" type="string"/>
      <AttributeDefinition name="middleName" type="string"/>
      <AttributeDefinition name="company" type="string"/>
      <AttributeDefinition name="Exch_ExternalEmailAddress" type="string">
        <Description>Exch_ExternalEmailAddress</Description>
      </AttributeDefinition>
      <AttributeDefinition name="co" type="string">
        <Description>country description</Description>
      </AttributeDefinition>
      <AttributeDefinition name="lockoutTime" type="string">
        <Description>lockoutTime</Description>
      </AttributeDefinition>
      <AttributeDefinition name="extensionAttribute1" type="string">
        <Description>extensionAttribute1</Description>
      </AttributeDefinition>
    </Schema>
    <Schema displayAttribute="sAMAccountName" featuresString="PROVISIONING, GROUPS_HAVE_MEMBERS" hierarchyAttribute="memberOf" identityAttribute="distinguishedName" nativeObjectType="Group" objectType="group">
      <AttributeDefinition name="cn" type="string">
        <Description>common name(s) for which the entity is known by</Description>
      </AttributeDefinition>
      <AttributeDefinition name="distinguishedName" type="string">
        <Description>distinguished name for which the entity is known by</Description>
      </AttributeDefinition>
      <AttributeDefinition name="owner" type="string">
        <Description>owner (of the object)</Description>
      </AttributeDefinition>
      <AttributeDefinition name="description" type="string">
        <Description>descriptive information</Description>
      </AttributeDefinition>
      <AttributeDefinition entitlement="true" multi="true" name="memberOf" type="string">
        <Description>Group Membership</Description>
      </AttributeDefinition>
      <AttributeDefinition name="objectSid" type="string">
        <Description>Windows Security Identifier</Description>
      </AttributeDefinition>
      <AttributeDefinition name="objectguid" type="string">
        <Description>Object globally unique identifier </Description>
      </AttributeDefinition>
      <AttributeDefinition name="mailNickname" type="string">
        <Description>Exchange Distribution Group Name</Description>
      </AttributeDefinition>
      <AttributeDefinition name="GroupType" type="string">
        <Description>Group Type</Description>
      </AttributeDefinition>
      <AttributeDefinition name="GroupScope" type="string">
        <Description>Group Scope</Description>
      </AttributeDefinition>
      <AttributeDefinition name="sAMAccountName" type="string">
        <Description>sAMAccountName</Description>
      </AttributeDefinition>
      <AttributeDefinition name="msDS-PrincipalName" type="string">
        <Description>Name of the entity in the format "NetBIOS domain name\sAMAccountName"</Description>
      </AttributeDefinition>
      <Attributes>
        <Map>
          <entry key="groupMemberAttribute" value="member"/>
        </Map>
      </Attributes>
    </Schema>
  </Schemas>
  <ApplicationScorecard/>
</Application>