<?xml version='1.0' encoding='UTF-8'?>
<!DOCTYPE Application PUBLIC "sailpoint.dtd" "sailpoint.dtd">
<Application authoritative="true" connector="sailpoint.connector.DelimitedFileConnector" featuresString="DIRECT_PERMISSIONS, NO_RANDOM_ACCESS, DISCOVER_SCHEMA" icon="enterpriseIcon" name="EHPMO_HR" type="DelimitedFile">
  <Attributes>
    <Map>
      <entry key="acctAggregationEnd">
        <value>
          <Date>1524042285054</Date>
        </value>
      </entry>
      <entry key="acctAggregationStart">
        <value>
          <Date>1524041211934</Date>
        </value>
      </entry>
      <entry key="buildMapRule" value="EH_EHPMO_HR_BuildMapRule_Ongoing"/>
      <entry key="compositeDefinition"/>
      <entry key="delimiter" value=","/>
      <entry key="file" value="/apphome/sailpoint/CSVFILES/INPUT/EHPMO_HR/PMOFEED.csv"/>
      <entry key="filetransport" value="local"/>
      <entry key="filterEmptyRecords">
        <value>
          <Boolean>true</Boolean>
        </value>
      </entry>
      <entry key="filterString" value="CTS Emp ID == null || CTS Emp ID == 0 || First Name == null || Last Name == null || External Email == null || EH Start Date == null || EH Planned End Date == null || Status == null || Status != &quot;P&quot; &amp;&amp; Status != &quot;T&quot;"/>
      <entry key="group.filetransport" value="local"/>
      <entry key="group.filterEmptyRecords">
        <value>
          <Boolean>true</Boolean>
        </value>
      </entry>
      <entry key="group.partitionMode" value="auto"/>
      <entry key="hasHeader">
        <value>
          <Boolean>true</Boolean>
        </value>
      </entry>
      <entry key="isCaseInsensitiveMerge">
        <value>
          <Boolean/>
        </value>
      </entry>
      <entry key="isSortedByIndexColumn">
        <value>
          <Boolean/>
        </value>
      </entry>
      <entry key="managerCorrelationFilter">
        <value>
          <Filter operation="EQ" property="networkID" value="Manager"/>
        </value>
      </entry>
      <entry key="mergeRows">
        <value>
          <Boolean/>
        </value>
      </entry>
      <entry key="nativeChangeDetectionAttributeScope" value="entitlements"/>
      <entry key="nativeChangeDetectionAttributes"/>
      <entry key="nativeChangeDetectionEnabled">
        <value>
          <Boolean/>
        </value>
      </entry>
      <entry key="nativeChangeDetectionOperations"/>
      <entry key="parseType" value="delimited"/>
      <entry key="partitionMode" value="auto"/>
      <entry key="preIterateRule" value="EH_EHPMO_HR_PreiterateRule_Ongoing"/>
      <entry key="stopIfLineHasWrongColumnLength">
        <value>
          <Boolean/>
        </value>
      </entry>
      <entry key="sysDescriptions">
        <value>
          <Map>
            <entry key="en_US"/>
          </Map>
        </value>
      </entry>
      <entry key="templateApplication" value="DelimitedFile Template"/>
      <entry key="transportUser" value="spadmin"/>
      <entry key="transportUserPassword" value="1:p+qvPBo4Rig8PYlNWbr3Zg=="/>
    </Map>
  </Attributes>
  <CreationRule>
    <Reference class="sailpoint.object.Rule" name="EH_EHPMO_HR_CreationRule"/>
  </CreationRule>
  <Owner>
    <Reference class="sailpoint.object.Identity" name="spadmin"/>
  </Owner>
  <Schemas>
    <Schema displayAttribute="Vendor ID" identityAttribute="CTS Emp ID" nativeObjectType="account" objectType="account" permissionsRemediationModificationType="None">
      <AttributeDefinition name="CTS Emp ID" type="string"/>
      <AttributeDefinition name="EH Emp ID" type="string"/>
      <AttributeDefinition name="First Name" type="string"/>
      <AttributeDefinition name="Last Name" type="string"/>
      <AttributeDefinition name="EH Network ID" type="string"/>
      <AttributeDefinition name="External Email" type="string"/>
      <AttributeDefinition name="Company" type="string"/>
      <AttributeDefinition name="Tower" type="string"/>
      <AttributeDefinition name="DOB" type="string"/>
      <AttributeDefinition name="Description" type="string"/>
      <AttributeDefinition name="Manager" type="string"/>
      <AttributeDefinition name="External Phone Number" type="string"/>
      <AttributeDefinition name="Country Code(IN/US)" type="string"/>
      <AttributeDefinition name="Location" type="string"/>
      <AttributeDefinition multi="true" name="Apps access" type="string"/>
      <AttributeDefinition name="EH Start Date" type="string"/>
      <AttributeDefinition name="EH Planned End Date" type="string"/>
      <AttributeDefinition name="Status" type="string"/>
      <AttributeDefinition name="Vendor ID" type="string"/>
      <AttributeDefinition name="ssn" type="string"/>
      <AttributeDefinition name="source" type="string"/>
      <AttributeDefinition name="employeeType" type="string"/>
      <AttributeDefinition name="employeeStatus" type="string"/>
      <AttributeDefinition name="offshoreEmp" type="string"/>
      <AttributeDefinition name="userStatus" type="string"/>
      <AttributeDefinition name="ProjectID" type="string"/>
    </Schema>
  </Schemas>
  <ApplicationScorecard/>
</Application>