<?xml version='1.0' encoding='UTF-8'?>
<!DOCTYPE Application PUBLIC "sailpoint.dtd" "sailpoint.dtd">
<Application connector="sailpoint.connector.DelimitedFileConnector" featuresString="DIRECT_PERMISSIONS, NO_RANDOM_ACCESS, DISCOVER_SCHEMA" icon="enterpriseIcon" name="Fastrak Production" type="DelimitedFile">
  <Attributes>
    <Map>
      <entry key="acctAggregationEnd">
        <value>
          <Date>1524056530833</Date>
        </value>
      </entry>
      <entry key="acctAggregationStart">
        <value>
          <Date>1524056400241</Date>
        </value>
      </entry>
      <entry key="buildMapRule" value="EH_Fastrak_BuildMapRule"/>
      <entry key="compositeDefinition"/>
      <entry key="delimiter" value=","/>
      <entry key="file" value="/apphome/sailpoint/CSVFILES/INPUT/FASTRAK/FASTRAK_EXTR.CSV"/>
      <entry key="filetransport" value="local"/>
      <entry key="filterEmptyRecords">
        <value>
          <Boolean>true</Boolean>
        </value>
      </entry>
      <entry key="filterString" value="T0 COMPNO COMPANY NUMBER==null || T0 COMPNO COMPANY NUMBER==&quot;&quot; || T0 TMOPNM TERM OPER NAME==null || T0 TMOPNM TERM OPER NAME==&quot;&quot;|| T0 RGUNNO UNIT NUMBER ==null || T0 RGUNNO UNIT NUMBER ==&quot;&quot; || T0 TJOBCL JOB CLASS==null || T0 TJOBCL JOB CLASS==&quot;&quot; ||T0 RVOKDT REVOKE DATE==null || T0 RVOKDT REVOKE DATE==&quot;&quot;|| T0 TMOPID TERM OPER ID== null || T0 USERID SECURITY ID==null ||T0 TMOPID TERM OPER ID== &quot;&quot; || T0 USERID SECURITY ID==&quot;&quot;"/>
      <entry key="group.filetransport" value="local"/>
      <entry key="group.filterEmptyRecords">
        <value>
          <Boolean>true</Boolean>
        </value>
      </entry>
      <entry key="group.partitionMode" value="auto"/>
      <entry key="hasHeader">
        <value>
          <Boolean>true</Boolean>
        </value>
      </entry>
      <entry key="isCaseInsensitiveMerge">
        <value>
          <Boolean/>
        </value>
      </entry>
      <entry key="isSortedByIndexColumn">
        <value>
          <Boolean/>
        </value>
      </entry>
      <entry key="mergeRows">
        <value>
          <Boolean/>
        </value>
      </entry>
      <entry key="nativeChangeDetectionAttributeScope" value="entitlements"/>
      <entry key="nativeChangeDetectionAttributes"/>
      <entry key="nativeChangeDetectionEnabled">
        <value>
          <Boolean/>
        </value>
      </entry>
      <entry key="nativeChangeDetectionOperations"/>
      <entry key="parseType" value="delimited"/>
      <entry key="partitionMode" value="auto"/>
      <entry key="preIterateRule" value="EH_Fastrak_PreiterateRule"/>
      <entry key="stopIfLineHasWrongColumnLength">
        <value>
          <Boolean/>
        </value>
      </entry>
      <entry key="sysDescriptions">
        <value>
          <Map>
            <entry key="en_US"/>
          </Map>
        </value>
      </entry>
      <entry key="templateApplication" value="DelimitedFile Template"/>
      <entry key="transportUser" value="spadmin"/>
      <entry key="transportUserPassword" value="1:p+qvPBo4Rig8PYlNWbr3Zg=="/>
    </Map>
  </Attributes>
  <CorrelationRule>
    <Reference class="sailpoint.object.Rule" name="EH_Fastrak_CorrelationRule"/>
  </CorrelationRule>
  <ManagedAttributeCustomizationRule>
    <Reference class="sailpoint.object.Rule" name="EH_SOX_Customization_Rule"/>
  </ManagedAttributeCustomizationRule>
  <Owner>
    <Reference class="sailpoint.object.Identity" name="spadmin"/>
  </Owner>
  <Schemas>
    <Schema displayAttribute="OPR RACF" identityAttribute="OPR RACF" nativeObjectType="account" objectType="account" permissionsRemediationModificationType="None">
      <AttributeDefinition name="T0 COMPNO COMPANY NUMBER" type="string"/>
      <AttributeDefinition name="T0 RECTP1 RECORD TYPE" type="string"/>
      <AttributeDefinition name="T0 TMOPID TERM OPER ID" type="string"/>
      <AttributeDefinition name="T0 LUPGDT LAST UPDATE GDATE" type="string"/>
      <AttributeDefinition name="T0 USERID SECURITY ID" type="string"/>
      <AttributeDefinition name="T0 RVOKCT REVOKE COUNT" type="string"/>
      <AttributeDefinition name="T0 TMOPNM TERM OPER NAME" type="string"/>
      <AttributeDefinition name="T0 RGUNNO UNIT NUMBER" type="string"/>
      <AttributeDefinition name="T0 TJOBCL JOB CLASS" type="string"/>
      <AttributeDefinition name="T0 TMRGAA REG ADD AUTH" type="string"/>
      <AttributeDefinition name="T0 TMRGCA REG CHG AUTH" type="string"/>
      <AttributeDefinition name="T0 TMRGSA REG SPLIT AUTH" type="string"/>
      <AttributeDefinition name="T0 TMINCA CLAIM INIT AUTH" type="string"/>
      <AttributeDefinition name="T0 TMMMDA MAJ MED AUTH" type="string"/>
      <AttributeDefinition name="T0 TMLTDA LTD AUTH" type="string"/>
      <AttributeDefinition name="T0 TMMCLA MANUAL CALC AUTH" type="string"/>
      <AttributeDefinition name="T0 TMSTDA STD AUTH" type="string"/>
      <AttributeDefinition name="T0 TMPPLA POL PLAN AUTH" type="string"/>
      <AttributeDefinition name="T0 TMDNTA DENTAL AUTH" type="string"/>
      <AttributeDefinition name="T0 TMQLCA QUAL CONTROL AUTH" type="string"/>
      <AttributeDefinition name="T0 TMADJA ADJUSTMENT AUTH" type="string"/>
      <AttributeDefinition name="T0 TMHSOA HISTORY ONLY AUTH" type="string"/>
      <AttributeDefinition name="T0 TMRGIA REG INQUIRY AUTH" type="string"/>
      <AttributeDefinition name="T0 TMCHSA CLM HIST INQ AUTH" type="string"/>
      <AttributeDefinition name="T0 TMDRYA DIARY AUTH" type="string"/>
      <AttributeDefinition name="T0 TMPRVA PROV PROC AUTH" type="string"/>
      <AttributeDefinition name="T0 TMELGA ELIG PROC AUTH" type="string"/>
      <AttributeDefinition name="T0 TMSCTA SYS CONTROL AUTH" type="string"/>
      <AttributeDefinition name="T0 TMTOAA TERM OPER AUTH" type="string"/>
      <AttributeDefinition name="T0 TMLFMA LETTER F M AUTH" type="string"/>
      <AttributeDefinition name="T0 TMRHDA RPT HDG F M AUTH" type="string"/>
      <AttributeDefinition name="T0 TMSCDA SCHED F M AUTH" type="string"/>
      <AttributeDefinition name="T0 TMRMKA REMARKS F M AUTH" type="string"/>
      <AttributeDefinition name="T0 TMEEAD EMP ADDR AUTH" type="string"/>
      <AttributeDefinition name="T0 TMEEAP CLMT ALT PAY AUTH" type="string"/>
      <AttributeDefinition name="T0 TMELAD ELI ADDR AUTH" type="string"/>
      <AttributeDefinition name="T0 TMELCL EL CLMT ADD AUTH" type="string"/>
      <AttributeDefinition name="T0 TMCIPV CLAIM PROV AUTH" type="string"/>
      <AttributeDefinition name="T0 TMBADJ BATCH ADJ AUTH" type="string"/>
      <AttributeDefinition name="T0 TMLCNA LOG CNTL NUMS AUTH" type="string"/>
      <AttributeDefinition name="T0 TMBTSQ BATCH SEQ REQ" type="string"/>
      <AttributeDefinition name="T0 TMELUC ELIG UCOVR AUTH" type="string"/>
      <AttributeDefinition name="T0 TMOEIN ONLY EXCEPT IND" type="string"/>
      <AttributeDefinition name="T0 TMGRPA GROUP AUTHORITY" type="string"/>
      <AttributeDefinition name="TMOEDA ONLY EXC DIV AUTH" type="string"/>
      <AttributeDefinition name="T0 RVOKDT REVOKE DATE" type="string"/>
      <AttributeDefinition name="T0 RVOKTM REVOKE TIME" type="string"/>
      <AttributeDefinition name="T0 TMOEDG ONLY EXC DIV GROUP1" type="string"/>
      <AttributeDefinition name="T0 TMOEDI ONLY EXC DIV IND1" type="string"/>
      <AttributeDefinition name="T0 TMOEDG ONLY EXC DIV GROUP2" type="string"/>
      <AttributeDefinition name="T0 TMOEDI ONLY EXC DIV IND2" type="string"/>
      <AttributeDefinition name="T0 TMOEDG ONLY EXC DIV GROUP3" type="string"/>
      <AttributeDefinition name="T0 TMOEDI ONLY EXC DIV IND3" type="string"/>
      <AttributeDefinition name="T0 TMOEDG ONLY EXC DIV GROUP4" type="string"/>
      <AttributeDefinition name="T0 TMOEDI ONLY EXC DIV IND4" type="string"/>
      <AttributeDefinition name="T0 TMOEDG ONLY EXC DIV GROUP5" type="string"/>
      <AttributeDefinition name="T0 TMOEDI ONLY EXC DIV IND5" type="string"/>
      <AttributeDefinition name="T0 TMAJML ADJUST PYMT LMT" type="string"/>
      <AttributeDefinition name="T0 TMDTPL DENTAL PYMT LMT" type="string"/>
      <AttributeDefinition name="T0 TMDTDL DENTAL DNL LMT" type="string"/>
      <AttributeDefinition name="Status" type="string"/>
      <AttributeDefinition entitlement="true" managed="true" multi="true" name="Profile Code" type="string"/>
      <AttributeDefinition name="OPR RACF" type="string"/>
      <AttributeDefinition name="Probable Profile Codes" type="string"/>
    </Schema>
  </Schemas>
  <ApplicationScorecard/>
</Application>