<?xml version='1.0' encoding='UTF-8'?>
<!DOCTYPE Application PUBLIC "sailpoint.dtd" "sailpoint.dtd">
<Application connector="sailpoint.connector.DelimitedFileConnector" featuresString="DIRECT_PERMISSIONS, NO_RANDOM_ACCESS, DISCOVER_SCHEMA" icon="enterpriseIcon" name="HCS Production" type="DelimitedFile">
  <Attributes>
    <Map>
      <entry key="acctAggregationEnd">
        <value>
          <Date>1524055987457</Date>
        </value>
      </entry>
      <entry key="acctAggregationStart">
        <value>
          <Date>1524055800277</Date>
        </value>
      </entry>
      <entry key="buildMapRule" value="EH_HCS_BuildMapRule"/>
      <entry key="compositeDefinition"/>
      <entry key="delimiter" value=","/>
      <entry key="file" value="/apphome/sailpoint/CSVFILES/INPUT/HCS/HCS_EXTR.CSV"/>
      <entry key="filetransport" value="local"/>
      <entry key="filterEmptyRecords">
        <value>
          <Boolean>true</Boolean>
        </value>
      </entry>
      <entry key="filterString" value="SEC NAME==null || SEC NAME==&quot;&quot;|| SEC TERMINATION DATE==null || SEC TERMINATION DATE==&quot;&quot;|| SEC IE IND==null || SEC IE IND==&quot;&quot; ||SEC DEPARTMENT GROUP==null|| SEC DEPARTMENT GROUP==&quot;&quot; || SEC OPER ID== null || SEC OPER ID==&quot;&quot;||SEC USER SIGNON== null || SEC USER SIGNON==&quot;&quot;||SEC STATUS== null || SEC STATUS==&quot;&quot;"/>
      <entry key="group.filetransport" value="local"/>
      <entry key="group.filterEmptyRecords">
        <value>
          <Boolean>true</Boolean>
        </value>
      </entry>
      <entry key="group.partitionMode" value="auto"/>
      <entry key="hasHeader">
        <value>
          <Boolean>true</Boolean>
        </value>
      </entry>
      <entry key="isCaseInsensitiveMerge">
        <value>
          <Boolean/>
        </value>
      </entry>
      <entry key="isSortedByIndexColumn">
        <value>
          <Boolean/>
        </value>
      </entry>
      <entry key="mergeRows">
        <value>
          <Boolean/>
        </value>
      </entry>
      <entry key="nativeChangeDetectionAttributeScope" value="entitlements"/>
      <entry key="nativeChangeDetectionAttributes"/>
      <entry key="nativeChangeDetectionEnabled">
        <value>
          <Boolean/>
        </value>
      </entry>
      <entry key="nativeChangeDetectionOperations"/>
      <entry key="parseType" value="delimited"/>
      <entry key="partitionMode" value="auto"/>
      <entry key="preIterateRule" value="EH_HCS_PreiterateRule"/>
      <entry key="stopIfLineHasWrongColumnLength">
        <value>
          <Boolean/>
        </value>
      </entry>
      <entry key="sysDescriptions">
        <value>
          <Map>
            <entry key="en_US"/>
          </Map>
        </value>
      </entry>
      <entry key="templateApplication" value="DelimitedFile Template"/>
      <entry key="transportUser" value="spadmin"/>
      <entry key="transportUserPassword" value="1:p+qvPBo4Rig8PYlNWbr3Zg=="/>
    </Map>
  </Attributes>
  <CorrelationRule>
    <Reference class="sailpoint.object.Rule" name="EH_HCS_CorrelationRule"/>
  </CorrelationRule>
  <ManagedAttributeCustomizationRule>
    <Reference class="sailpoint.object.Rule" name="EH_SOX_Customization_Rule"/>
  </ManagedAttributeCustomizationRule>
  <Owner>
    <Reference class="sailpoint.object.Identity" name="spadmin"/>
  </Owner>
  <Schemas>
    <Schema displayAttribute="OPR RACF" identityAttribute="OPR RACF" nativeObjectType="account" objectType="account" permissionsRemediationModificationType="None">
      <AttributeDefinition name="SEC OPER ID" type="string"/>
      <AttributeDefinition name="SEC BYPASS" type="string"/>
      <AttributeDefinition name="SEC CLAIM ENTRY FLAG" type="string"/>
      <AttributeDefinition name="SEC SERVICE INQ FLAG" type="string"/>
      <AttributeDefinition name="SEC HIST SALV DED INQ FLAG" type="string"/>
      <AttributeDefinition name="SEC BATCH CONTROL FLAG" type="string"/>
      <AttributeDefinition name="SEC PATIENT UPDATE FLAG" type="string"/>
      <AttributeDefinition name="SEC PROV UPDATE FLAG" type="string"/>
      <AttributeDefinition name="SEC SUBSCRBR INQ FLAG" type="string"/>
      <AttributeDefinition name="SEC HIP FLAG" type="string"/>
      <AttributeDefinition name="SEC SALVAGE CORR FLAG" type="string"/>
      <AttributeDefinition name="SEC DELETE FLAG" type="string"/>
      <AttributeDefinition name="SEC GROUPER FLAG" type="string"/>
      <AttributeDefinition name="SEC DOLLAR LEVEL FLAG" type="string"/>
      <AttributeDefinition name="SEC CONTRACT INQ FLAG" type="string"/>
      <AttributeDefinition name="SEC MANUAL PRICE FLAG" type="string"/>
      <AttributeDefinition name="SEC ALGS FLAG" type="string"/>
      <AttributeDefinition name="SEC GROUP ACCESS FLAG" type="string"/>
      <AttributeDefinition name="SEC GROUP TYPE FLAG" type="string"/>
      <AttributeDefinition name="SEC VENDOR UPDATE FLAG" type="string"/>
      <AttributeDefinition name="SEC REOPEN DENIAL FLAG" type="string"/>
      <AttributeDefinition name="SEC ADJUSTMENT FLAG" type="string"/>
      <AttributeDefinition name="SEC PAID CLAIM FLAG" type="string"/>
      <AttributeDefinition name="SEC AUTO RELEASE FLAG" type="string"/>
      <AttributeDefinition name="SEC JOURNAL ENTRY FLAG" type="string"/>
      <AttributeDefinition name="SEC MICROFILM REQUEST FLAG" type="string"/>
      <AttributeDefinition name="SEC MASS ADJ REQUEST FLAG" type="string"/>
      <AttributeDefinition name="SEC JE DOLLAR LEVEL FLAG" type="string"/>
      <AttributeDefinition name="SEC DENIAL CODE FLAG" type="string"/>
      <AttributeDefinition name="SEC KICKOUT CODE FLAG" type="string"/>
      <AttributeDefinition name="SEC GRPC SECURITY FLAG" type="string"/>
      <AttributeDefinition name="SEC PHYSICIAN ID FLAG" type="string"/>
      <AttributeDefinition name="SEC PERSONNEL FLAG" type="string"/>
      <AttributeDefinition name="SEC LOCATION STATUS FLAG" type="string"/>
      <AttributeDefinition name="SEC UR SCREEN FLAG" type="string"/>
      <AttributeDefinition name="SEC REVENUE CODE FLAG" type="string"/>
      <AttributeDefinition name="SEC ASSIGNMENT FLAG" type="string"/>
      <AttributeDefinition name="SEC TREATMENT PLAN FLAG" type="string"/>
      <AttributeDefinition name="SEC BENEFIT MAX TS FLAG" type="string"/>
      <AttributeDefinition name="FILLER6" type="string"/>
      <AttributeDefinition name="SEC NAME" type="string"/>
      <AttributeDefinition name="SEC UPDATE OPER" type="string"/>
      <AttributeDefinition name="SEC UPDATE DATE" type="string"/>
      <AttributeDefinition name="SEC DEPARTMENT CODE" type="string"/>
      <AttributeDefinition name="SEC ROLE TYPE" type="string"/>
      <AttributeDefinition name="SEC INITIAL DATE" type="string"/>
      <AttributeDefinition name="SEC TERMINATION DATE" type="string"/>
      <AttributeDefinition name="SEC USER SIGNON" type="string"/>
      <AttributeDefinition name="SEC IE IND" type="string"/>
      <AttributeDefinition name="SEC ENTITY" type="string"/>
      <AttributeDefinition name="SEC INITIAL OPER" type="string"/>
      <AttributeDefinition name="SEC STATUS" type="string"/>
      <AttributeDefinition name="SEC DEPARTMENT GROUP" type="string"/>
      <AttributeDefinition name="SEC PATH MODEL" type="string"/>
      <AttributeDefinition entitlement="true" managed="true" multi="true" name="Profile Code" type="string"/>
      <AttributeDefinition name="OPR RACF" type="string"/>
      <AttributeDefinition name="Probable Profile Codes" type="string"/>
    </Schema>
  </Schemas>
  <ApplicationScorecard>
    <Attributes>
      <Map>
        <entry key="dormantAccount" value="0"/>
        <entry key="inactiveAccount" value="0"/>
        <entry key="privilegedAccount" value="0"/>
        <entry key="riskyAccount" value="0"/>
        <entry key="serviceAccount" value="0"/>
        <entry key="totalEntitlements" value="0"/>
        <entry key="totalLinks" value="2"/>
        <entry key="violatorAccount" value="0"/>
      </Map>
    </Attributes>
  </ApplicationScorecard>
</Application>