<?xml version='1.0' encoding='UTF-8'?>
<!DOCTYPE Application PUBLIC "sailpoint.dtd" "sailpoint.dtd">
<Application connector="sailpoint.connector.DelimitedFileConnector" featuresString="DIRECT_PERMISSIONS, NO_RANDOM_ACCESS, DISCOVER_SCHEMA" icon="enterpriseIcon" name="ImageNow" type="DelimitedFile">
  <AccountCorrelationConfig>
    <Reference class="sailpoint.object.CorrelationConfig" name="EH_ImageNow_Correlation"/>
  </AccountCorrelationConfig>
  <Attributes>
    <Map>
      <entry key="acctAggregationEnd">
        <value>
          <Date>1524054932502</Date>
        </value>
      </entry>
      <entry key="acctAggregationStart">
        <value>
          <Date>1524054900349</Date>
        </value>
      </entry>
      <entry key="compositeDefinition"/>
      <entry key="delimiter" value=","/>
      <entry key="file" value="/apphome/sailpoint/CSVFILES/INPUT/IMAGENOW/Imagenow_UserList.csv"/>
      <entry key="filetransport" value="local"/>
      <entry key="filterEmptyRecords">
        <value>
          <Boolean>true</Boolean>
        </value>
      </entry>
      <entry key="filterString" value="STATUS i!=&quot;Active&quot; &amp;&amp; STATUS i!=&quot;Inactive&quot; || STATUS==null || USERNAME==null || GROUP_NAME==null"/>
      <entry key="group.filetransport" value="local"/>
      <entry key="group.filterEmptyRecords">
        <value>
          <Boolean>true</Boolean>
        </value>
      </entry>
      <entry key="group.partitionMode" value="auto"/>
      <entry key="hasHeader">
        <value>
          <Boolean>true</Boolean>
        </value>
      </entry>
      <entry key="indexColumn" value="USERNAME"/>
      <entry key="isCaseInsensitiveMerge">
        <value>
          <Boolean>true</Boolean>
        </value>
      </entry>
      <entry key="isSortedByIndexColumn">
        <value>
          <Boolean/>
        </value>
      </entry>
      <entry key="mergeColumns">
        <value>
          <List>
            <String>GROUP_NAME</String>
          </List>
        </value>
      </entry>
      <entry key="mergeRows">
        <value>
          <Boolean>true</Boolean>
        </value>
      </entry>
      <entry key="nativeChangeDetectionAttributeScope" value="entitlements"/>
      <entry key="nativeChangeDetectionAttributes"/>
      <entry key="nativeChangeDetectionEnabled">
        <value>
          <Boolean/>
        </value>
      </entry>
      <entry key="nativeChangeDetectionOperations"/>
      <entry key="parseType" value="delimited"/>
      <entry key="partitionMode" value="auto"/>
      <entry key="preIterateRule" value="EH_ImageNow_PreiterateRule"/>
      <entry key="stopIfLineHasWrongColumnLength">
        <value>
          <Boolean/>
        </value>
      </entry>
      <entry key="sysDescriptions">
        <value>
          <Map>
            <entry key="en_US"/>
          </Map>
        </value>
      </entry>
      <entry key="templateApplication" value="DelimitedFile Template"/>
      <entry key="transportUser" value="spadmin"/>
      <entry key="transportUserPassword" value="1:p+qvPBo4Rig8PYlNWbr3Zg=="/>
    </Map>
  </Attributes>
  <Owner>
    <Reference class="sailpoint.object.Identity" name="ImageNow Owner"/>
  </Owner>
  <Schemas>
    <Schema displayAttribute="USERNAME" identityAttribute="USERNAME" nativeObjectType="account" objectType="account" permissionsRemediationModificationType="None">
      <AttributeDefinition name="LAST_NAME" type="string"/>
      <AttributeDefinition name="FIRST_NAME" type="string"/>
      <AttributeDefinition name="USERNAME" type="string"/>
      <AttributeDefinition entitlement="true" managed="true" multi="true" name="GROUP_NAME" type="string"/>
      <AttributeDefinition name="STATUS" type="string"/>
    </Schema>
  </Schemas>
  <ApplicationScorecard/>
</Application>