<?xml version='1.0' encoding='UTF-8'?>
<!DOCTYPE Application PUBLIC "sailpoint.dtd" "sailpoint.dtd">
<Application connector="sailpoint.connector.DelimitedFileConnector" featuresString="DIRECT_PERMISSIONS, NO_RANDOM_ACCESS, DISCOVER_SCHEMA" icon="enterpriseIcon" name="MCS Production" type="DelimitedFile">
  <Attributes>
    <Map>
      <entry key="acctAggregationEnd">
        <value>
          <Date>1524056991758</Date>
        </value>
      </entry>
      <entry key="acctAggregationStart">
        <value>
          <Date>1524056700484</Date>
        </value>
      </entry>
      <entry key="buildMapRule" value="EH_MCS_BuildMapRule"/>
      <entry key="compositeDefinition"/>
      <entry key="delimiter" value=","/>
      <entry key="file" value="/apphome/sailpoint/CSVFILES/INPUT/MCS/MCS_EXTR.CSV"/>
      <entry key="filetransport" value="local"/>
      <entry key="filterEmptyRecords">
        <value>
          <Boolean>true</Boolean>
        </value>
      </entry>
      <entry key="filterString" value="LAST NAME==null || LAST NAME==&quot;&quot; || FIRST NAME==null || FIRST NAME==&quot;&quot;|| DEPARTMENT==null || DEPARTMENT==&quot;&quot; || JOB LEVEL==null || JOB LEVEL==&quot;&quot; || OPR ID== null || USER ID==null ||OPR ID== &quot;&quot; || USER ID==&quot;&quot;"/>
      <entry key="group.filetransport" value="local"/>
      <entry key="group.filterEmptyRecords">
        <value>
          <Boolean>true</Boolean>
        </value>
      </entry>
      <entry key="group.partitionMode" value="auto"/>
      <entry key="hasHeader">
        <value>
          <Boolean>true</Boolean>
        </value>
      </entry>
      <entry key="isCaseInsensitiveMerge">
        <value>
          <Boolean/>
        </value>
      </entry>
      <entry key="isSortedByIndexColumn">
        <value>
          <Boolean/>
        </value>
      </entry>
      <entry key="mergeRows">
        <value>
          <Boolean/>
        </value>
      </entry>
      <entry key="nativeChangeDetectionAttributeScope" value="entitlements"/>
      <entry key="nativeChangeDetectionAttributes"/>
      <entry key="nativeChangeDetectionEnabled">
        <value>
          <Boolean/>
        </value>
      </entry>
      <entry key="nativeChangeDetectionOperations"/>
      <entry key="parseType" value="delimited"/>
      <entry key="partitionMode" value="auto"/>
      <entry key="preIterateRule" value="EH_MCS_PreiterateRule"/>
      <entry key="stopIfLineHasWrongColumnLength">
        <value>
          <Boolean/>
        </value>
      </entry>
      <entry key="sysDescriptions">
        <value>
          <Map>
            <entry key="en_US"/>
          </Map>
        </value>
      </entry>
      <entry key="templateApplication" value="DelimitedFile Template"/>
      <entry key="transportUser" value="spadmin"/>
      <entry key="transportUserPassword" value="1:p+qvPBo4Rig8PYlNWbr3Zg=="/>
    </Map>
  </Attributes>
  <CorrelationRule>
    <Reference class="sailpoint.object.Rule" name="EH_MCS_CorrelationRule"/>
  </CorrelationRule>
  <ManagedAttributeCustomizationRule>
    <Reference class="sailpoint.object.Rule" name="EH_SOX_Customization_Rule"/>
  </ManagedAttributeCustomizationRule>
  <Owner>
    <Reference class="sailpoint.object.Identity" name="spadmin"/>
  </Owner>
  <Schemas>
    <Schema displayAttribute="OPR RACF" identityAttribute="OPR RACF" nativeObjectType="account" objectType="account" permissionsRemediationModificationType="None">
      <AttributeDefinition name="LAST NAME" type="string"/>
      <AttributeDefinition name="FIRST NAME" type="string"/>
      <AttributeDefinition name="INITIAL" type="string"/>
      <AttributeDefinition name="OPR ID" type="string">
        <Description>MCS ID</Description>
      </AttributeDefinition>
      <AttributeDefinition name="SUBSCR ACC" type="string"/>
      <AttributeDefinition name="PROV ACC" type="string"/>
      <AttributeDefinition name="SALVAGE" type="string"/>
      <AttributeDefinition name="RECON ACC" type="string"/>
      <AttributeDefinition name="GROUP CAT" type="string"/>
      <AttributeDefinition name="CAT SVC" type="string"/>
      <AttributeDefinition name="GRP MSTR BILL" type="string"/>
      <AttributeDefinition name="SECURITY ACC" type="string"/>
      <AttributeDefinition name="CLAIMS ENTRY" type="string"/>
      <AttributeDefinition name="CLAIMS SERVICE" type="string"/>
      <AttributeDefinition name="MANUAL PROCESS" type="string"/>
      <AttributeDefinition name="FEE RATE" type="string"/>
      <AttributeDefinition name="DEPARTMENT" type="string"/>
      <AttributeDefinition name="JOB LEVEL" type="string"/>
      <AttributeDefinition name="USER ID" type="string"/>
      <AttributeDefinition name="GROUP MSTR" type="string"/>
      <AttributeDefinition name="HIGH CLAIM" type="string"/>
      <AttributeDefinition name="ALGS ACC" type="string"/>
      <AttributeDefinition entitlement="true" managed="true" multi="true" name="Profile Code" type="string"/>
      <AttributeDefinition name="OPR RACF" type="string"/>
      <AttributeDefinition name="Status" type="string"/>
      <AttributeDefinition name="Probable Profile Codes" type="string"/>
    </Schema>
  </Schemas>
  <ApplicationScorecard>
    <Attributes>
      <Map>
        <entry key="dormantAccount" value="0"/>
        <entry key="inactiveAccount" value="0"/>
        <entry key="privilegedAccount" value="0"/>
        <entry key="riskyAccount" value="0"/>
        <entry key="serviceAccount" value="0"/>
        <entry key="totalEntitlements" value="0"/>
        <entry key="totalLinks" value="2"/>
        <entry key="violatorAccount" value="0"/>
      </Map>
    </Attributes>
  </ApplicationScorecard>
</Application>