<?xml version='1.0' encoding='UTF-8'?>
<!DOCTYPE Application PUBLIC "sailpoint.dtd" "sailpoint.dtd">
<Application authoritative="true" connector="sailpoint.connector.DelimitedFileConnector" featuresString="DIRECT_PERMISSIONS, NO_RANDOM_ACCESS, DISCOVER_SCHEMA" icon="enterpriseIcon" name="PeopleSoft_HR" type="DelimitedFile">
  <Attributes>
    <Map>
      <entry key="acctAggregationEnd">
        <value>
          <Date>1524122410274</Date>
        </value>
      </entry>
      <entry key="acctAggregationStart">
        <value>
          <Date>1524122401601</Date>
        </value>
      </entry>
      <entry key="buildMapRule" value="EH_PeopleSoft_HR_BuildMapRule"/>
      <entry key="compositeDefinition"/>
      <entry key="delimiter" value=";"/>
      <entry key="file" value="/apphome/sailpoint/CSVFILES/INPUT/PEOPLESOFT_HR/Emblem_Changes.txt"/>
      <entry key="filetransport" value="local"/>
      <entry key="filterEmptyRecords">
        <value>
          <Boolean>true</Boolean>
        </value>
      </entry>
      <entry key="filterString" value="EMPLID == null || EMPLID == &quot;&quot; || EMPLID  == 0 || FIRST_NAME == null || FIRST_NAME == &quot;&quot; || LAST_NAME == null || LAST_NAME == &quot;&quot; || EMPL_STATUS == null || EMPL_STATUS == &quot;&quot; || HIRE_DT == null || HIRE_DT == &quot;&quot; || ZIP == null || ZIP == &quot;&quot; || ZIP == 0 || DEPTID == null || DEPTID == &quot;&quot; || EMPL_STATUS i!= &quot;A&quot; &amp;&amp; EMPL_STATUS i!= &quot;L&quot; &amp;&amp; EMPL_STATUS i!= &quot;P&quot; &amp;&amp; EMPL_STATUS i!= &quot;D&quot; &amp;&amp; EMPL_STATUS i!= &quot;R&quot; &amp;&amp; EMPL_STATUS i!= &quot;T&quot;"/>
      <entry key="group.filetransport" value="local"/>
      <entry key="group.filterEmptyRecords">
        <value>
          <Boolean>true</Boolean>
        </value>
      </entry>
      <entry key="group.partitionMode" value="auto"/>
      <entry key="hasHeader">
        <value>
          <Boolean>true</Boolean>
        </value>
      </entry>
      <entry key="isCaseInsensitiveMerge">
        <value>
          <Boolean/>
        </value>
      </entry>
      <entry key="isSortedByIndexColumn">
        <value>
          <Boolean/>
        </value>
      </entry>
      <entry key="managerCorrelationFilter">
        <value>
          <Filter operation="EQ" property="name" value="MANAGER_EMPLID"/>
        </value>
      </entry>
      <entry key="mergeRows">
        <value>
          <Boolean/>
        </value>
      </entry>
      <entry key="nativeChangeDetectionAttributeScope" value="entitlements"/>
      <entry key="nativeChangeDetectionAttributes"/>
      <entry key="nativeChangeDetectionEnabled">
        <value>
          <Boolean/>
        </value>
      </entry>
      <entry key="nativeChangeDetectionOperations"/>
      <entry key="parseType" value="delimited"/>
      <entry key="partitionMode" value="auto"/>
      <entry key="preIterateRule" value="EH_PeopleSoft_HR_PreiterateRule_Ongoing"/>
      <entry key="stopIfLineHasWrongColumnLength">
        <value>
          <Boolean/>
        </value>
      </entry>
      <entry key="sysDescriptions">
        <value>
          <Map>
            <entry key="en_US"/>
          </Map>
        </value>
      </entry>
      <entry key="templateApplication" value="DelimitedFile Template"/>
      <entry key="transportUser" value="spadmin"/>
      <entry key="transportUserPassword" value="1:p+qvPBo4Rig8PYlNWbr3Zg=="/>
    </Map>
  </Attributes>
  <CreationRule>
    <Reference class="sailpoint.object.Rule" name="EH_PeopleSoft_HR_CreationRule"/>
  </CreationRule>
  <Owner>
    <Reference class="sailpoint.object.Identity" name="spadmin"/>
  </Owner>
  <Schemas>
    <Schema displayAttribute="EMPLID" identityAttribute="EMPLID" nativeObjectType="account" objectType="account" permissionsRemediationModificationType="None">
      <AttributeDefinition name="NETWORK_ID" type="string"/>
      <AttributeDefinition name="EMPLID" type="string"/>
      <AttributeDefinition name="FIRST_NAME" type="string"/>
      <AttributeDefinition name="LAST_NAME" type="string"/>
      <AttributeDefinition name="MIDDLE_NAME" type="string"/>
      <AttributeDefinition name="ADDRESS" type="string"/>
      <AttributeDefinition name="CITY" type="string"/>
      <AttributeDefinition name="STATE" type="string"/>
      <AttributeDefinition name="ZIP" type="string"/>
      <AttributeDefinition name="JOB_TITLE" type="string"/>
      <AttributeDefinition name="EMPL_STATUS" type="string"/>
      <AttributeDefinition name="FULL_PART_TIME" type="string"/>
      <AttributeDefinition name="PER_STATUS" type="string"/>
      <AttributeDefinition name="HIRE_DT" type="string"/>
      <AttributeDefinition name="TERM_DT" type="string"/>
      <AttributeDefinition name="BUSINESS_UNIT" type="string"/>
      <AttributeDefinition name="DEPTID" type="string"/>
      <AttributeDefinition name="DEPT_DESCR" type="string"/>
      <AttributeDefinition name="LOCATION_DESCR" type="string"/>
      <AttributeDefinition name="FLOOR" type="string"/>
      <AttributeDefinition name="BUSN_FULL_PHONE" type="string"/>
      <AttributeDefinition name="MANAGER_EMPLID" type="string"/>
      <AttributeDefinition name="MANAGER_NAME" type="string"/>
      <AttributeDefinition name="EMPLOYEE_PREFERRED_NAME" type="string"/>
      <AttributeDefinition name="FAX_PHONE" type="string"/>
      <AttributeDefinition name="SSN_FOUR" type="string"/>
      <AttributeDefinition name="DOB" type="string"/>
      <AttributeDefinition name="HP_POSTAL" type="string"/>
      <AttributeDefinition name="UNION_CD" type="string"/>
      <AttributeDefinition name="JOB_FUNCTION" type="string"/>
      <AttributeDefinition name="DIVISION" type="string"/>
      <AttributeDefinition name="DIVISION_DESCR" type="string"/>
      <AttributeDefinition name="HP_LEADERS" type="string"/>
      <AttributeDefinition name="Home_Address" type="string"/>
      <AttributeDefinition name="Home_City" type="string"/>
      <AttributeDefinition name="Home_State" type="string"/>
      <AttributeDefinition name="Home_Country" type="string"/>
      <AttributeDefinition name="CAREER_LEVEL" type="string"/>
      <AttributeDefinition name="DEPT_ROLLUP" type="string"/>
      <AttributeDefinition name="Home_email" type="string"/>
      <AttributeDefinition name="Other_email" type="string"/>
      <AttributeDefinition name="Business_Phone" type="string"/>
      <AttributeDefinition name="Business_Phone_Ext" type="string"/>
      <AttributeDefinition name="Work_country_code" type="string"/>
      <AttributeDefinition name="Home_phone" type="string"/>
      <AttributeDefinition name="Home_country_code" type="string"/>
      <AttributeDefinition name="Mobile_Phone" type="string"/>
      <AttributeDefinition name="Country_code" type="string"/>
      <AttributeDefinition name="Mobile_Phone_2" type="string"/>
      <AttributeDefinition name="Country_code_2" type="string"/>
      <AttributeDefinition name="cell_phone1" type="string"/>
      <AttributeDefinition name="cell_country_code" type="string"/>
      <AttributeDefinition name="other_phone1" type="string"/>
      <AttributeDefinition name="other_country_code" type="string"/>
      <AttributeDefinition name="SMS_Device_1" type="string"/>
      <AttributeDefinition name="Country_code_SMS1" type="string"/>
      <AttributeDefinition name="SMS_Device_2" type="string"/>
      <AttributeDefinition name="Country_code_SMS2" type="string"/>
      <AttributeDefinition name="EA_EMAIL_ADDR" type="string"/>
      <AttributeDefinition name="Grade" type="string"/>
      <AttributeDefinition name="Officer Cd" type="string"/>
      <AttributeDefinition name="source" type="string"/>
      <AttributeDefinition name="employeeType" type="string"/>
      <AttributeDefinition name="employeeStatus" type="string"/>
      <AttributeDefinition name="company" type="string"/>
    </Schema>
  </Schemas>
  <ApplicationScorecard/>
</Application>