<?xml version='1.0' encoding='UTF-8'?>
<!DOCTYPE Application PUBLIC "sailpoint.dtd" "sailpoint.dtd">
<Application connector="sailpoint.connector.DelimitedFileConnector" featuresString="DIRECT_PERMISSIONS, NO_RANDOM_ACCESS, DISCOVER_SCHEMA" icon="enterpriseIcon" name="QCare Production QPNY" type="DelimitedFile">
  <AccountCorrelationConfig>
    <Reference class="sailpoint.object.CorrelationConfig" name="EH_QCare_Correlation"/>
  </AccountCorrelationConfig>
  <Attributes>
    <Map>
      <entry key="acctAggregationEnd">
        <value>
          <Date>1524116090949</Date>
        </value>
      </entry>
      <entry key="acctAggregationStart">
        <value>
          <Date>1524115800531</Date>
        </value>
      </entry>
      <entry key="buildMapRule" value="EH_QCare_BuildMapRule"/>
      <entry key="compositeDefinition"/>
      <entry key="delimiter" value=","/>
      <entry key="file" value="/apphome/sailpoint/CSVFILES/INPUT/QCARE_QPNY/HMO_QPNY_EXTR.CSV"/>
      <entry key="filetransport" value="local"/>
      <entry key="filterEmptyRecords">
        <value>
          <Boolean>true</Boolean>
        </value>
      </entry>
      <entry key="filterString" value="OPER ID== null || SIGNON==null || OPER ID== &quot;&quot;|| SIGNON==&quot;&quot;|| DEPT==null || DEPT==&quot;&quot; || NAME==null || NAME==&quot;&quot;|| TERM DATE==null || TERM DATE==&quot;&quot; || DEFAULT SITE==null || DEFAULT SITE==&quot;&quot; || HIP TITLE==null || HIP TITLE==&quot;&quot; || HIP FUNCTION==null || HIP FUNCTION==&quot;&quot; || SECURITY LEVEL==null || SECURITY LEVEL==&quot;&quot;"/>
      <entry key="group.filetransport" value="local"/>
      <entry key="group.filterEmptyRecords">
        <value>
          <Boolean>true</Boolean>
        </value>
      </entry>
      <entry key="group.partitionMode" value="auto"/>
      <entry key="hasHeader">
        <value>
          <Boolean>true</Boolean>
        </value>
      </entry>
      <entry key="isCaseInsensitiveMerge">
        <value>
          <Boolean/>
        </value>
      </entry>
      <entry key="isSortedByIndexColumn">
        <value>
          <Boolean/>
        </value>
      </entry>
      <entry key="mergeRows">
        <value>
          <Boolean/>
        </value>
      </entry>
      <entry key="nativeChangeDetectionAttributeScope" value="entitlements"/>
      <entry key="nativeChangeDetectionAttributes"/>
      <entry key="nativeChangeDetectionEnabled">
        <value>
          <Boolean/>
        </value>
      </entry>
      <entry key="nativeChangeDetectionOperations"/>
      <entry key="parseType" value="delimited"/>
      <entry key="partitionMode" value="auto"/>
      <entry key="preIterateRule" value="EH_QCare_PreiterateRule"/>
      <entry key="stopIfLineHasWrongColumnLength">
        <value>
          <Boolean/>
        </value>
      </entry>
      <entry key="sysDescriptions">
        <value>
          <Map>
            <entry key="en_US"/>
          </Map>
        </value>
      </entry>
      <entry key="templateApplication" value="DelimitedFile Template"/>
      <entry key="transportUser" value="spadmin"/>
      <entry key="transportUserPassword" value="1:p+qvPBo4Rig8PYlNWbr3Zg=="/>
    </Map>
  </Attributes>
  <ManagedAttributeCustomizationRule>
    <Reference class="sailpoint.object.Rule" name="EH_QCare_ManagedAttribute_Customization_Rule"/>
  </ManagedAttributeCustomizationRule>
  <Owner>
    <Reference class="sailpoint.object.Identity" name="spadmin"/>
  </Owner>
  <Schemas>
    <Schema displayAttribute="SIGNON" identityAttribute="SIGNON" nativeObjectType="account" objectType="account" permissionsRemediationModificationType="None">
      <AttributeDefinition name="OPER ID" type="string"/>
      <AttributeDefinition name="SIGNON" type="string"/>
      <AttributeDefinition entitlement="true" managed="true" name="DEPT" type="string"/>
      <AttributeDefinition name="NAME" type="string"/>
      <AttributeDefinition name="TERM DATE" type="string"/>
      <AttributeDefinition name="DEFAULT SITE" type="string"/>
      <AttributeDefinition name="SECURITY LEVEL" type="string"/>
      <AttributeDefinition name="SECURITY CLASS" type="string"/>
      <AttributeDefinition name="FILLER" type="string"/>
      <AttributeDefinition name="TITLE" type="string"/>
      <AttributeDefinition name="HIP-TITLE" type="string"/>
      <AttributeDefinition name="HIP FUNCTION" type="string"/>
      <AttributeDefinition name="Status" type="string"/>
    </Schema>
  </Schemas>
  <ApplicationScorecard/>
</Application>