<?xml version='1.0' encoding='UTF-8'?>
<!DOCTYPE Application PUBLIC "sailpoint.dtd" "sailpoint.dtd">
<Application connector="sailpoint.connector.DelimitedFileConnector" featuresString="DIRECT_PERMISSIONS, NO_RANDOM_ACCESS, DISCOVER_SCHEMA" icon="enterpriseIcon" name="RACF HMO" type="DelimitedFile">
  <AccountCorrelationConfig>
    <Reference class="sailpoint.object.CorrelationConfig" name="EH_RACF_Correlation"/>
  </AccountCorrelationConfig>
  <Attributes>
    <Map>
      <entry key="acctAggregationEnd">
        <value>
          <Date>1524117648516</Date>
        </value>
      </entry>
      <entry key="acctAggregationStart">
        <value>
          <Date>1524117600478</Date>
        </value>
      </entry>
      <entry key="buildMapRule" value="EH_RACF_BuildMapRule"/>
      <entry key="compositeDefinition"/>
      <entry key="delimiter" value=","/>
      <entry key="file" value="/apphome/sailpoint/CSVFILES/INPUT/RACF_HMO/HMO_RACF_EXTR.CSV"/>
      <entry key="filetransport" value="local"/>
      <entry key="filterEmptyRecords">
        <value>
          <Boolean>true</Boolean>
        </value>
      </entry>
      <entry key="filterString" value="USBD_SPECIAL==null || USBD_SPECIAL==&quot;&quot; || USBD_PWD_INTERVAL==null || USBD_PWD_INTERVAL==&quot;&quot; || USBD_NAME==null || USBD_NAME==&quot;&quot; || USBD_REVOKE==null || USBD_REVOKE==&quot;&quot; || USBD_DEFGRP_ID==null || USBD_DEFGRP_ID==&quot;&quot; || USBD_INSTALL_DATA==null ||USBD_INSTALL_DATA==&quot;&quot; || USBD_REVOKE i!=&quot;YES&quot; &amp;&amp; USBD_REVOKE i!=&quot;NO&quot; "/>
      <entry key="group.filetransport" value="local"/>
      <entry key="group.filterEmptyRecords">
        <value>
          <Boolean>true</Boolean>
        </value>
      </entry>
      <entry key="group.partitionMode" value="auto"/>
      <entry key="hasHeader">
        <value>
          <Boolean>true</Boolean>
        </value>
      </entry>
      <entry key="indexColumn" value="Installation Data"/>
      <entry key="isCaseInsensitiveMerge">
        <value>
          <Boolean>true</Boolean>
        </value>
      </entry>
      <entry key="isSortedByIndexColumn">
        <value>
          <Boolean/>
        </value>
      </entry>
      <entry key="mergeColumns">
        <value>
          <List>
            <String>User ID</String>
          </List>
        </value>
      </entry>
      <entry key="mergeRows">
        <value>
          <Boolean/>
        </value>
      </entry>
      <entry key="nativeChangeDetectionAttributeScope" value="entitlements"/>
      <entry key="nativeChangeDetectionAttributes"/>
      <entry key="nativeChangeDetectionEnabled">
        <value>
          <Boolean/>
        </value>
      </entry>
      <entry key="nativeChangeDetectionOperations"/>
      <entry key="parseType" value="delimited"/>
      <entry key="partitionMode" value="auto"/>
      <entry key="preIterateRule" value="EH_RACF_PreiterateRule"/>
      <entry key="stopIfLineHasWrongColumnLength">
        <value>
          <Boolean/>
        </value>
      </entry>
      <entry key="sysDescriptions">
        <value>
          <Map>
            <entry key="en_US"/>
          </Map>
        </value>
      </entry>
      <entry key="templateApplication" value="DelimitedFile Template"/>
      <entry key="transportUser" value="spadmin"/>
      <entry key="transportUserPassword" value="1:p+qvPBo4Rig8PYlNWbr3Zg=="/>
    </Map>
  </Attributes>
  <ManagedAttributeCustomizationRule>
    <Reference class="sailpoint.object.Rule" name="EH_SOX_Customization_Rule"/>
  </ManagedAttributeCustomizationRule>
  <Owner>
    <Reference class="sailpoint.object.Identity" name="spadmin"/>
  </Owner>
  <Schemas>
    <Schema displayAttribute="USBD_NAME" identityAttribute="USBD_NAME" nativeObjectType="account" objectType="account" permissionsRemediationModificationType="None">
      <AttributeDefinition name="USBD_NAME" type="string"/>
      <AttributeDefinition name="USBD_SPECIAL" type="string"/>
      <AttributeDefinition name="USBD_REVOKE" type="string"/>
      <AttributeDefinition name="USBD_PWD_INTERVAL" type="string"/>
      <AttributeDefinition name="USBD_PROGRAMMER" type="string"/>
      <AttributeDefinition entitlement="true" managed="true" multi="true" name="USBD_DEFGRP_ID" type="string"/>
      <AttributeDefinition name="USBD_INSTALL_DATA" type="string"/>
    </Schema>
  </Schemas>
  <ApplicationScorecard/>
</Application>