<?xml version='1.0' encoding='UTF-8'?>
<!DOCTYPE Application PUBLIC "sailpoint.dtd" "sailpoint.dtd">
<Application authoritative="true" connector="sailpoint.connector.DelimitedFileConnector" featuresString="DIRECT_PERMISSIONS, NO_RANDOM_ACCESS, DISCOVER_SCHEMA" icon="enterpriseIcon" name="Vendor_ADFeed" type="DelimitedFile">
  <Attributes>
    <Map>
      <entry key="acctAggregationEnd">
        <value>
          <Date>1500111832772</Date>
        </value>
      </entry>
      <entry key="acctAggregationStart">
        <value>
          <Date>1500111832570</Date>
        </value>
      </entry>
      <entry key="buildMapRule" value="EH_ADVendor_BuildMapRule"/>
      <entry key="compositeDefinition"/>
      <entry key="delimiter" value=","/>
      <entry key="file" value="/apphome/sailpoint/CSVFILES/INPUT/VENDOR/Vendor_Feed_Update_Term07152017.csv"/>
      <entry key="filetransport" value="local"/>
      <entry key="filterEmptyRecords">
        <value>
          <Boolean>true</Boolean>
        </value>
      </entry>
      <entry key="group.filetransport" value="local"/>
      <entry key="group.filterEmptyRecords">
        <value>
          <Boolean>true</Boolean>
        </value>
      </entry>
      <entry key="group.partitionMode" value="auto"/>
      <entry key="hasHeader">
        <value>
          <Boolean>true</Boolean>
        </value>
      </entry>
      <entry key="isCaseInsensitiveMerge">
        <value>
          <Boolean/>
        </value>
      </entry>
      <entry key="isSortedByIndexColumn">
        <value>
          <Boolean/>
        </value>
      </entry>
      <entry key="managerCorrelationFilter">
        <value>
          <Filter operation="EQ"/>
        </value>
      </entry>
      <entry key="mergeRows">
        <value>
          <Boolean/>
        </value>
      </entry>
      <entry key="nativeChangeDetectionAttributeScope" value="entitlements"/>
      <entry key="nativeChangeDetectionAttributes"/>
      <entry key="nativeChangeDetectionEnabled">
        <value>
          <Boolean/>
        </value>
      </entry>
      <entry key="nativeChangeDetectionOperations"/>
      <entry key="parseType" value="delimited"/>
      <entry key="partitionMode" value="auto"/>
      <entry key="stopIfLineHasWrongColumnLength">
        <value>
          <Boolean/>
        </value>
      </entry>
      <entry key="sysDescriptions">
        <value>
          <Map>
            <entry key="en_US"/>
          </Map>
        </value>
      </entry>
      <entry key="templateApplication" value="DelimitedFile Template"/>
      <entry key="transportUser" value="spadmin"/>
      <entry key="transportUserPassword" value="1:p+qvPBo4Rig8PYlNWbr3Zg=="/>
    </Map>
  </Attributes>
  <CreationRule>
    <Reference class="sailpoint.object.Rule" name="EH_ADVendor_CreationRule"/>
  </CreationRule>
  <ManagerCorrelationRule>
    <Reference class="sailpoint.object.Rule" name="EH_ADFeed_ManagerCorrelationRule"/>
  </ManagerCorrelationRule>
  <Owner>
    <Reference class="sailpoint.object.Identity" name="spadmin"/>
  </Owner>
  <Schemas>
    <Schema displayAttribute="employeeID" identityAttribute="employeeID" nativeObjectType="account" objectType="account" permissionsRemediationModificationType="None">
      <AttributeDefinition name="sAMAccountName" type="string"/>
      <AttributeDefinition name="displayName" type="string"/>
      <AttributeDefinition name="givenName" type="string"/>
      <AttributeDefinition name="sn" type="string"/>
      <AttributeDefinition name="intials" type="string"/>
      <AttributeDefinition name="mail" type="string"/>
      <AttributeDefinition name="employeeID" type="string"/>
      <AttributeDefinition name="telephoneNumber" type="string"/>
      <AttributeDefinition name="manager" type="string"/>
      <AttributeDefinition name="company" type="string"/>
      <AttributeDefinition name="whenCreated" type="string"/>
      <AttributeDefinition name="physicalDeliveryOfficeName" type="string"/>
      <AttributeDefinition name="description" type="string"/>
      <AttributeDefinition name="department" type="string"/>
      <AttributeDefinition name="title" type="string"/>
      <AttributeDefinition name="accountExpires" type="string"/>
      <AttributeDefinition name="userAccountControl" type="string"/>
      <AttributeDefinition name="source" type="string"/>
      <AttributeDefinition name="employeeType" type="string"/>
      <AttributeDefinition name="employeeStatus" type="string"/>
      <AttributeDefinition name="vendorID" type="string"/>
      <AttributeDefinition name="offshoreEmp" type="string"/>
      <AttributeDefinition name="userStatus" type="string"/>
      <AttributeDefinition name="companyCode" type="string"/>
    </Schema>
  </Schemas>
  <ApplicationScorecard/>
</Application>