<?xml version='1.0' encoding='UTF-8'?>
<!DOCTYPE QuickLink PUBLIC "sailpoint.dtd" "sailpoint.dtd">
<QuickLink action="workflow" category="Vendor" messageKey="Create Vendor" name="Create Vendor" ordering="1">
  <Attributes>
    <Map>
      <entry key="identityName">
        <value>
          <Script>
            <Source>
            //return context.getUserName();
            </Source>
          </Script>
        </value>
      </entry>
      <entry key="requestorType">
        <value>
          <Script>
            <Source>
            import sailpoint.object.*;
            String loggedInUserType = null;
            Identity user = context.getObjectByName(Identity.class,context.getUserName());
            List userWG = user.getWorkgroups();
            if(userWG != null &amp;&amp; !userWG.isEmpty())
              {
              	for(int i=0;i&lt;userWG.size();i++)
              	{
              		Identity workgroup = (Identity)userWG.get(i);
              		if(workgroup.getName().equals("EH_Helpdesk"))
              		{
              			loggedInUserType = "HELPDESK";
              			break;
              		}
									else
              			continue;
              	}
              }
              userWG = null; //Cleanup
              
              if(loggedInUserType == null) //User is not HD
              {
              	List capabilities = user.getCapabilities();
              	
              	for(Capability c: capabilities)
              	{
              		if(c.getName().equals("SystemAdministrator"))
              			loggedInUserType = "SYSADMIN";
              	}
              	capabilities = null; //Cleanup
              
              	if(loggedInUserType == null)
              	{
              		String empType = user.getAttribute("employeeType");
              		if(empType != null &amp;&amp; empType.equals("Cognizant Associate"))
              			loggedInUserType = "CTS";
              		else if(empType != null &amp;&amp; empType.equals("Employee"))
              			loggedInUserType = "EH";
              	}
              }
              
              
              context.decache(); //Cleanup
              return loggedInUserType;
              
            </Source>
          </Script>
        </value>
      </entry>
      <entry key="workflowName" value="Vendor - Lifecycle Event - Joiner"/>
    </Map>
  </Attributes>
  <QuickLinkOptions allowSelf="true">
    <DynamicScopeRef>
      <Reference class="sailpoint.object.DynamicScope" name="Vendor Relationship Manager"/>
    </DynamicScopeRef>
  </QuickLinkOptions>
  <QuickLinkOptions allowSelf="true">
    <DynamicScopeRef>
      <Reference class="sailpoint.object.DynamicScope" name="Helpdesk Team"/>
    </DynamicScopeRef>
  </QuickLinkOptions>
</QuickLink>