<?xml version='1.0' encoding='UTF-8'?>
<!DOCTYPE QuickLink PUBLIC "sailpoint.dtd" "sailpoint.dtd">
<QuickLink action="workflow" category="ServiceAccountManagement" messageKey="Create AD Service Account" name="Create AD Service Account" ordering="1">
  <Attributes>
    <Map>
      <entry key="identityName">
        <value>
          <Script>
            <Source>
                return context.getUserName();
            </Source>
          </Script>
        </value>
      </entry>
      <entry key="requestorType">
        <value>
          <Script>
            <Source>
            	import sailpoint.object.Identity;
            	import sailpoint.object.Capability;
              
            	String loggedInUserType = null;
           	 	String loggedInUserName = context.getUserName();
            	Identity user = context.getObjectByName(Identity.class,loggedInUserName);
            
            	Identity infosecWorkGroup = context.getObjectByName(Identity.class,"EH_IDM_ADMIN");           	              
           
            	if(user.isInWorkGroup(infosecWorkGroup))
              	loggedInUserType = "INFOSEC";              	

              
              if(loggedInUserType == null) 
              {
              	List capabilities = user.getCapabilities();
              	Capability capability = context.getObjectByName(Capability.class,"SystemAdministrator");
              
              	if(capabilities != null &amp;&amp; !capabilities.isEmpty()) {
              		if(capabilities.contains(capability))
              			loggedInUserType = "SYSADMIN";
              	}
              
              }
							System.out.println("loggedInUserType in quicklink: "+ loggedInUserType);
              context.decache(); //Cleanup
              return loggedInUserType;
              
            </Source>
          </Script>
        </value>
      </entry>
      <entry key="workflowName" value="EH - Create Service Account Workflow"/>
    </Map>
  </Attributes>
  <QuickLinkOptions allowSelf="true">
    <DynamicScopeRef>
      <Reference class="sailpoint.object.DynamicScope" name="Everyone"/>
    </DynamicScopeRef>
  </QuickLinkOptions>
</QuickLink>