<?xml version='1.0' encoding='UTF-8'?>
<!DOCTYPE QuickLink PUBLIC "sailpoint.dtd" "sailpoint.dtd">
<QuickLink action="workflow" category="VendorCompany" messageKey="Create Vendor Company" name="Create Vendor Company" ordering="1">
  <Attributes>
    <Map>
      <entry key="identityName">
        <value>
          <Script>
            <Source>
							return context.getUserName();
						</Source>
          </Script>
        </value>
      </entry>
      <entry key="workflowName" value="VendorCompany - Lifecycle Event - Joiner"/>
    </Map>
  </Attributes>
  <QuickLinkOptions allowSelf="true">
    <DynamicScopeRef>
      <Reference class="sailpoint.object.DynamicScope" name="Procurement Team"/>
    </DynamicScopeRef>
  </QuickLinkOptions>
  <QuickLinkOptions allowSelf="true">
    <DynamicScopeRef>
      <Reference class="sailpoint.object.DynamicScope" name="Helpdesk Team"/>
    </DynamicScopeRef>
  </QuickLinkOptions>
</QuickLink>