<?xml version='1.0' encoding='UTF-8'?>
<!DOCTYPE QuickLink PUBLIC "sailpoint.dtd" "sailpoint.dtd">
<QuickLink action="workflow" category="Manage" messageKey="Immediate Termination" name="Immediate Termination" ordering="2">
  <Attributes>
    <Map>
      <entry key="identityName">
        <value>
          <Script>
            <Source>
              //return context.getUserName();
            </Source>
          </Script>
        </value>
      </entry>
      <entry key="workflowName" value="EH_Immediate_Terminate_Vendor_Workflow"/>
    </Map>
  </Attributes>
  <QuickLinkOptions allowSelf="true">
    <DynamicScopeRef>
      <Reference class="sailpoint.object.DynamicScope" name="Human Resources"/>
    </DynamicScopeRef>
  </QuickLinkOptions>
  <QuickLinkOptions allowSelf="true">
    <DynamicScopeRef>
      <Reference class="sailpoint.object.DynamicScope" name="Support Desk"/>
    </DynamicScopeRef>
  </QuickLinkOptions>
  <QuickLinkOptions allowSelf="true">
    <DynamicScopeRef>
      <Reference class="sailpoint.object.DynamicScope" name="Vendor Relationship Manager"/>
    </DynamicScopeRef>
  </QuickLinkOptions>
  <QuickLinkOptions allowSelf="true">
    <DynamicScopeRef>
      <Reference class="sailpoint.object.DynamicScope" name="Helpdesk Team"/>
    </DynamicScopeRef>
  </QuickLinkOptions>
</QuickLink>