<?xml version='1.0' encoding='UTF-8'?>
<!DOCTYPE QuickLink PUBLIC "sailpoint.dtd" "sailpoint.dtd">
<QuickLink action="workflow" category="Manage" messageKey="Last Name Update" name="Last Name Update" ordering="1">
  <Attributes>
    <Map>
      <entry key="identityName">
        <value>
          <Script>
            <Source>
						//	return context.getUserName();
						</Source>
          </Script>
        </value>
      </entry>
      <entry key="workflowName" value="EH_User_Last_Name_Update"/>
    </Map>
  </Attributes>
  <QuickLinkOptions allowSelf="true">
    <DynamicScopeRef>
      <Reference class="sailpoint.object.DynamicScope" name="Support Desk"/>
    </DynamicScopeRef>
  </QuickLinkOptions>
  <QuickLinkOptions allowSelf="true">
    <DynamicScopeRef>
      <Reference class="sailpoint.object.DynamicScope" name="Helpdesk Team"/>
    </DynamicScopeRef>
  </QuickLinkOptions>
</QuickLink>