<?xml version='1.0' encoding='UTF-8'?>
<!DOCTYPE QuickLink PUBLIC "sailpoint.dtd" "sailpoint.dtd">
<QuickLink action="workflow" category="ServiceAccountManagement" cssClass="quicklink-create-identity" messageKey="Manage AD Service Account" name="Manage AD Service Account" ordering="2">
  <Attributes>
    <Map>
      <entry key="workflowName" value="EH - ManageServiceAccounts"/>
    </Map>
  </Attributes>
  <QuickLinkOptions allowSelf="true">
    <DynamicScopeRef>
      <Reference class="sailpoint.object.DynamicScope" name="EH - Manage Service Account Scope"/>
    </DynamicScopeRef>
  </QuickLinkOptions>
</QuickLink>