<?xml version='1.0' encoding='UTF-8'?>
<!DOCTYPE QuickLink PUBLIC "sailpoint.dtd" "sailpoint.dtd">
<QuickLink action="workflow" category="VendorCompany" messageKey="Terminate Vendor Company" name="Terminate Vendor Company" ordering="3">
  <Attributes>
    <Map>
      <entry key="identityName">
        <value>
          <Script>
            <Source>
						//	return context.getUserName();
						</Source>
          </Script>
        </value>
      </entry>
      <entry key="workflowName" value="EH_Terminate_Vendor_Company"/>
    </Map>
  </Attributes>
  <QuickLinkOptions allowSelf="true">
    <DynamicScopeRef>
      <Reference class="sailpoint.object.DynamicScope" name="Procurement Team"/>
    </DynamicScopeRef>
  </QuickLinkOptions>
  <QuickLinkOptions allowSelf="true">
    <DynamicScopeRef>
      <Reference class="sailpoint.object.DynamicScope" name="Vendor Relationship Manager"/>
    </DynamicScopeRef>
  </QuickLinkOptions>
  <QuickLinkOptions allowSelf="true">
    <DynamicScopeRef>
      <Reference class="sailpoint.object.DynamicScope" name="Helpdesk Team"/>
    </DynamicScopeRef>
  </QuickLinkOptions>
</QuickLink>