<?xml version='1.0' encoding='UTF-8'?>
<!DOCTYPE QuickLink PUBLIC "sailpoint.dtd" "sailpoint.dtd">
<QuickLink action="workflow" category="EH_eVerify" messageKey="Verify User" name="VerifyUser">
  <Attributes>
    <Map>
      <entry key="workflowName" value="EH_eVerify Search User Workflow"/>
    </Map>
  </Attributes>
  <Description>quicklink_create_identity_desc</Description>
  <QuickLinkOptions allowSelf="true">
    <DynamicScopeRef>
      <Reference class="sailpoint.object.DynamicScope" name="Support Desk"/>
    </DynamicScopeRef>
  </QuickLinkOptions>
  <QuickLinkOptions allowSelf="true">
    <DynamicScopeRef>
      <Reference class="sailpoint.object.DynamicScope" name="Help Desk"/>
    </DynamicScopeRef>
  </QuickLinkOptions>
  <QuickLinkOptions allowSelf="true">
    <DynamicScopeRef>
      <Reference class="sailpoint.object.DynamicScope" name="Helpdesk Team"/>
    </DynamicScopeRef>
  </QuickLinkOptions>
</QuickLink>